source_id,claim_id,value_string,value_numeric,unit
4,1,13 inches,13.0,in
4,2,2408 x 1506,,text
4,3,false,0.0,boolean
4,4,Apple A18 Pro,,text
4,5,256 GB,256.0,gb
4,6,8 GB,8.0,gb
4,7,Apple A18 Pro 5-core GPU,,text
4,8,Display connection via USB port,,text
4,9,Lithium-ion,,text
4,10,false,,text
4,11,Apple,,text
4,12,MHFF4LL/A,,text
4,13,13-inch MacBook Neo Apple A18 Pro chip with 6‑core CPU and 5‑core GPU - 8GB Memory - 256GB SSD,,text
4,14,Indigo,,text
4,15,2026,2026.0,year
4,16,LED,,text
4,17,Apple,,text
4,4,Apple A18 Pro,,text
4,18,6,6.0,count
4,5,256 GB,256.0,gb
4,19,Not provided,,text
4,20,60 megahertz,60.0,mhz
4,21,Integrated,,text
4,22,Apple,,text
4,23,macOS,,text
4,24,"1 x USB-C 3.0, 1 x USB-C 2.0",,text
4,24,2,2.0,count
4,25,"Bluetooth, Wi-Fi",,text
4,26,true,,text
4,27,0.5 in,0.5,in
4,28,11.71 in,11.71,in
4,29,8.13 in,8.13,in
4,30,2.7 lb,2.7,lb
4,31,true,1.0,boolean
4,32,true,1.0,boolean
4,32,Gold,,text
4,33,Apple One (1) Year Limited Warranty,,text
4,34,Apple One (1) Year Limited Warranty,,text
4,35,195950852745,,text
4,36,13 inches,13.0,in
4,37,2408 x 1506,,text
4,38,false,0.0,boolean
4,39,Apple A18 Pro,,text
4,40,512 GB,512.0,gb
4,41,8 GB,8.0,gb
4,42,Apple A18 Pro 5-core GPU,,text
4,43,Display connection via USB port,,text
4,44,Lithium-ion,,text
4,45,false,,text
4,46,Apple,,text
4,47,MHFG4LL/A,,text
4,48,13-inch MacBook Neo Apple A18 Pro chip with 6‑core CPU and 5‑core GPU - 8GB Memory - 512GB SSD,,text
4,49,Indigo,,text
4,50,2026,2026.0,year
4,51,LED,,text
4,52,Apple,,text
4,39,Apple A18 Pro,,text
4,53,6,6.0,count
4,40,512 GB,512.0,gb
4,54,Not provided,,text
4,55,60 megahertz,60.0,mhz
4,56,Integrated,,text
4,57,Apple,,text
4,58,macOS,,text
4,59,"1 x USB-C 3.0, 1 x USB-C 2.0",,text
4,59,2,2.0,count
4,60,"Bluetooth, Wi-Fi",,text
4,61,true,,text
4,62,0.5 in,0.5,in
4,63,11.71 in,11.71,in
4,64,8.13 in,8.13,in
4,65,2.7 lb,2.7,lb
4,66,true,1.0,boolean
4,67,true,,text
4,67,Gold,,text
4,68,Apple One (1) Year Limited Warranty,,text
4,69,Apple One (1) Year Limited Warranty,,text
4,70,195950853216,,text
3,71,2.7 lb,2.7,lb
3,72,6,6.0,count
3,73,256 GB,256.0,gb
3,74,"1 Year Limited Warranty. To obtain a copy of the manufacturer's or supplier's warranty for this item prior to purchasing the item, please call Target Guest Services at 1-800-591-3869",,text
3,75,60 GHz,,ghz
3,76,2,2.0,count
3,77,Apple A18 Pro chip,,text
3,78,"Built-In Webcam, Built-In Bluetooth, Touchpad, Built-In Speaker",,text
3,79,No Backlit Keyboard,,text
3,80,Energy Star Certified,,text
3,81,New,,text
3,82,1080p,1080.0,p
3,83,"1 Lithium Ion, Required, Installed",1.0,wh
3,84,None,,text
3,85,"Power Adapter, USB-C Cable",,text
3,86,2408 x 1506,,text
3,84,None,,text
3,87,8 GB,8.0,gb
3,88,USB-C,,text
3,89,Built-In Microphone,,text
3,90,LPDDR4x,,text
3,91,"Bluetooth 5.3, Wi-Fi 7 (IEEE 802.11be)",,text
3,92,Apple A18 Pro 5-core GPU,,text
3,93,13 inches,13.0,in
3,94,.5 Inches (H) x 11.71 Inches (W) x 8.12 Inches (D),,in
3,95,Apple Silicon A-series,,text
3,96,3:2 Aspect Ratio,,text
3,97,macOS,,text
3,98,IPS,,text
3,78,"Home, Education",,text
3,99,false,0.0,boolean
3,100,Apple Intelligence,,text
3,101,"Apple MacBook Neo (A18 Pro, 2026)",,text
9,4,Apple A18 Pro,,text
9,6,8 GB,8.0,gb
9,5,256 GB,256.0,gb
9,30,2.7 lb,2.7,lb
9,102,500 nits,500.0,nit
9,2,2408 x 1506,,text
9,9,36.5 Wh,36.5,wh
9,7,Apple A18 Pro 5-core GPU,,text
9,1,13 inches,13.0,in
9,103,16:9,,text
9,19,Embedded DRAM,,text
9,104,SSD,,text
9,24,"1x USB-C 3.1/3.2 Gen 2, 1x USB-C 2.0",,text
9,105,"1x 1/8"" / 3.5 mm Headphone/Microphone Input/Output",,text
9,25,Wi-Fi 6,,text
9,106,Bluetooth 6.0,,text
9,26,User-Facing 1080p,,text
9,107,Lithium-Ion,,text
9,108,20 W with USB-C,20.0,w
9,109,"100 to 240 VAC, 50 / 60 Hz",,text
9,110,50 to 95,,text
9,111,ENERGY STAR,,text
9,112,11.71 x 8.12 x 0.5 inches,,in
7,4,Apple A18 Pro 6-Core,,text
7,6,8 GB,8.0,gb
7,5,256 GB,256.0,gb
7,30,2.7 lb,2.7,lb
7,102,500 nits,500.0,nit
7,2,2408 x 1506,,text
7,9,36.5 Wh,36.5,wh
7,14,Indigo,,text
7,113,Notebook Mac,,text
7,114,MacBook Neo,,text
7,12,MHFF4LL/A,,text
7,23,macOS,,text
7,21,Apple A18 Pro Chip 5-core GPU,,text
7,115,Shared,,text
7,116,Dual Speakers,,text
7,117,Dual-Mic Array with Directional Beamforming,,text
7,25,Wi-Fi 6,,text
7,106,Bluetooth 6.0,,text
7,105,3.5mm Headphone x1,,text
7,24,1 x USB 2.0 (Type-C),,text
7,24,1 x USB 3.2 (Gen 2 Type-C),,text
7,10,Magic Keyboard,,text
7,118,Multi-Touch Trackpad,,text
7,108,20W USB-C Power Adapter,20.0,w
7,119,16 hours,16.0,hr
7,120,50° to 95° F (10° to 35° C),,f
7,121,-13° to 113° F (-25° to 45° C),,f
7,31,true,1.0,text
7,28,11.71 in. (297.43 mm),,in
7,29,8.12 in. (206.25 mm),,in
7,27,0.50 in. (12.70 mm),,in
7,112,2.10 x 12.60 x 9.00 in. (53.34 x 320.04 x 228.60 mm),,in
7,122,004085,,text
7,12,MHFF4LL/A,,text
7,35,195950852745,,text
9,39,Apple A18 Pro,,text
9,41,8 GB,8.0,gb
9,40,512 GB,512.0,gb
9,65,2.7 lb,2.7,lb
9,123,500 nits,500.0,nit
9,37,2408 x 1506,,text
9,44,36.5 Wh,36.5,wh
9,42,Apple A18 Pro 5-core GPU,,text
9,54,Embedded DRAM,,text
9,124,SSD,,text
9,59,"1x USB-C 3.1/3.2 Gen 2, 1x USB-C 2.0",,text
9,125,"1x 1/8"" / 3.5 mm Headphone/Microphone Input/Output",,text
9,60,Wi-Fi 6,,text
9,126,Bluetooth 6.0,,text
9,61,User-Facing 1080p,,text
9,127,Lithium-Ion,,text
9,128,20 W with USB-C,20.0,w
9,129,"100 to 240 VAC, 50 / 60 Hz",,text
9,130,"11.71 x 8.12 x 0.5"" / 297.43 x 206.25 x 12.7 mm",,text
9,131,50 to 95°F / 10 to 35°C up to 90% Humidity,,f
9,132,ENERGY STAR,,text
9,133,Recycled aluminum,,text
9,134,16-Core Neural Engine,,text
9,45,Built-In Chiclet-Style Keyboard,,text
9,45,TouchPad,,text
7,39,Apple A18 Pro 6-Core,,text
7,41,8 GB,8.0,gb
7,40,512 GB,512.0,gb
7,65,2.7 lb,2.7,lb
7,123,500 nits,500.0,nit
7,37,2408 x 1506,,text
7,44,36.5 Wh,36.5,wh
7,49,Indigo,,text
7,58,macOS,,text
7,56,Apple A18 Pro Chip 5-core GPU,,text
7,61,Yes,,text
7,135,1080p,1080.0,p
7,136,Dual Speakers,,text
7,137,Dual-Mic Array with Directional Beamforming,,text
7,60,Wi-Fi 6,,text
7,126,Bluetooth 6.0,,text
7,59,"1 x USB 2.0 (Type-C), 1 x USB 3.2 (Gen 2 Type-C)",,text
7,125,3.5mm Headphone x1,,text
7,45,Magic Keyboard,,text
7,138,Force Touch Trackpad,,text
7,128,20W USB-C Power Adapter,20.0,w
7,139,16 hours,16.0,hr
7,140,50° to 95° F (10° to 35° C),,f
7,141,-13° to 113° F (-25° to 45° C),,f
7,66,true,1.0,text
7,63,11.71 in. (297.43 mm),,in
7,64,8.12 in. (206.25 mm),,in
7,62,0.50 in. (12.70 mm),,in
7,130,2.10 x 12.60 x 9.00 in. (53.34 x 320.04 x 228.60 mm),,in
7,142,004093,,text
7,47,MHFG4LL/A,,text
7,70,195950853216,,text
4,143,15.3 inches,15.3,in
4,144,2880 x 1864,,text
4,145,false,0.0,boolean
4,146,Apple M5 chip,,text
4,147,512 GB,512.0,gb
4,148,16 GB,16.0,gb
4,149,Apple M5 10-core GPU,,text
4,150,2 x Thunderbolt 4,,text
4,151,6-cell,6.0,wh
4,152,true,,text
4,153,Apple,,text
4,154,MDVH4LL/A,,text
4,155,15-inch MacBook Air - Apple M5 chip with 10-core CPU and 10-core GPU - 16GB Memory - 512GB SSD,,text
4,156,Midnight,,text
4,157,2026,2026.0,year
4,158,Apple,,text
4,146,Apple M5 chip,,text
4,159,10,10.0,count
4,147,512 GB,512.0,gb
4,160,Not provided,,text
4,161,Integrated,,text
4,162,Apple,,text
4,163,macOS,,text
4,164,2,2.0,count
4,165,true,,text
4,166,0.45 in,0.45,in
4,167,3.3 in,3.3,in
4,168,9.35 in,9.35,in
4,169,13.4 lb,13.4,lb
4,170,true,1.0,boolean
4,171,true,1.0,boolean
4,171,Gold,,text
4,172,Apple One (1) Year Limited Warranty,,text
4,173,Apple One (1) Year Limited Warranty,,text
4,174,195950697087,,text
4,175,IPS,,text
4,176,15.6 inches,15.6,in
4,177,1920 x 1080,,text
4,178,true,1.0,boolean
4,179,300 nits,300.0,nit
4,180,Intel 13th Generation Core i7,,text
4,181,512 GB,512.0,gb
4,182,16 GB,16.0,gb
4,183,Intel Iris Xe Graphics,,text
4,184,1 x HDMI 1.4,,text
4,185,3-cell,3.0,wh
4,186,false,,text
4,187,false,,text
4,188,HP,,text
4,189,15-fd0127dx,,text
4,190,"15.6"" Full HD Touch-Screen Laptop - Intel Core i7 1355U 2023 - 16GB Memory - 512GB SSD",,text
4,191,Natural Silver,,text
4,192,2025,2025.0,year
4,175,LED,,text
4,193,45 percent,45.0,percent
4,194,Intel,,text
4,180,Intel Core i7-1355U,,text
4,195,5 GHz,5.0,ghz
4,196,10,10.0,count
4,197,L3,,text
4,197,12 megabytes,12.0,mb
4,181,512 GB,512.0,gb
4,198,SSD,,text
4,199,DDR4,,text
4,200,3200 MHz,3200.0,mhz
4,201,Integrated,,text
4,202,Intel,,text
4,203,Windows 11 Home,,text
4,204,1,1.0,count
4,205,"1 x USB-C 3.0, 2 x USB-A 3.0",,text
4,205,3,3.0,count
4,206,true,1.0,text
4,207,true,1.0,boolean
4,208,"Bluetooth, Wi-Fi",,text
4,209,Wi-Fi 6,,text
4,210,0,0.0,count
4,211,Air,,text
4,212,45 watts,45.0,w
4,213,true,,text
4,214,720p,720.0,p
4,207,true,1.0,boolean
4,215,false,0.0,boolean
4,216,HD Audio,,text
4,216,Stereo,,text
4,217,Privacy camera,,text
4,218,0.73 in,0.73,in
4,219,14.17 in,14.17,in
4,220,9.29 in,9.29,in
4,221,3.52 lb,3.52,lb
4,222,true,1.0,boolean
4,223,true,1.0,boolean
4,223,Gold,,text
4,224,"HP Support Assistant, myHP, HP BIOS Protection, and more.",,text
4,198,None,,text
4,187,true,,text
4,225,1 year,,text
4,226,1 year,,text
4,227,198828898210,,text
9,146,Apple M5 chip,,text
9,148,16 GB,16.0,gb
9,147,512 GB,512.0,gb
9,169,3.3 lb,3.3,lb
9,228,500 nits,500.0,nit
9,144,2880 x 1864,,text
9,151,66.5 Wh,66.5,wh
9,149,Apple M5 10-core GPU,,text
9,160,Embedded DRAM,,text
9,229,SSD,,text
9,230,2x USB-C (Thunderbolt 4) / Supports Power Delivery,,text
9,231,Wi-Fi 7,,text
9,232,Bluetooth 6.0,,text
9,165,12 MP (1080p),,text
9,233,Lithium-Ion Polymer (LiPo),,text
9,234,40 W with Magsafe,40.0,w
9,235,13.4 x 9.35 x 0.45 inches,,in
9,163,macOS,,text
9,236,Fingerprint Reader,,text
9,237,ENERGY STAR,,text
1,180,"Intel Core i7-1355U (up to 5.0 GHz, 12 MB L3 cache, 10 cores, 12 threads)",,text
1,182,16 GB,16.0,gb
1,181,512 GB,512.0,gb
1,221,3.86 lb,3.86,lb
1,179,250 nits,250.0,nit
1,177,1920 x 1080,,text
1,189,HP 2025,,text
1,203,Windows 11 Home,,text
1,183,Integrated,,text
1,175,LED,,text
1,175,LED,,text
1,238,60 Hz,60.0,hz
1,213,Yes,,text
1,187,"Full-size, backlit, numeric keypad",,text
1,239,"1 USB Type-C, 2 USB Type-A, 1 AC smart pin, 1 HDMI 2.1, 1 headphone/microphone combo",,text
1,208,"Bluetooth 5.3, Wi-Fi 6",,text
1,240,14.18 x 9.21 x 0.73 in,,in
1,197,80 KB,0.078125,mb
1,197,2 MB,2.0,mb
1,197,12 megabytes,12.0,mb
1,199,DDR4,,text
1,200,2666 MHz,2666.0,mhz
1,241,2,2.0,count
1,201,SODIMM,,text
1,186,Clamshell,,text
1,216,Headphones,,text
1,188,hp laptop,,text
1,227,198828898210,,text
4,242,IPS,,text
4,243,15.6 inches,15.6,in
4,244,1920 x 1080,,text
4,245,false,0.0,boolean
4,246,144 Hz,144.0,hz
4,247,300 nits,300.0,nit
4,248,AMD Ryzen 7 7000 Series,,text
4,249,512 GB,512.0,gb
4,250,16 GB,16.0,gb
4,251,NVIDIA GeForce RTX 4050,,text
4,252,1 x HDMI 2.1,,text
4,253,4-cell,4.0,wh
4,254,false,,text
4,255,true,,text
4,256,HP,,text
4,257,15-fb3093dx/BM4X8UA#ABA,,text
4,258,"Victus 15.6"" 144Hz Full HD Gaming Laptop - AMD Ryzen 7 7445HS 2023 - 16GB Memory - NVIDIA GeForce RTX 4050 - 512GB SSD",,text
4,259,Mica Silver,,text
4,260,2025,2025.0,year
4,242,LED,,text
4,261,Anti-glare,,text
4,262,62.5 percent,62.5,percent
4,263,AMD,,text
4,248,7445HS,,text
4,264,4.7 GHz,4.7,ghz
4,265,6,6.0,count
4,266,L3,,text
4,266,16 megabytes,16.0,mb
4,267,false,0.0,tops
4,249,512 GB,512.0,gb
4,268,SSD,,text
4,269,DDR5,,text
4,270,5600 MHz,5600.0,mhz
4,271,Dedicated,,text
4,272,NVIDIA,,text
4,273,6 gigabytes,6.0,gb
4,273,GDDR6,,text
4,274,Windows 11 Home,,text
4,275,1,1.0,count
4,276,0,0.0,count
4,276,0,0.0,count
4,277,0,0.0,count
4,278,"2 x USB-A 3.0, 1 x USB-C 3.0",,text
4,278,3,3.0,count
4,279,true,1.0,text
4,280,true,1.0,boolean
4,281,"Bluetooth, Wi-Fi",,text
4,282,Wi-Fi 6,,text
4,283,1,1.0,count
4,284,120 watts,120.0,w
4,285,true,,text
4,286,720p,720.0,p
4,280,true,1.0,boolean
4,287,false,0.0,boolean
4,288,DTS: X Ultra,,text
4,288,HyperX with dual speakers,,text
4,289,Copilot,,text
4,290,Aluminum,,text
4,291,0.93 in,0.93,in
4,292,14.09 in,14.09,in
4,293,10.04 in,10.04,in
4,294,5.06 lb,5.06,lb
4,295,true,1.0,boolean
4,296,true,1.0,boolean
4,296,Gold,,text
4,297,"myHP, HP Support Assistant, HP BIOS Protection, HP Connection Optimizer, Microsoft Copilot, AI Noise reduction, OMEN AI, DTS: X Ultra technology, and OMEN Gaming Hub",,text
4,268,None,,text
4,255,true,,text
4,298,1 year,,text
4,299,1 year,,text
4,300,199251266874,,text
3,253,6 hours,6.0,wh
3,255,Backlit Keyboard,,text
3,301,16:9 Aspect Ratio,,text
3,269,DDR5,,text
3,264,3.1 GHz,3.1,ghz
3,274,Windows 11 Home,,text
3,245,false,0.0,boolean
3,302,Power Adapter,,text
3,246,144 Hz,144.0,hz
3,268,None,,text
3,248,7445HS,,text
3,244,1920 x 1080,,text
3,303,Victus,,text
3,250,16 GB,16.0,gb
3,304,Gaming,,text
3,305,HDMI,,text
3,306,.93 inches (H) x 14.1 inches (W) x 9.8 inches (D),,in
3,265,8,8.0,count
3,304,Backlit Display,,text
3,249,SSD (NVMe),,text
3,243,15.6 inches,15.6,in
3,280,Built-In Microphone,,text
3,294,5.1 lb,5.1,lb
3,242,IPS,,text
3,278,4,4.0,count
3,307,"1 Year Limited Warranty. To obtain a copy of the manufacturer's or supplier's warranty for this item prior to purchasing the item, please call Target Guest Services at 1-800-591-3869",,text
3,286,720p,720.0,p
3,251,NVIDIA GeForce RTX 4050,,text
3,308,Not Listed or Certified,,text
3,309,New,,text
3,268,None,,text
3,281,Wi-Fi 6,,text
3,310,AMD Ryzen 7,,text
3,300,199251266874,,text
4,311,14 inches,14.0,in
4,312,1366 x 768,,text
4,313,false,0.0,boolean
4,314,250 nits,250.0,nit
4,315,Intel Processor N150,,text
4,316,128 GB,128.0,gb
4,317,4 GB,4.0,gb
4,318,Intel Graphics,,text
4,319,1 x HDMI 1.4,,text
4,320,3-cell,3.0,wh
4,321,false,,text
4,322,false,,text
4,323,HP,,text
4,324,14-dq6015dx,,text
4,325,"14"" Laptop - Intel Processor N150 2025 - 4GB Memory - 128GB UFS",,text
4,326,Pale Rose Gold,,text
4,327,2025,2025.0,year
4,328,LED,,text
4,329,Anti-glare,,text
4,330,62.5 percent,62.5,percent
4,331,Intel,,text
4,315,Intel Processor N150,,text
4,332,3.6 GHz,3.6,ghz
4,333,4,4.0,count
4,334,L3,,text
4,334,6 megabytes,6.0,mb
4,335,DDR4,,text
4,336,3200 MHz,3200.0,mhz
4,337,Integrated,,text
4,338,Intel,,text
4,339,Windows 11 Home,,text
4,340,1,1.0,count
4,341,"1 x USB-C 3.1, 2 x USB-A 3.0",,text
4,341,3,3.0,count
4,342,true,1.0,text
4,343,true,1.0,boolean
4,344,"Bluetooth, Wi-Fi",,text
4,345,Wi-Fi 6,,text
4,346,0,0.0,count
4,347,Air,,text
4,348,45 watts,45.0,w
4,349,true,,text
4,350,720p,720.0,p
4,343,true,1.0,boolean
4,322,Multi-touch,,text
4,351,true,1.0,boolean
4,351,MultiMediaCard (MMC),,text
4,352,HD Audio,,text
4,352,Stereo,,text
4,353,0.71 in,0.71,in
4,354,12.76 in,12.76,in
4,355,8.86 in,8.86,in
4,356,3.24 lb,3.24,lb
4,357,true,1.0,boolean
4,358,true,1.0,boolean
4,358,Gold,,text
4,359,"HP Support Assistant, myHP, HP BIOS Protection, and more.",,text
4,360,None,,text
4,322,false,,text
4,361,1 year,,text
4,362,1 year,,text
4,363,198990291222,,text
3,328,TN,,text
3,320,10 hours,10.0,wh
3,364,16:9 Aspect Ratio,,text
3,313,false,0.0,boolean
3,360,None,,text
3,317,4 GB,4.0,gb
3,339,Windows 11 Home,,text
3,365,HDMI,,text
3,322,No Backlit Keyboard,,text
3,366,Intel Processor,,text
3,318,Integrated Intel Graphics,,text
3,335,DDR4,,text
3,341,3,3.0,count
3,333,4,4.0,count
3,332,3.6 GHz,3.6,ghz
3,343,Built-In Microphone,,text
3,311,14 inches,14.0,in
3,315,Intel Processor N150,,text
3,367,"1 Year Limited Warranty. To obtain a copy of the manufacturer's or supplier's warranty for this item prior to purchasing the item, please call Target Guest Services at 1-800-591-3869",,text
3,316,128 GB,128.0,gb
3,368,Home,,text
3,369,.71 inches (H) x 12.76 inches (W) x 8.86 inches (D),,in
3,370,New,,text
3,371,Energy Star Certified,,text
3,360,None,,text
3,344,Wi-Fi 6,,text
3,356,3.24 lb,3.24,lb
3,312,1366 x 768,,text
3,363,198990291222,,text
1,315,Intel Celeron N150,,text
1,317,16 GB,16.0,gb
1,316,128 GB,128.0,gb
1,356,3.24 lb,3.24,lb
1,312,1366 x 768,,text
1,311,14 inches,14.0,in
1,333,4,4.0,count
1,332,Up to 3.6 GHz,,ghz
1,318,Intel UHD Graphics,,text
1,335,DDR4,,text
1,344,"Bluetooth 5.4, Wi-Fi 6",,text
1,372,1,1.0,count
1,340,1,1.0,count
1,341,3,3.0,count
1,369,12.76 x 8.86 x 0.71 inches,,in
1,369,17.68 x 2.72 x 12.01 inches,,in
1,373,4.25 pounds,4.25,lb
1,349,720p HD webcam,,text
1,352,Integrated HD audio speakers,,text
1,343,Dual-array microphones,,text
1,339,Windows 11 Pro,,text
1,363,198990291222,,text
4,374,IPS,,text
4,375,15.6 inches,15.6,in
4,376,1920 x 1080,,text
4,377,true,1.0,boolean
4,378,300 nits,300.0,nit
4,379,AMD Ryzen AI 300 Series,,text
4,380,512 GB,512.0,gb
4,381,16 GB,16.0,gb
4,382,AMD Radeon 820M,,text
4,383,1 x HDMI 1.4,,text
4,384,3-cell,3.0,wh
4,385,false,,text
4,386,HP,,text
4,387,15-fn0105dx,,text
4,388,"OmniBook 3 - Copilot+ PC - 15.6"" Full HD Touch-Screen Laptop - AMD Ryzen 5 AI 5 330 2025 - 16GB Memory - 512GB SSD",,text
4,389,Glacier Silver,,text
4,390,2025,2025.0,year
4,374,LED,,text
4,391,Anti-glare,,text
4,392,62.5 percent,62.5,percent
4,393,AMD,,text
4,379,330,,text
4,394,4.5 GHz,4.5,ghz
4,395,4,4.0,count
4,396,L3,,text
4,396,8 megabytes,8.0,mb
4,397,true,1.0,tops
4,397,50 trillions operations per second,,text
4,380,512 GB,512.0,gb
4,398,SSD,,text
4,399,DDR5,,text
4,400,5600 MHz,5600.0,mhz
4,401,Integrated,,text
4,402,AMD Radeon,,text
4,403,Windows 11 Home,,text
4,404,1,1.0,count
4,405,0,0.0,count
4,405,0,0.0,count
4,406,"2 x USB-A 3.1, 1 x USB-C 3.0",,text
4,406,3,3.0,count
4,407,true,1.0,text
4,408,true,1.0,boolean
4,409,"Bluetooth, Wi-Fi",,text
4,410,Wi-Fi 6,,text
4,411,0,0.0,count
4,412,65 watts,65.0,w
4,413,true,,text
4,414,1080p,1080.0,p
4,408,true,1.0,boolean
4,415,false,0.0,boolean
4,416,HD Audio,,text
4,416,Stereo,,text
4,417,Copilot+ PC,,text
4,418,"Privacy camera, Fingerprint reader",,text
4,419,0.73 in,0.73,in
4,420,14.17 in,14.17,in
4,421,9.29 in,9.29,in
4,422,3.75 lb,3.75,lb
4,423,true,1.0,boolean
4,424,true,1.0,boolean
4,424,Gold,,text
4,425,"Click to Do, Generative Fill, Recall, Improved Windows search, HP AI Companion, Fingerprint reader, Copilot+ PC, myHP, HP Support Assistant, HP BIOS Protection, HP Connection Optimizer, Microsoft Copilot, AI Noise reduction, OMEN Gaming Hub",,text
4,398,None,,text
4,385,true,,text
4,426,1 year,,text
4,427,1 year,,text
4,428,199485172644,,text
3,384,11.5 hours,11.5,wh
3,399,DDR5,,text
3,429,16:9 Aspect Ratio,,text
3,430,AMD Ryzen AI,,text
3,403,Windows 11 Home,,text
3,398,None,,text
3,376,1920 x 1080,,text
3,381,16 GB,16.0,gb
3,382,AMD Radeon 820M,,text
3,422,3.75 lb,3.75,lb
3,385,No Backlit Keyboard,,text
3,379,AMD Ryzen AI 5 330,,text
3,406,3,3.0,count
3,431,.73 inches (H) x 14.17 inches (W) x 9.29 inches (D),,in
3,380,SSD (NVMe),,text
3,408,Built-In Microphone,,text
3,395,4,4.0,count
3,375,15.6 inches,15.6,in
3,374,IPS,,text
3,432,"1 Year Limited Warranty. To obtain a copy of the manufacturer's or supplier's warranty for this item prior to purchasing the item, please call Target Guest Services at 1-800-591-3869",,text
3,433,Home,,text
3,394,2 GHz,2.0,ghz
3,434,USB-C,,text
3,377,true,1.0,boolean
3,435,New,,text
3,436,Energy Star Certified,,text
3,398,None,,text
3,409,Wi-Fi 6,,text
3,428,199485172644,,text
1,379,AMD Ryzen 5 AI 5 330,,text
1,381,16 GB,16.0,gb
1,380,512 GB,512.0,gb
1,376,1920 x 1080,,text
1,437,15FN0505,,text
1,382,Integrated,,text
1,403,Windows 11 Home,,text
1,375,15.6 inches,15.6,in
1,398,SSD,,text
1,376,1920 x 1080,,text
1,374,LED,,text
1,438,60 Hz,60.0,hz
1,377,true,1.0,boolean
1,409,"Wi-Fi 6, Bluetooth 5.4, HDMI, USB 3.2 Type-C, Headphone/Microphone Combo Jack",,text
1,409,Wi-Fi 6,,text
1,439,5,5.0,count
1,436,TUV Rheinland (China) Ltd,,text
1,440,TE-00327078,,text
1,436,Global Recycled Standard,,text
1,428,199485172644,,text
4,441,IPS,,text
4,442,15.3 inches,15.3,in
4,443,1920 x 1200,,text
4,444,true,1.0,boolean
4,445,60 Hz,60.0,hz
4,446,300 nits,300.0,nit
4,447,Snapdragon X,,text
4,448,3 gigahertz,3.0,ghz
4,449,256 GB,256.0,gb
4,450,16 GB,16.0,gb
4,451,Qualcomm Adreno Graphics,,text
4,452,1 x HDMI 1.4,,text
4,453,5306 milliampere hours,5306.0,wh
4,454,false,,text
4,455,true,1.0,text
4,456,Lenovo,,text
4,457,83N30000US,,text
4,458,"IdeaPad Slim 3x - Copilot+ PC - 15.3"" 2k Touchscreen Laptop - Snapdragon X X1-26-100 2025 - 16GB Memory - 256GB SSD",,text
4,459,Luna Grey,,text
4,460,2025,2025.0,year
4,441,LCD,,text
4,461,45 percent,45.0,percent
4,462,Snapdragon,,text
4,447,X1-26-100,,text
4,460,2025,2025.0,year
4,463,8,8.0,count
4,464,8,8.0,count
4,465,true,1.0,tops
4,465,45 trillions operations per second,,text
4,449,256 GB,256.0,gb
4,466,LPDDR5X,,text
4,467,8448 MHz,8448.0,mhz
4,468,Integrated,,text
4,469,Snapdragon,,text
4,470,Windows 11 Home,,text
4,471,1,1.0,count
4,472,"2 x USB-A 3.2, 1 x USB-C 3.2",,text
4,472,3,3.0,count
4,473,true,1.0,text
4,474,true,1.0,boolean
4,475,"Bluetooth, Wi-Fi",,text
4,476,Wi-Fi 7,,text
4,476,Wi-Fi 7,,text
4,477,0,0.0,count
4,478,65 watts,65.0,w
4,479,2,2.0,count
4,480,true,,text
4,481,720p,720.0,p
4,474,true,1.0,boolean
4,455,No,,text
4,482,true,1.0,boolean
4,455,"Multi-touch, Precision",,text
4,483,true,1.0,boolean
4,483,Secure Digital,,text
4,484,false,0.0,boolean
4,485,Dolby Audio,,text
4,485,2 x 2W,,text
4,486,"Android apps, Google Assistant",,text
4,487,Copilot+ PC,,text
4,488,"Fingerprint reader, Privacy camera",,text
4,488,None,,text
4,489,"Aluminum, PC-ABS",,text
4,490,0.7 in,0.7,in
4,491,9.51 in,9.51,in
4,492,13.52 in,13.52,in
4,493,3.42 lb,3.42,lb
4,494,true,1.0,boolean
4,495,true,1.0,text
4,495,Gold,,text
4,496,None,,text
4,455,true,1.0,text
4,455,false,,text
4,497,1 year,,text
4,498,1 year,,text
4,499,198156688347,,text
3,453,10 hours,10.0,wh
3,455,Backlit Keyboard,,text
3,470,Windows 11 Home,,text
3,500,16:10 Aspect Ratio,,text
3,449,SSD (NVMe),,text
3,501,3 GHz,3.0,ghz
3,496,None,,text
3,447,Qualcomm Snapdragon X,,text
3,502,Qualcomm Snapdragon,,text
3,450,16 GB,16.0,gb
3,442,15.3 inches,15.3,in
3,463,8,8.0,count
3,466,LPDDR5x,,text
3,472,3,3.0,count
3,474,Built-In Microphone,,text
3,503,.7 inches (H) x 13.52 inches (W) x 9.51 inches (D),,in
3,441,IPS,,text
3,451,Qualcomm Adreno Graphics,,text
3,504,"1 Year Limited Warranty. To obtain a copy of the manufacturer's or supplier's warranty for this item prior to purchasing the item, please call Target Guest Services at 1-800-591-3869",,text
3,505,Home,,text
3,475,Wi-Fi 7,,text
3,506,USB-C,,text
3,493,3.42 lb,3.42,lb
3,443,1920 x 1200,,text
3,507,New,,text
3,508,Energy Star Certified,,text
3,444,true,1.0,boolean
3,496,None,,text
3,499,198156688347,,text
4,509,Mini-LED,,text
4,510,16 inches,16.0,in
4,511,2560 x 1600,,text
4,512,true,1.0,boolean
4,513,90 Hz,90.0,hz
4,514,630 nits,630.0,nit
4,515,Intel Core Ultra 9 Series 2,,text
4,516,3.3 gigahertz,3.3,ghz
4,517,1024 GB,1024.0,gb
4,518,32 GB,32.0,gb
4,519,Intel Arc Graphics 140V,,text
4,520,"1 x HDMI 2.1, 1 x Thunderbolt 4, Display connection via USB port",,text
4,521,4-cell,4.0,wh
4,522,2in1_design,,text
4,523,true,1.0,text
4,524,Dell,,text
4,525,LDB06250-9182BLU-PUS,,text
4,526,"Plus - Copilot+ PC - 16"" 2.5K 2-in-1 Touchscreen Laptop - Intel Core Ultra 9 288V 2024 - 32GB Memory - 1TB Storage",,text
4,527,Midnight Blue,,text
4,528,2025,2025.0,year
4,509,LED,,text
4,523,Active,,text
4,529,Not Applicable,,text
4,530,Intel,,text
4,515,288V,,text
4,528,2024,2024.0,year
4,531,5.1 GHz,5.1,ghz
4,532,8,8.0,count
4,533,L1,,text
4,533,12 megabytes,12.0,mb
4,534,true,1.0,tops
4,534,48 trillions operations per second,48.0,text
4,517,1024 GB,1024.0,gb
4,535,SSD,,text
4,536,LPDDR5X,,text
4,537,8533 MHz,8533.0,mhz
4,538,Integrated,,text
4,539,Intel,,text
4,540,Windows 11 Home,,text
4,541,64-bit,,text
4,542,1,1.0,count
4,543,1,1.0,count
4,544,DisplayPort 1.4,,text
4,545,"1 x USB-A 3.2, 1 x USB-C 3.2",,text
4,545,2,2.0,count
4,546,1,1.0,count
4,547,true,1.0,text
4,548,true,1.0,boolean
4,549,"Bluetooth, Wi-Fi",,text
4,550,Wi-Fi 7,,text
4,550,Wi-Fi 7,,text
4,551,0,0.0,count
4,549,None,,text
4,552,Air,,text
4,553,USB-C,,text
4,554,65 watts,65.0,w
4,555,2,2.0,count
4,556,true,,text
4,557,2.07 megapixels,2.07,mp
4,558,1080p,1080.0,p
4,548,true,1.0,boolean
4,512,false,0.0,boolean
4,559,false,0.0,boolean
4,523,Precision,,text
4,560,false,0.0,boolean
4,561,false,0.0,boolean
4,562,Stereo speakers with Realtek ALC3329 Audio Controller,,text
4,562,2.5W x 2 = 5W total peak,,text
4,563,Copilot+ PC,,text
4,564,Fingerprint reader,,text
4,564,None,,text
4,523,None,,text
4,565,0.67 in,0.67,in
4,566,14.05 in,14.05,in
4,567,9.87 in,9.87,in
4,568,4.52 lb,4.52,lb
4,569,true,1.0,boolean
4,570,true,1.0,text
4,570,Gold,,text
4,571,McAfee+ Premium 30-day trialMS Office 30-Day Trial,,text
4,535,None,,text
4,523,true,1.0,text
4,523,false,0.0,text
4,572,1 Year Basic Onsite Service after remote diagnosis with Hardware-Only Support-Retail,,text
4,573,1 Year Basic Onsite Service after remote diagnosis with Hardware-Only Support-Retail,,text
4,574,884116483182,,text
4,575,WVA,,text
4,576,15.6 inches,15.6,in
4,577,1920 x 1080,,text
4,578,true,1.0,boolean
4,579,60 Hz,60.0,hz
4,580,220 nits,220.0,nit
4,581,AMD Ryzen 7 7000 Series,,text
4,582,2 gigahertz,2.0,ghz
4,583,1024 GB,1024.0,gb
4,584,16 GB,16.0,gb
4,585,AMD Radeon Graphics,,text
4,586,1 x HDMI 1.4,,text
4,587,41 milliampere hours,41.0,wh
4,588,false,,text
4,589,false,,text
4,590,Dell,,text
4,591,LDC15255-7322BLK-PUS,,text
4,592,"15.6"" FHD  Laptop - AMD Ryzen 7 7730U 2023 - 16GB Memory - 1TB Storage",,text
4,593,Carbon Black,,text
4,594,2025,2025.0,year
4,575,LCD,,text
4,589,Passive,,text
4,595,Not Applicable,,text
4,596,Anti-glare,,text
4,597,45 percent,45.0,percent
4,598,AMD,,text
4,581,AMD Ryzen 7 7730U,,text
4,594,2023,2023.0,year
4,599,4.5 GHz,4.5,ghz
4,600,8,8.0,count
4,601,16,16.0,count
4,602,"L1, L2, L3",,text
4,602,0 megabytes,0.0,mb
4,602,4 megabytes,4.0,mb
4,602,16 megabytes,16.0,mb
4,603,false,0.0,tops
4,583,1024 GB,1024.0,gb
4,604,SSD,,text
4,605,DDR4,,text
4,606,3200 MHz,3200.0,mhz
4,607,1,1.0,count
4,607,1,1.0,count
4,608,16 gigabytes,16.0,gb
4,609,Integrated,,text
4,610,AMD Radeon,,text
4,611,Windows 11 Home,,text
4,612,64-bit,,text
4,613,1,1.0,count
4,614,"1 x USB-A 2.0, 1 x USB-A 3.2, 1 x USB-C 3.2",,text
4,614,3,3.0,count
4,615,true,1.0,text
4,616,false,0.0,boolean
4,617,"Bluetooth, Wi-Fi",,text
4,618,Wi-Fi 5,,text
4,618,Wi-Fi 5,,text
4,619,0,0.0,count
4,617,None,,text
4,620,Air,,text
4,621,DC jack (4.5mm),,text
4,622,65 watts,65.0,w
4,623,2,2.0,count
4,624,true,,text
4,625,0.92 megapixels,0.92,mp
4,626,720p,720.0,p
4,616,true,1.0,boolean
4,589,No,,text
4,578,false,0.0,boolean
4,627,false,0.0,boolean
4,628,true,1.0,boolean
4,628,Secure Digital,,text
4,629,MaxxAudio Pro (Windows),,text
4,629,Stereo Speakers (Windows),,text
4,630,Copilot,,text
4,631,None,,text
4,589,None,,text
4,632,0.75 in,0.75,in
4,633,9.27 in,9.27,in
4,634,14.11 in,14.11,in
4,635,4.19 lb,4.19,lb
4,636,true,1.0,boolean
4,637,true,1.0,boolean
4,637,Silver,,text
4,638,"McAfee+ Premium 30-day trial, Microsoft 365 30-day trial",,text
4,604,None,,text
4,589,true,,text
4,589,false,,text
4,639,1 Year Mail In Service,,text
4,640,1 Year Mail In Service,,text
4,641,884116430322,,text
13,642,Intel Core(TM) Ultra 9 288V,,text
13,643,32 GB,32.0,gb
13,644,Notebook,,text
13,645,Windows 11,,text
13,646,8,8.0,count
13,647,ALPM,,text
13,647,16.9,16.9,text
13,647,8,8.0,text
13,647,13.7,13.7,text
13,647,0.7,0.7,w
13,647,Yes,,text
13,647,0.4,0.4,w
13,647,7.1,7.1,w
13,647,0.7,0.7,w
13,648,No,,text
13,649,true,1.0,boolean
13,650,true,1.0,text
13,651,02/18/2025,,text
13,652,04/28/2025,,text
13,653,"United States, Switzerland, Taiwan, Japan, Canada",,text
13,654,4016328,,text
13,655,"884116483144, 884116483175, 884116483182",,text
13,656,AMD Ryzen 7,,text
13,657,16 GB,16.0,gb
13,658,Notebook,,text
13,659,Windows 11,,text
13,660,8,8.0,count
13,661,11.8 kWh,11.8,kwh
13,661,8 kWh,8.0,kwh
13,661,8.3 kWh,8.3,kwh
13,661,0.4 watts,0.4,w
13,661,0.2 watts,0.2,w
13,661,5.4 watts,5.4,w
13,661,0.4 watts,0.4,w
13,662,No,,text
13,663,false,0.0,boolean
13,664,true,1.0,text
13,665,02/17/2023,,text
13,666,06/04/2025,,text
13,667,"United States, Switzerland, Taiwan, Japan, Canada",,text
13,668,4429417,,text
13,669,"884116426813, 884116427131, 884116427230, 884116427711, 884116427766, 884116428053, 884116428411, 884116429616, 884116430117, 884116430261, 884116430322, 884116430391, 884116430407, 884116430735, 884116430766, 884116430773, 884116430780, 884116430834, 884116649656",,text
13,670,DC15255; Inspiron 15 3535,,text
3,671,"Nonstick Pan, Crumb Tray, Air Fry Basket, Wire Rack",,text
3,672,Freestanding,,text
3,673,"Spot or Wipe Clean, Dishwasher-Safe Parts",,text
3,674,No Certifications,,text
3,675,17.86 lb,17.86,lb
3,676,0 qt,0.0,qt
3,677,"1 Year Limited Warranty. To obtain a copy of the manufacturer's or supplier's warranty for this item prior to purchasing the item, please call Target Guest Services at 1-800-591-3869",,text
3,678,"Bakes, Toasters, Broiler, Dehydrates, Air Fry",,text
3,679,1800 W,1800.0,w
3,680,7.68 Inches (H) x 15.75 Inches (W) x 17.01 Inches (D),,in
3,681,"Metal, Stainless Steel",,text
3,682,622356621083,,text
1,676,17.01 qt,17.01,qt
1,681,Stainless Steel,,text
1,679,1800 W,1800.0,w
1,683,450 °F,450.0,f
1,680,17.01 x 15.75 x 7.68 inches,,in
1,684,"Adjustable Rack, Auto Cook Menu, Automatic Shut-Off, Large Capacity, Programmable",,text
1,685,Button Control,,text
1,686,Corded Electric,,text
1,687,"Brushed, Polished",,text
1,688,Stainless Steel,,text
1,688,Side Swing,,text
1,689,Ninja SP151,,text
1,690,SP151,,text
1,682,622356621083,,text
1,671,"Air Fry Basket, Crumb Tray, Ninja Flip Toaster Oven & Air Fryer, Sheet pan, Wire Rack",,text
1,691,80% more energy efficient than a traditional full-size oven,,text
1,692,OvenCrisp Technology,,text
1,692,50% faster cooking,,text
1,693,85-450 Degrees Fahrenheit,,f
3,694,Stainless Steel,,text
3,695,10 pounds,10.0,lb
3,696,1700 W,1700.0,w
3,697,"Wolfgang Puck 9.7QT Stainless Steel Air Fryer, Large Single Basket Design, Simple Dial Controls, Nonstick Interior, Includes Cooking Guide & Recipes",,text
3,698,310 ounces,9.69,oz
3,699,New,,text
3,700,15.0 ounces,0.9375,lb
3,701,Non-Stick,,text
3,702,Cool Touch Handle,,text
3,703,Hand Wash,,text
3,704,SWPAF97,,text
3,705,"1 Year Limited Warranty. To obtain a copy of the manufacturer's or supplier's warranty for this item prior to purchasing the item, please call Target Guest Services at 1-800-591-3869",,text
3,706,Nonstick Coating,,text
3,707,14.0 inches (H) x 12.0 inches (W) x 14.0 inches (D),,in
3,708,Air Fry,,text
3,709,787416689172,,text
1,698,9.7 qt,9.7,qt
1,694,Stainless Steel,,text
1,696,1700 W,1700.0,w
1,710,400 °F,400.0,f
1,707,"14""D x 12""W x 14""H",,in
1,700,15 lb,15.0,lb
1,711,120 V,120.0,v
1,712,Dial,,text
1,694,Stainless Steel,,text
1,694,Stainless Steel,,text
1,713,Yes,,text
1,714,Rapid Air Circulation,,text
1,706,"Rapid Air Circulation System, Simple Dials, Timer with Automatic Shut-Off",,text
1,715,SWPAF97,,text
1,704,SWPAF97,,text
1,709,787416689172,,text
1,705,1 Year Limited Warranty,,text
3,716,1700 W,1700.0,w
3,717,14.3 lb,14.3,lb
3,718,4.4 Pounds,4.4,lb
3,719,12.83 Inches (H) x 14.92 Inches (W) x 12.36 Inches (D),,in
3,720,"Spot or Wipe Clean, Dishwasher-Safe Parts, Hand Wash",,text
3,721,"1 Year Limited Warranty. To obtain a copy of the manufacturer's or supplier's warranty for this item prior to purchasing the item, please call Target Guest Services at 1-800-591-3869",,text
3,722,"Roasts, Reheat, Air Fry, Bakes",,text
3,723,Plastic,,text
3,724,6 qt,6.0,qt
3,725,857561008637,,text
1,724,6 qt,6.0,qt
1,723,Plastic,,text
1,716,1700 W,1700.0,w
1,726,400 °F,400.0,f
1,719,"12.36""D x 14.92""W x 12.83""H",,in
1,727,120 V,120.0,v
1,728,Touch,,text
1,729,49 °F,49.0,f
1,730,EvenCrisp Technology,,text
1,731,Yes,,text
1,723,Plastic,,text
1,720,Yes,,text
1,732,140-3001-01,,text
1,725,857561008637,,text
1,733,Instant Pot,,text
1,734,Air Fryer,,text
1,735,1.0 Count,1.0,count
1,721,1 Year Manufacturer,,text
4,720,"Dishwasher-safe parts, Hand wash",,text
4,724,6 qt,6.0,qt
4,730,Air fry,,text
4,730,Air,,text
4,730,programmable,,text
4,730,Single,,text
4,733,Instant Pot,,text
4,732,140-3001-01,,text
4,736,6 Quart Vortex 4-in-1 Air Fryer Oven,,text
4,737,Black,,text
4,738,12.8 in,12.8,in
4,739,14.9 in,14.9,in
4,740,12.4 in,12.4,in
4,717,12.1 lb,12.1,lb
4,723,Non-stick air fryer basket,,text
4,741,"This product contains PTFE. Authoritative List: CECBP – Priority Chemicals. For more information about chemicals in this product, visit: https://calsafer.dtsc.ca.gov/cms/candidatechemical/?rid=22892. PTFE, PFA and FEP are all fluoropolymers that create a non-stick surface on the food-contact surface of cookware and bakeware products. Although inert solids, PTFE, PFA and FEP are classified as PFAS substances and must be disclosed.",,text
4,728,Touchpad,,text
4,726,400 °F,400.0,f
4,742,ETL Listed,,text
4,743,1 year,,text
4,744,1 year,,text
4,725,857561008637,,text
3,745,1725 W,1725.0,w
3,746,6 qt,6.0,qt
3,747,5 Pounds,5.0,lb
3,748,"Plastic, Metal",,text
3,749,"2 Year Limited Warranty. To obtain a copy of the manufacturer's or supplier's warranty for this item prior to purchasing the item, please call Target Guest Services at 1-800-591-3869",,text
3,750,11.52 lb,11.52,lb
3,751,11.85 Inches (H) x 11.81 Inches (W) x 14.37 Inches (D),,in
3,752,Dishwasher-Safe Parts,,text
3,753,810123673490,,text
4,754,Dishwasher-safe parts,,text
4,755,Semi-automatic,,text
4,756,"Espresso, Americano, Cold brew, Hot water",,text
4,757,true,1.0,boolean
4,757,true,1.0,boolean
4,757,8,8.0,text
4,758,15 bar,15.0,bar
4,759,De'Longhi,,text
4,760,EC9255M,,text
4,761,La Specialista Arte Evo Espresso Machine with Cold Brew,,text
4,762,Stainless Steel,,text
4,763,15.87 in,15.87,in
4,764,11.22 in,11.22,in
4,765,17.3 in,17.3,in
4,766,21.5 lb,21.5,lb
4,767,true,1.0,text
4,767,NA,,text
4,768,false,0.0,text
4,769,removable_water_reservoir,,text
4,770,56 oz,56.0,oz
4,771,false,0.0,boolean
4,772,Beans,,text
4,769,decalcification_indicator,,text
4,773,"Dial, Button",,text
4,774,programmable,,text
4,775,true,1.0,boolean
4,769,removable_drip_tray,,text
4,769,false,0.0,text
4,774,auto_shutoff,,text
4,776,120 V,120.0,v
4,777,1550 W,1550.0,w
4,778,UL Listed,,text
4,779,2 years,2.0,text
4,780,2 years,2.0,text
4,781,044387192552,,text
1,746,6 qt,6.0,qt
1,748,Metal,,text
1,745,1725 W,1725.0,w
1,782,450 °F,450.0,f
1,783,90 °F,90.0,f
1,751,"14.4""D x 11.8""W x 11.9""H",,in
1,784,120 V,120.0,v
1,785,App,,text
1,748,Stainless Steel with Nonstick Coating,,text
1,786,Yes,,text
1,752,Yes,,text
1,787,Turboblaze Smart,,text
1,788,CAF-DC601S-WUSR,,text
1,789,2025,2025.0,year
1,753,810123673490,,text
1,790,"Automatic Shut-Off, Smart Control, Temperature Control",,text
1,791,TurboBlaze Technology,,text
1,791,3600 rpm,,text
1,792,Less than 53dB,,text
1,758,15 bar,15.0,bar
1,777,1550 W,1550.0,w
1,774,Active Temperature Control,,text
1,770,3.5 Pounds,56.0,oz
1,793,3.5 Pounds,1587.57,g
1,760,EC9255M,,text
1,794,"14.37""D x 11.22""W x 15.87""H",,in
1,766,21.5 lb,21.5,lb
1,762,Stainless Steel,,text
1,776,120 V,120.0,v
1,795,"De'Longhi La Specialista Arte Evo with Cold Brew Technology, Total Hardness Test, Cleaning Brush, Single coffee filter, Double coffee Filter, Stainless Steel Milk Frothing Jug 12oz, Cleaning needle for steam nozzle, tamper, tamping mat, dosing funnel",,text
1,781,044387192552,,text
4,796,Dishwasher-safe parts,,text
4,797,Automatic,,text
4,798,"Americano, Espresso, Hot water, Long black",,text
4,799,true,1.0,boolean
4,799,true,1.0,boolean
4,799,13,13.0,settings
4,800,15 bar,15.0,bar
4,801,De'Longhi,,text
4,802,ECAM29043SB,,text
4,803,"Magnifica Evo Espresso Machine with Milk Frother for Hot and Iced Lattes, Coffee and More",,text
4,804,Silver,,text
4,805,14.17 in,14.17,in
4,806,9.45 in,9.45,in
4,807,17.32 in,17.32,in
4,808,20.8 lb,20.8,lb
4,809,Plastic,,text
4,810,true,1.0,text
4,810,NA,,text
4,811,45 seconds,45.0,text
4,812,false,0.0,text
4,813,0.55 pounds,249.48,g
4,814,removable_water_reservoir,,text
4,815,60 oz,60.0,oz
4,816,true,1.0,boolean
4,817,Beans,,text
4,818,Button,,text
4,811,programmable,,text
4,819,true,1.0,boolean
4,814,removable_drip_tray,,text
4,814,false,,text
4,811,auto_shutoff,,text
4,820,120 V,120.0,v
4,821,1250 W,1250.0,w
4,822,UL Listed,,text
4,823,2 years,2.0,text
4,824,2 years,2.0,text
4,825,044387290432,,text
4,826,Dishwasher-safe parts,,text
4,827,Semi-automatic,,text
4,828,false,0.0,boolean
4,829,9 bar,9.0,bar
4,830,Breville,,text
4,831,BES450BSS1BUS1,,text
4,832,Bambino,,text
4,833,Brushed Stainless Steel,,text
4,834,12 in,12.0,in
4,835,6 in,6.0,in
4,836,14 in,14.0,in
4,837,10.9 lb,10.9,lb
4,838,Stainless steel,,text
4,839,true,1.0,text
4,839,No PFAS,,text
4,840,3 seconds,3.0,text
4,841,false,0.0,text
4,842,removable_water_reservoir,,text
4,843,47 oz,47.0,oz
4,844,true,1.0,boolean
4,845,Beans,,text
4,842,decalcification_indicator,,text
4,846,"Button, Button",,text
4,840,programmable,,text
4,847,true,1.0,boolean
4,842,removable_drip_tray,,text
4,842,false,0.0,text
4,840,auto_shutoff,,text
4,848,120 V,120.0,v
4,849,1560 W,1560.0,w
4,850,UL Listed,,text
4,851,1 Year Limited Product Warranty,,text
4,852,1 Year Limited Product Warranty,,text
4,853,021614803269,,text
1,800,15 bar,15.0,bar
1,821,1250 W,1250.0,w
1,811,Thermoblock,,text
1,815,60 oz,60.0,oz
1,802,ECAM29043SB,,text
1,854,17.32 x 9.45 x 14.17 inches,,in
1,808,20.8 lb,20.8,lb
1,820,120 V,120.0,v
1,809,Plastic,,text
1,818,Touchscreen,,text
1,817,whole_beans,,text
1,817,Reusable,,text
1,855,"Carbon Active Filter, Measuring Scoop, Total Hardness Test, Cleaning Brush",,text
1,825,044387290432,,text
1,829,9 bar,9.0,bar
1,849,1560 W,1560.0,w
1,840,ThermoJet,,text
1,843,47 oz,47.0,oz
1,856,the Bambino® Brushed Stainless Steel,,text
1,831,BES450BSS1BUS1,,text
1,857,13.7 x 6.3 x 12 inches,,in
1,837,10.9 lb,10.9,lb
1,848,120 V,120.0,v
1,838,Stainless Steel,,text
1,845,Reusable,,text
1,827,Semi-Automatic,,text
1,858,Buttons,,text
1,859,Manual,,text
1,860,1 Year Limited Product Warranty,,text
1,853,021614803269,,text
1,853,00021614803269,,text
3,857,12 Inches (H) x 6.3 Inches (W) x 13.7 Inches (D),,in
3,861,"Drip Tray, Single Pod Filter Basket, reusable filter, Cleaning Brush, Coffee Tamper, Double-Shot Filter Basket, Service Disc, Removable Filter Basket, Portafilter",,text
3,838,Stainless Steel,,text
3,862,1560 Watts,1560.0,w
3,859,"15 Bars of Pressure, Milk Frother, Milk Frother Steamer Wand, LED Indicator Light",,text
3,849,Electric,,text
3,863,Freestanding,,text
3,864,47 oz,47.0,oz
3,845,"Ground Coffee, Ground Espresso",,text
3,826,"Dishwasher-Safe Parts, Spot or Wipe Clean",,text
3,837,10.9 lb,10.9,lb
3,860,"1 Year Limited Warranty. To obtain a copy of the manufacturer's or supplier's warranty for this item prior to purchasing the item, please call Target Guest Services at 1-800-591-3869",,text
3,843,2,2.0,oz
3,853,021614803269,,text
2,833,Brushed Stainless Steel,,text
2,831,BES450BSS,,text
2,830,NOBRAND,,text
2,857,13.70 x 6.30 x 12.00 Inches,,in
4,865,Hand wash,,text
4,866,Manual,,text
4,867,true,1.0,boolean
4,867,true,1.0,boolean
4,867,16,16.0,text
4,868,9 bar,9.0,bar
4,869,Breville,,text
4,870,BES870XL,,text
4,871,"the Barista Express Espresso Machine with 15 bars of pressure, Milk Frother and integrated grinder",,text
4,872,Stainless Steel,,text
4,873,16.2 in,16.2,in
4,874,13.7 in,13.7,in
4,875,12.5 in,12.5,in
4,876,22.9 lb,22.9,lb
4,877,Stainless steel,,text
4,878,true,1.0,text
4,878,No PFAS,,text
4,879,5 seconds,5.0,text
4,880,false,0.0,text
4,881,0.5 pounds,226.8,lb
4,882,removable_water_reservoir,,text
4,883,67 oz,67.0,oz
4,884,false,0.0,boolean
4,882,false,0.0,text
4,885,"Button, Dial, Knob",,text
4,879,programmable,,text
4,886,true,1.0,boolean
4,882,removable_drip_tray,,text
4,882,false,0.0,text
4,879,auto_shutoff,,text
4,887,120 V,120.0,v
4,888,1600 W,1600.0,w
4,889,UL Listed,,text
4,890,1 Year Limited Product Warranty,,text
4,891,1 Year Limited Product Warranty,,text
4,892,021614055514,,text
1,868,9 bar,9.0,bar
1,888,1600 W,1600.0,w
1,879,Thermocoil,,text
1,883,67 oz,67.0,oz
1,881,1/2 lb,0.5,g
1,870,BES870XL,,text
1,892,021614055514,,text
1,893,13.8 x 12.5 x 15.9 inches,,in
1,876,22.09 lb,22.09,lb
1,877,Stainless Steel,,text
1,894,Reusable,,text
1,866,Manual,,text
1,894,whole_beans,,text
1,895,"Coffee Scoop, Filter, Integrated Tamper, Razor Dose Trimming Tool",,text
3,877,Stainless Steel,,text
3,894,Whole Beans,,text
3,896,"Removable Water Reservoir, Hot Water Dispenser, Push Button Controls, Automatic Shut-Off, On/Off Switch, 15 Bars of Pressure, Milk Frother Steamer Wand, Milk Frother, Transparent Water Tank, Custom Brew Strength, Serving Size Selector, Indicator Lights, Removable Drip Tray, water filtration",,text
3,897,Freestanding,,text
3,893,15.9 Inches (H) x 12.5 Inches (W) x 13.8 Inches (D),,in
3,898,1600 Watts,1600.0,w
3,895,"Frother Pot, Dose Funnel, Dual Wall Filter Basket, Coffee Grinder, Descaling Solution, Cleaning Brush, Portafilter, Coffee Tamper, Service Disc, Drip Tray, Dose Leveling Tool, Double-Shot Filter Basket, Coffee Filter Starter Kit, Water Filter, Single Wall Filter Basket",,text
3,865,"Dishwasher-Safe Parts, Spot or Wipe Clean",,text
3,899,"1 Year Limited Warranty. To obtain a copy of the manufacturer's or supplier's warranty for this item prior to purchasing the item, please call Target Guest Services at 1-800-591-3869",,text
3,894,Basket Filter,,text
3,876,22.9 lb,22.9,lb
3,900,67 oz,67.0,oz
3,883,2,2.0,oz
3,892,021614055514,,text
4,901,15.6 inches,15.6,in
4,902,1366 x 768,,text
4,903,false,0.0,boolean
4,904,250 nits,250.0,nit
4,905,Intel Processor N200,,text
4,906,1.1 gigahertz,1.1,ghz
4,907,64 GB,64.0,gb
4,908,8 GB,8.0,gb
4,909,Intel UHD Graphics,,text
4,910,No external display connection,,text
4,911,2-cell,2.0,wh
4,912,false,0.0,text
4,913,false,0.0,text
4,914,HP,,text
4,915,15a-nb0013dx/7J267UA#ABA,,text
4,916,"15.6"" Chromebook Laptop - Intel Processor N200 2023 - 8GB Memory - 64GB eMMC",,text
4,917,Natural Silver,,text
4,918,2023,2023.0,text
4,919,LED,,text
4,920,45 percent,45.0,percent
4,921,Intel,,text
4,905,N200,,text
4,922,3.7 GHz,3.7,ghz
4,923,4,4.0,count
4,924,false,0.0,boolean
4,925,L3,,text
4,925,6 megabytes,6.0,mb
4,926,false,0.0,tops
4,907,64 GB,64.0,gb
4,927,LPDDR5,,text
4,928,4800 MHz,4800.0,mhz
4,929,2,2.0,count
4,930,Integrated,,text
4,931,Intel,,text
4,932,ChromeOS,,text
4,933,Google Assistant,,text
4,934,Google Home,,text
4,935,0,0.0,count
4,936,0,0.0,count
4,936,0,0.0,count
4,937,0,0.0,count
4,938,"1 x USB-A 3.1, 2 x USB-C 3.1",,text
4,938,3,3.0,count
4,939,true,1.0,text
4,940,true,1.0,boolean
4,941,"Bluetooth, Wi-Fi",,text
4,942,Wi-Fi 6,,text
4,943,0,0.0,count
4,941,None,,text
4,944,45 watts,45.0,w
4,945,true,,text
4,946,720p,720.0,p
4,940,true,1.0,boolean
4,947,false,0.0,boolean
4,948,true,1.0,boolean
4,949,HD Audio with stereo speakers,,text
4,950,Google Assistant,,text
4,951,Privacy camera,,text
4,952,0.78 in,0.78,in
4,953,14.28 in,14.28,in
4,954,9.51 in,9.51,in
4,955,3.81 lb,3.81,lb
4,956,true,1.0,boolean
4,957,true,1.0,text
4,957,Gold,,text
4,958,None,,text
4,913,true,1.0,text
4,959,1 year,,text
4,960,1 year,,text
4,961,197192458518,,text
1,905,Intel Processor N200,,text
1,908,8 GB,8.0,gb
1,907,64 GB,64.0,gb
1,955,5.1 lb,5.1,lb
1,904,250 nits,250.0,nit
1,902,1366 x 768,,text
1,911,10.5 hours,10.5,wh
1,901,15.6 inches,15.6,in
1,932,ChromeOS,,text
1,927,LPDDR5,,text
1,928,4800 MHz,4800.0,mhz
1,909,Intel UHD Graphics,,text
1,941,"Bluetooth, Wi-Fi6",,text
1,962,"1 x HDMI 2.1, 1 x USB-A 3.1, 2 x USB-C 3.1, 1 x Headphone/Microphone Combo, 1x MicroSD Media Card Reader",,text
1,963,"14.28"" x 9.51"" x 0.78""",,text
1,961,197192458518,,text
1,915,15a-nb0013dx,,text
3,919,TN,,text
3,911,10 hours,10.0,wh
3,965,16:9 Aspect Ratio,,text
3,955,3.81 lb,3.81,lb
3,903,false,0.0,boolean
3,909,Intel UHD Graphics,,text
3,922,1.1 GHz,1.1,ghz
3,958,None,,text
3,927,LPDDR5,,text
3,932,ChromeOS,,text
3,907,EMMC,,text
3,913,No Backlit Keyboard,,text
3,966,Intel Processor,,text
3,905,Intel Processor N200,,text
3,938,3,3.0,count
3,923,4,4.0,count
3,901,15.6 inches,15.6,in
3,940,Built-In Microphone,,text
3,963,.78 inches (H) x 14.28 inches (W) x 9.51 inches (D),,in
3,967,"1 Year Limited Warranty. To obtain a copy of the manufacturer's or supplier's warranty for this item prior to purchasing the item, please call Target Guest Services at 1-800-591-3869",,text
3,908,8 GB,8.0,gb
3,968,Home,,text
3,969,USB-C,,text
3,970,New,,text
3,971,Energy Star Certified,,text
3,958,None,,text
3,941,Wi-Fi 6,,text
3,902,1366 x 768,,text
3,961,197192458518,,text
4,972,17.3 inches,17.3,in
4,973,1600 x 900,,text
4,974,true,1.0,boolean
4,975,60 Hz,60.0,hz
4,976,AMD Ryzen 5 7000 Series,,text
4,977,1024 GB,1024.0,gb
4,978,16 GB,16.0,gb
4,979,AMD Radeon Graphics,,text
4,980,1 x HDMI,,text
4,981,Lithium-ion,,text
4,982,true,,text
4,983,HP,,text
4,984,"17.3"" Touchscreen Laptop - AMD Ryzen 5 7430U with 16GB RAM - 1TB SSD - Numeric KP & Backlit KB - PCO Laptop Cooler",,text
4,985,Blue,,text
4,986,2025,2025.0,year
4,987,AMD,,text
4,976,AMD Ryzen 5 7430U,,text
4,977,1024 GB,1024.0,gb
4,988,DDR4 SoDIMM,,text
4,989,3200 MHz,3200.0,mhz
4,990,2,2.0,count
4,991,Integrated,,text
4,992,AMD Radeon,,text
4,993,Windows 11 Pro,,text
4,994,1,1.0,count
4,995,0,0.0,count
4,996,0,0.0,count
4,997,2 x USB-A,,text
4,997,3,3.0,count
4,998,true,1.0,text
4,999,true,1.0,boolean
4,1000,Wi-Fi,,text
4,1001,Wi-Fi 6,,text
4,1001,Wi-Fi 6,,text
4,1002,0,0.0,count
4,1003,true,,text
4,1004,2.7 in,2.7,in
4,1005,13.5 in,13.5,in
4,1006,20 in,20.0,in
4,1007,5.2 lb,5.2,lb
4,1008,false,0.0,boolean
4,1009,1-year,,text
4,1010,1 year,,text
4,1011,199485472645,,text
4,1012,14.5 inches,14.5,in
4,1013,2944 x 1840,,text
4,1014,true,1.0,boolean
4,1015,90 Hz,90.0,hz
4,1016,1000 nits,1000.0,nit
4,1017,Snapdragon X Elite,,text
4,1018,512 GB,512.0,gb
4,1019,16 GB,16.0,gb
4,1020,Qualcomm Adreno Graphics,,text
4,1021,Display connection via USB port,,text
4,1022,Lithium-ion,,text
4,1023,false,,text
4,1024,true,,text
4,1025,Lenovo,,text
4,1026,83ED0001US,,text
4,1027,"Yoga Slim 7x - Copilot+ PC - 14.5"" 3K 90Hz OLED Touch-Screen Laptop - Snapdragon X Elite X1E-78-100 2024 - 16GB - 512GB",,text
4,1028,Cosmic Blue,,text
4,1029,2024,2024.0,year
4,1030,OLED,,text
4,1031,100 percent,100.0,percent
4,1032,Snapdragon,,text
4,1017,X1E-78-100,,text
4,1029,2024,2024.0,year
4,1033,12,12.0,count
4,1034,true,1.0,tops
4,1034,45 trillions operations per second,45.0,tops
4,1018,512 GB,512.0,gb
4,1035,LPDDR5X,,text
4,1036,Integrated,,text
4,1037,Snapdragon,,text
4,1038,Windows 11 Home,,text
4,1039,Google Home,,text
4,1040,0,0.0,count
4,1041,0,0.0,count
4,1041,0,0.0,count
4,1042,0,0.0,count
4,1043,DisplayPort 1.4,,text
4,1044,3 x USB-C,,text
4,1044,3,3.0,count
4,1045,false,0.0,text
4,1046,false,0.0,boolean
4,1047,"Bluetooth, Wi-Fi",,text
4,1048,Wi-Fi 7,,text
4,1049,0,0.0,count
4,1047,None,,text
4,1050,true,,text
4,1046,true,1.0,boolean
4,1024,No,,text
4,1051,true,1.0,boolean
4,1024,"Multi-touch, Precision",,text
4,1052,false,0.0,boolean
4,1053,false,0.0,boolean
4,1054,Dolby Atmos Audio,,text
4,1054,"4 stereo speakers, 2W x2 (woofers), 2W x2 (tweeters), optimized with Dolby Atmos, Smart Amplifier (AMP)",,text
4,1055,Copilot+ PC,,text
4,1056,Privacy camera,,text
4,1057,Aluminum,,text
4,1058,0.59 in,0.59,in
4,1059,8.87 in,8.87,in
4,1060,12.8 in,12.8,in
4,1061,2.81 lb,2.81,lb
4,1062,true,1.0,boolean
4,1063,true,1.0,boolean
4,1063,Gold,,text
4,1064,McAfee Live Safe (trial); Microsoft 365 (trial),,text
4,1065,None,,text
4,1024,false,,text
4,1066,1 year,1.0,text
4,1067,1 year,1.0,text
4,1068,198153128372,,text
4,1069,15.6 inches,15.6,in
4,1070,1920 x 1080,,text
4,1071,false,0.0,boolean
4,1072,220 nits,220.0,nit
4,1073,AMD Ryzen 5 7000 Series,,text
4,1074,2.8 gigahertz,2.8,ghz
4,1075,256 GB,256.0,gb
4,1076,8 GB,8.0,gb
4,1077,AMD Radeon 610M,,text
4,1078,1 x HDMI 1.4,,text
4,1079,3-cell,3.0,wh
4,1080,false,,text
4,1081,false,,text
4,1082,Lenovo,,text
4,1083,82VG00WXUS,,text
4,1084,"IdeaPad 1 15.6"" Full HD Laptop - AMD Ryzen 5 7520U 2022 - 8GB Memory- 256GB SSD",,text
4,1085,Abyss Blue,,text
4,1086,2025,2025.0,year
4,1087,LCD,,text
4,1088,Anti-glare,,text
4,1089,AMD,,text
4,1073,7520U,,text
4,1086,2022,2022.0,year
4,1090,4.3 GHz,4.3,ghz
4,1091,4,4.0,count
4,1092,8,8.0,count
4,1093,false,0.0,boolean
4,1094,"L2, L3",,text
4,1094,2 megabytes,2.0,mb
4,1094,4 megabytes,4.0,mb
4,1095,false,0.0,tops
4,1075,256 GB,256.0,gb
4,1096,LPDDR5,,text
4,1097,5500 MHz,5500.0,mhz
4,1098,0,0.0,count
4,1099,Integrated,,text
4,1100,AMD Radeon,,text
4,1101,Windows 11 Home,,text
4,1102,1,1.0,count
4,1103,0,0.0,count
4,1103,0,0.0,count
4,1104,0,0.0,count
4,1105,"1 x USB-A 2.0, 1 x USB-A 3.2, 1 x USB-C 3.2",,text
4,1105,3,3.0,count
4,1106,true,1.0,text
4,1107,true,1.0,boolean
4,1108,"Bluetooth, Wi-Fi",,text
4,1109,Wi-Fi 6,,text
4,1109,Wi-Fi 6,,text
4,1110,0,0.0,count
4,1111,65 watts,65.0,w
4,1112,true,,text
4,1113,720p,720.0,p
4,1107,true,1.0,boolean
4,1114,true,1.0,boolean
4,1114,"Secure Digital, MultiMediaCard (MMC)",,text
4,1115,false,0.0,boolean
4,1116,Dolby Audio,,text
4,1116,2 x 1.5W,,text
4,1117,Copilot,,text
4,1118,Privacy camera,,text
4,1119,PC ABS,,text
4,1120,0.7 in,0.7,in
4,1121,9.29 in,9.29,in
4,1122,14.18 in,14.18,in
4,1123,3.47 lb,3.47,lb
4,1124,true,1.0,boolean
4,1125,false,0.0,boolean
4,1126,"Microsoft Office 365 (30 Day Trial), McAfee LiveSafe (30 Day Trial)",,text
4,1127,None,,text
4,1081,true,,text
4,1081,false,,text
4,1128,1 year,,text
4,1129,1 year,,text
4,1130,199271336601,,text
8,1017,Qualcomm Snapdragon X Elite,,text
8,1019,16 GB,16.0,gb
8,1018,512 GB,512.0,gb
8,1061,2.816 lb,2.816,lb
8,1016,1000 nits,1000.0,nit
8,1013,2944 x 1840,,text
8,1022,22.1 hours,22.1,wh
8,1030,OLED,,text
8,1012,14.5 inches,14.5,in
8,1015,90 Hz,90.0,hz
8,1031,100 percent,100.0,percent
8,1033,12,12.0,count
8,1035,LPDDR5X,,text
8,1036,Integrated,,text
8,1037,Qualcomm,,text
8,1131,Lithium-ion,,text
8,1038,Windows 11 Home,,text
8,1044,3 x USB-C,,text
8,1048,Wi-Fi 7,,text
8,1050,Yes,,text
8,1046,Yes,,text
8,1024,Yes,,text
8,1054,Dolby Atmos Audio,,text
8,1050,Yes,,text
8,1132,0.51 inches,0.51,in
8,1133,12.8 inches,12.8,in
8,1134,8.87 inches,8.87,in
8,1068,198153128372,,text
8,1062,true,1.0,text
8,1063,Yes,,text
8,1063,Gold,,text
3,1077,AMD Radeon 610M,,text
3,1087,TN,,text
3,1079,9 hours,9.0,wh
3,1135,16:9 Aspect Ratio,,text
3,1101,Windows 11 Home,,text
3,1071,false,0.0,boolean
3,1075,SSD (NVMe),,text
3,1127,None,,text
3,1096,LPDDR5,,text
3,1136,.7 inches (H) x 14.18 inches (W) x 9.29 inches (D),,in
3,1070,1920 x 1080,,text
3,1123,3.47 lb,3.47,lb
3,1090,2.8 GHz,2.8,ghz
3,1137,HDMI,,text
3,1081,No Backlit Keyboard,,text
3,1105,3,3.0,count
3,1091,4,4.0,count
3,1069,15.6 inches,15.6,in
3,1107,Built-In Microphone,,text
3,1138,"1 Year Limited Warranty. To obtain a copy of the manufacturer's or supplier's warranty for this item prior to purchasing the item, please call Target Guest Services at 1-800-591-3869",,text
3,1076,8 GB,8.0,gb
3,1139,Home,,text
3,1073,AMD Ryzen 5 7520U,,text
3,1140,AMD Ryzen 5,,text
3,1141,New,,text
3,1142,Energy Star Certified,,text
3,1127,None,,text
3,1108,Wi-Fi 6,,text
3,1130,199271336601,,text
4,1143,IPS,,text
4,1144,14 inches,14.0,in
4,1145,1920 x 1080,,text
4,1146,true,1.0,boolean
4,1147,60Hz,,text
4,1148,300 nits,300.0,nit
4,1149,MediaTek Kompanio 500 Series,,text
4,1150,2.05 gigahertz,2.05,ghz
4,1151,64 GB,64.0,gb
4,1152,4 GB,4.0,gb
4,1153,ARM Mali-G52 2EE MC2,,text
4,1154,Display connection via USB port,,text
4,1155,3-cell,3.0,wh
4,1156,false,,text
4,1157,false,,text
4,1158,Lenovo,,text
4,1159,82XJ0000US,,text
4,1160,"IdeaPad Slim 3 Chromebook Laptop - 14"" Full HD Touchscreen Laptop - MediaTek Kompanio 520 2022 - 4GB Memory - 64GB eMMC",,text
4,1161,Abyss Blue,,text
4,1162,2023,2023.0,year
4,1143,LCD,,text
4,1163,100 percent,,text
4,1164,MediaTek,,text
4,1149,520,,text
4,1162,2022,2022.0,year
4,1165,3.7 GHz,3.7,ghz
4,1166,8,8.0,count
4,1167,false,0.0,tops
4,1151,64 GB,64.0,gb
4,1168,LPDDR4X,,text
4,1169,3733 MHz,3733.0,mhz
4,1170,0,0.0,count
4,1170,0,0.0,count
4,1171,Integrated,,text
4,1172,ARM,,text
4,1173,ChromeOS,,text
4,1174,64-bit,,text
4,1175,No,,text
4,1176,"Amazon Alexa, Google Home",,text
4,1177,0,0.0,count
4,1178,0,0.0,count
4,1178,0,0.0,count
4,1179,0,0.0,count
4,1180,DisplayPort 1.1,,text
4,1181,"1 x USB-A 3.2, 1 x USB-C 3.2",,text
4,1181,2,2.0,count
4,1182,0,0.0,count
4,1183,1,1.0,count
4,1184,true,1.0,text
4,1185,true,1.0,boolean
4,1186,"Bluetooth, Wi-Fi",,text
4,1187,Wi-Fi 6,,text
4,1187,Wi-Fi 6,,text
4,1188,0,0.0,count
4,1186,None,,text
4,1189,Air,,text
4,1190,USB-C,,text
4,1191,45 watts,45.0,w
4,1192,true,,text
4,1193,720p,720.0,p
4,1185,true,1.0,boolean
4,1146,false,0.0,boolean
4,1194,false,0.0,boolean
4,1157,Multi-touch,,text
4,1195,true,1.0,boolean
4,1195,microSD,,text
4,1196,false,0.0,boolean
4,1197,Stereo speakers optimized with Waves MaxxAudio,,text
4,1197,2 x 2W,,text
4,1198,Google Assistant,,text
4,1199,Not Applicable,,text
4,1200,Privacy camera,,text
4,1200,Kensington Security Slot (K-Slot),,text
4,1157,None,,text
4,1201,Plastic,,text
4,1202,0.73 in,0.73,in
4,1203,8.7 in,8.7,in
4,1204,13.23 in,13.23,in
4,1205,2.86 lb,2.86,lb
4,1206,true,1.0,boolean
4,1207,true,1.0,boolean
4,1207,Silver,,text
4,1208,None,,text
4,1157,false,,text
4,1157,false,,text
4,1209,1 year limited,,text
4,1210,1 year limited,,text
4,1211,196803504613,,text
4,1212,IPS,,text
4,1213,10.95 inches,10.95,in
4,1214,1920 x 1200,,text
4,1215,true,1.0,boolean
4,1216,60 Hz,60.0,hz
4,1217,400 nits,400.0,nit
4,1218,MediaTek Kompanio 800 Series,,text
4,1219,128 GB,128.0,gb
4,1220,4 GB,4.0,gb
4,1221,ARM Mali-G52 2EE MC2,,text
4,1222,Display connection via USB port,,text
4,1223,3767 milliampere hours,3767.0,wh
4,1224,2in1_design,,text
4,1225,false,,text
4,1226,Lenovo,,text
4,1227,83HH0002US,,text
4,1228,"Duet 2-in-1 Chromebook 11"" 2K LCD Touchscreen Laptop- MediaTek Kompanio 838 2024 - 4GB Memory - 128GB eMMC with keyboard",,text
4,1229,Luna Gray,,text
4,1230,2024,2024.0,year
4,1212,LCD,,text
4,1231,72 percent,,text
4,1232,MediaTek,,text
4,1218,838,,text
4,1230,2024,2024.0,year
4,1233,8,8.0,count
4,1234,true,1.0,tops
4,1234,4 trillions operations per second,,text
4,1219,128 GB,128.0,gb
4,1235,LPDDR4X,,text
4,1236,3733 MHz,3733.0,mhz
4,1237,0,0.0,count
4,1238,Integrated,,text
4,1239,MediaTek,,text
4,1240,ChromeOS,,text
4,1241,Google Home,,text
4,1242,0,0.0,count
4,1243,0,0.0,count
4,1243,0,0.0,count
4,1244,0,0.0,count
4,1245,DisplayPort 1.4,,text
4,1246,2 x USB-C 3.2,,text
4,1246,2,2.0,count
4,1247,true,1.0,text
4,1248,true,1.0,boolean
4,1249,"Bluetooth, Wi-Fi",,text
4,1250,Wi-Fi 6,,text
4,1250,Wi-Fi 6,,text
4,1251,0,0.0,count
4,1249,None,,text
4,1252,USB-C,,text
4,1253,30 watts,30.0,w
4,1254,true,,text
4,1255,5 megapixels,5.0,mp
4,1248,true,1.0,boolean
4,1225,No,,text
4,1256,true,1.0,boolean
4,1225,Multi-touch,,text
4,1257,false,0.0,boolean
4,1258,false,0.0,boolean
4,1259,Waves MaxxAudio,,text
4,1259,2 x 1W,,text
4,1260,"Android apps, Google Assistant",,text
4,1261,Not Applicable,,text
4,1262,Privacy camera,,text
4,1262,None,,text
4,1225,None,,text
4,1263,Aluminum,,text
4,1264,0.3 in,0.3,in
4,1265,6.57 in,6.57,in
4,1266,10.57 in,10.57,in
4,1267,1.12 lb,1.12,lb
4,1268,true,1.0,boolean
4,1269,true,1.0,boolean
4,1269,Gold,,text
4,1270,None,,text
4,1225,false,,text
4,1225,false,,text
4,1271,1 year,,text
4,1272,1 year,,text
4,1273,198153907472,,text
13,1149,MT8186,,text
13,1152,8 GB,8.0,gb
13,1274,Notebook,,text
13,1173,ChromeOS,,text
13,1166,8,8.0,count
13,1164,Other,,text
13,1275,9.4,9.4,text
13,1275,8,8.0,text
13,1275,6.4,6.4,text
13,1275,1.4,1.4,w
13,1275,0.2,0.2,w
13,1275,3.2,3.2,w
13,1275,0.5,0.5,w
13,1188,No,,text
13,1146,false,0.0,boolean
13,1206,true,1.0,text
13,1276,02/15/2023,,text
13,1277,05/29/2025,,text
13,1278,"United States, Switzerland, Taiwan, Japan, Canada",,text
13,1279,4429388,,text
13,1211,196803504613,,text
3,1155,13.5 hours,13.5,wh
3,1280,16:9 Aspect Ratio,,text
3,1208,None,,text
3,1281,.73 inches (H) x 8.73 inches (W) x 12.83 inches (D),,in
3,1165,2.05 GHz,2.05,ghz
3,1152,4 GB,4.0,gb
3,1145,1920 x 1080,,text
3,1173,ChromeOS,,text
3,1282,MediaTek,,text
3,1151,EMMC,,text
3,1157,No Backlit Keyboard,,text
3,1181,2,2.0,count
3,1166,8,8.0,count
3,1144,14 inches,14.0,in
3,1185,Built-In Microphone,,text
3,1143,IPS,,text
3,1149,MediaTek Kompanio 520,,text
3,1283,"1 Year Limited Warranty. To obtain a copy of the manufacturer's or supplier's warranty for this item prior to purchasing the item, please call Target Guest Services at 1-800-591-3869",,text
3,1168,LPDDR4x,,text
3,1278,Home,,text
3,1284,USB-C,,text
3,1146,true,1.0,boolean
3,1285,New,,text
3,1286,Energy Star Certified,,text
3,1205,2.87 lb,2.87,lb
3,1208,None,,text
3,1186,Wi-Fi 6,,text
3,1153,ARM Mali-G52 2EE MC2,,text
3,1211,196803504613,,text
1,1218,MediaTek Kompanio 838,,text
1,1220,4 GB,4.0,gb
1,1219,128 GB,128.0,gb
1,1267,2.4 lb,2.4,lb
1,1214,1920 x 1200,,text
1,1223,13.8 Wh,13.8,wh
1,1287,"10.57""L x 6.57""W x 0.3""Th",,in
1,1240,ChromeOS,,text
1,1288,4K UHD 2160p,2160.0,p
1,1249,"Bluetooth, Wi-Fi",,text
1,1246,2,2.0,count
1,1289,"3.5mm Audio, USB Type C",,text
1,1290,3.7 GHz,3.7,ghz
1,1221,Integrated,,text
1,1229,Luna Gray,,text
1,1227,83HH0002US,,text
1,1273,198153907472,,text
8,1218,MediaTek Kompanio 838,,text
8,1220,4 GB,4.0,gb
8,1219,128 GB,128.0,gb
8,1267,1.12 lb,1.12,lb
8,1217,400 nits,400.0,nit
8,1214,1920 x 1200,,text
8,1223,13.9 watt-hours,13.9,wh
8,1212,LCD,,text
8,1213,10.95 inches,10.95,in
8,1216,60 Hz,60.0,hz
8,1238,Integrated,,text
8,1239,MediaTek,,text
8,1240,ChromeOS,,text
8,1246,2 x USB-C 3.2,,text
8,1291,Lithium-polymer,,text
8,1254,5 megapixels,,text
8,1292,0.3 inches,0.3,in
8,1293,6.57 inches,6.57,in
8,1294,10.57 inches,10.57,in
8,1295,2-cell,2.0,count
8,1253,30 watts,30.0,w
8,1234,Yes,,text
8,1234,4 trillions operations per second,,text
8,1268,true,1.0,text
8,1269,Yes,,text
8,1269,Gold,,text
8,1273,198153907472,,text
4,1296,15.6 inches,15.6,in
4,1297,1920 x 1080,,text
4,663,true,1.0,boolean
4,656,AMD Ryzen 7 7000 Series,,text
4,1298,1024 GB,1024.0,gb
4,657,16 GB,16.0,gb
4,1299,AMD Radeon Graphics,,text
4,1300,1 x HDMI 1.4,,text
4,1301,Lithium-ion,,text
4,1302,false,,text
4,1303,Dell,,text
4,670,884116426813,,text
4,1304,"Dell Inspiron 15.6"" Anti-Glare Touchscreen Laptop,AMD Ryzen 7 7730U,16GB DDR4,1TB SSD,Win 11 Pro,1TB Dock Set,Black",,text
4,1305,Black,,text
4,1306,2025,2025.0,year
4,1307,AMD,,text
4,656,AMD Ryzen 7 7730U,,text
4,660,8,8.0,count
4,1298,1024 GB,1024.0,gb
4,1308,DDR4,,text
4,1309,Integrated,,text
4,1310,AMD Radeon,,text
4,659,Windows 11 Pro,,text
4,1311,1,1.0,count
4,1312,true,,text
4,1313,0.75 in,0.75,in
4,1314,9.27 in,9.27,in
4,1315,14.11 in,14.11,in
4,1316,3.59 lb,3.59,lb
4,664,true,1.0,boolean
4,1317,1 year,,text
4,1318,1 year,,text
4,669,884116742180,,text
4,1319,16 inches,16.0,in
4,1320,1920 x 1200,,text
4,1321,false,0.0,boolean
4,1322,60 Hz,60.0,hz
4,1323,Intel Core 5 Series 1,,text
4,1324,256 GB,256.0,gb
4,1325,16 GB,16.0,gb
4,1326,Intel Graphics,,text
4,1327,1 x HDMI,,text
4,1328,Lithium-ion,,text
4,1329,true,,text
4,1330,Dell,,text
4,1331,"Pro 16 16"" FHD+ Laptop - Intel Core 5 120U, 16GB RAM - 256GB SSD - Copilot & Backlit Keyboard - PCO Laptop Cooler",,text
4,1332,Silver,,text
4,1333,2025,2025.0,year
4,1334,Intel,,text
4,1323,120U,,text
4,1324,256 GB,256.0,gb
4,1335,DDR5,,text
4,1336,5600 MHz,5600.0,mhz
4,1337,2,2.0,count
4,1338,Integrated,,text
4,1339,Intel,,text
4,1340,Windows 11 Pro,,text
4,1341,1,1.0,count
4,1342,0,0.0,count
4,1343,0,0.0,count
4,1344,2 x USB-A,,text
4,1344,4,4.0,count
4,1345,true,,text
4,1346,true,1.0,boolean
4,1347,Wi-Fi,,text
4,1348,Wi-Fi 6,,text
4,1348,Wi-Fi 6,,text
4,1349,1,1.0,count
4,1350,true,,text
4,1351,12.5 in,12.5,in
4,1352,2.7 in,2.7,in
4,1353,21.5 in,21.5,in
4,1354,6.8 lb,6.8,lb
4,1355,false,0.0,boolean
4,1356,1-year,,text
4,1357,1 year,,text
4,1358,810215808472,,text
4,1359,15.6 inches,15.6,in
4,1360,1920 x 1080,,text
4,1361,false,0.0,boolean
4,1362,Intel 13th Generation Core i7,,text
4,1363,1.2 gigahertz,1.2,ghz
4,1364,512 GB,512.0,gb
4,1365,16 GB,16.0,gb
4,1366,Intel UHD Graphics,,text
4,1367,1 x HDMI 1.4,,text
4,1368,Lithium-ion,,text
4,1369,true,,text
4,1370,Dell,,text
4,1371,"Dell 15 15.6"" FHD Display Laptop,Intel Core i7-1355U,16GB RAM,512GB SSD+160GB Docking Station,Win 11 Pro,Silver",,text
4,1372,Silver,,text
4,1373,2025,2025.0,year
4,1374,Intel,,text
4,1362,Intel Core i7-1355U,,text
4,1375,10,10.0,count
4,1364,512 GB,512.0,gb
4,1376,DDR4 SDRAM,,text
4,1377,Integrated,,text
4,1378,Intel,,text
4,1379,Windows 11 Pro,,text
4,1380,1 x USB-A,,text
4,1380,3,3.0,count
4,1381,2,2.0,count
4,1382,1,1.0,count
4,1383,true,,text
4,1384,0.69 in,0.69,in
4,1385,14.11 in,14.11,in
4,1386,9.25 in,9.25,in
4,1387,4.28 lb,4.28,lb
4,1388,true,1.0,boolean
4,1389,1 year,,text
4,1390,1 year,,text
4,1391,884116000068,,text
4,1392,15.6 inches,15.6,in
4,1393,1920 x 1080,,text
4,1394,true,1.0,boolean
4,1395,60 Hz,60.0,hz
4,1396,AMD Ryzen 7 7000 Series,,text
4,1397,512 GB,512.0,gb
4,1398,16 GB,16.0,gb
4,1399,AMD Radeon Graphics,,text
4,1400,1 x HDMI,,text
4,1401,Lithium-ion,,text
4,1402,false,,text
4,1403,Dell,,text
4,1404,"Inspiron 3000 Series 15.6"" Touchscreen Laptop - AMD Ryzen 7 7730U, 16GB RAM - 512GB SSD - Numeric KP - PCO LT Cooler",,text
4,1405,Black,,text
4,1406,2025,2025.0,year
4,1407,AMD,,text
4,1396,AMD Ryzen 7 7730U,,text
4,1397,512 GB,512.0,gb
4,1408,DDR4 SoDIMM,,text
4,1409,3200 MHz,3200.0,mhz
4,1410,2,2.0,count
4,1411,Integrated,,text
4,1412,AMD Radeon,,text
4,1413,Windows 11 Home,,text
4,1414,1,1.0,count
4,1415,0,0.0,count
4,1416,0,0.0,count
4,1417,2 x USB-A,,text
4,1417,3,3.0,count
4,1418,true,1.0,text
4,1419,true,1.0,boolean
4,1420,Wi-Fi,,text
4,1421,Wi-Fi 5,,text
4,1421,Wi-Fi 5,,text
4,1422,0,0.0,count
4,1423,true,,text
4,1424,14 in,14.0,in
4,1425,3.5 in,3.5,in
4,1426,17.5 in,17.5,in
4,1427,5.9 lb,5.9,lb
4,1428,false,0.0,boolean
4,1429,1-year,,text
4,1430,1 year,,text
4,1431,810215807758,,text
4,1432,WVA,,text
4,1433,14 inches,14.0,in
4,1434,1920 x 1200,,text
4,1435,true,1.0,boolean
4,1436,250 nits,250.0,nit
4,1437,AMD Ryzen 5 8000 Series,,text
4,1438,3.5 gigahertz,3.5,ghz
4,1439,512 GB,512.0,gb
4,1440,16 GB,16.0,gb
4,1441,AMD Radeon Graphics,,text
4,1442,"1 x HDMI 1.4, Display connection via USB port",,text
4,1443,4-cell,4.0,wh
4,1444,2in1_design,,text
4,1445,true,,text
4,1446,Dell,,text
4,1447,"Inspiron 14 - 14"" FHD+ 2-in-1 Touchscreen Laptop - AMD Ryzen 5 8640HS 2023 - 16GB Memory - 512GB Storage  - Win 11Pro",,text
4,1448,Midnight Blue,,text
4,1449,2024,2024.0,year
4,1450,AMD,,text
4,1437,8640HS,,text
4,1451,4.9 GHz,4.9,ghz
4,1452,6,6.0,count
4,1453,12,12.0,count
4,1454,L3,,text
4,1454,16 megabytes,16.0,mb
4,1439,512 GB,512.0,gb
4,1455,SSD,,text
4,1456,DDR5,,text
4,1457,Integrated,,text
4,1458,AMD Radeon,,text
4,1459,2.6 gigahertz,2600.0,mhz
4,1460,8,8.0,count
4,1461,Windows 11 Home,,text
4,1462,64-bit,,text
4,1463,1,1.0,count
4,1464,DisplayPort 1.4,,text
4,1465,"2 x USB-A 3.0, 2 x USB-C 3.1",,text
4,1465,4,4.0,count
4,1466,true,1.0,text
4,1467,true,1.0,boolean
4,1468,"Bluetooth, Wi-Fi",,text
4,1469,Wi-Fi 6,,text
4,1469,Wi-Fi 6E,,text
4,1470,65 watts,65.0,w
4,1471,true,,text
4,1472,1080p,1080.0,p
4,1467,true,1.0,boolean
4,1445,No,,text
4,1473,true,1.0,boolean
4,1473,microSD,,text
4,1474,audio processing by Dolby Atomos Core and Waves MaxxAudio Pro,,text
4,1474,2 tuned speakers,,text
4,1475,Copilot,,text
4,1476,0.74 in,0.74,in
4,1477,12.36 in,12.36,in
4,1478,8.9 in,8.9,in
4,1479,3.77 lb,3.77,lb
4,1480,true,1.0,boolean
4,1481,true,1.0,boolean
4,1481,Silver,,text
4,1482,"1-Year Warranty from IST Computers, 3-Year Extended RAM Warranty from IST Computers",,text
4,1483,"1-Year Warranty from IST Computers, 3-Year Extended RAM Warranty from IST Computers",,text
4,1484,810210912518,,text
4,1485,15.6 inches,15.6,in
4,1486,1920 x 1080,,text
4,1487,true,1.0,boolean
4,1488,Intel 13th Generation Core i7,,text
4,1489,1.3 gigahertz,1.3,ghz
4,1490,1024 GB,1024.0,gb
4,1491,32 GB,32.0,gb
4,1492,Intel UHD Graphics,,text
4,1493,1 x HDMI 1.4,,text
4,1494,Lithium-ion,,text
4,1495,false,,text
4,1496,Dell,,text
4,1497,884116430292,,text
4,1498,"Dell Inspiron 15 FHD 15.6"" Touchscreen Laptop,Intel i7-1355U,32GB RAM,1TB SSD+1TB Docking Station,Windows 11 Pro,Black",,text
4,1499,Black,,text
4,1500,2025,2025.0,year
4,1501,Intel,,text
4,1488,Intel Core i7-1355U,,text
4,1502,10,10.0,count
4,1490,1024 GB,1024.0,gb
4,1503,DDR4,,text
4,1504,Integrated,,text
4,1505,Intel,,text
4,1506,Windows 11 Pro,,text
4,1507,1 x USB-A 2.0,,text
4,1507,3,3.0,count
4,1508,1,1.0,count
4,1509,2,2.0,count
4,1510,Wi-Fi,,text
4,1511,Wi-Fi 6,,text
4,1511,Wi-Fi 6,,text
4,1512,true,,text
4,1513,0.75 in,0.75,in
4,1514,14.11 in,14.11,in
4,1515,9.27 in,9.27,in
4,1516,3.66 lb,3.66,lb
4,1517,true,1.0,boolean
4,1518,1 year,,text
4,1519,1 year,,text
4,1520,884116636861,,text
4,1521,16 inches,16.0,in
4,1522,1920 x 1200,,text
4,1523,false,0.0,boolean
4,1524,60 Hz,60.0,hz
4,1525,Intel Core 5 Series 1,,text
4,1526,512 GB,512.0,gb
4,1527,32 GB,32.0,gb
4,1528,Intel Graphics,,text
4,1529,1 x HDMI,,text
4,1530,Lithium-ion,,text
4,1531,true,,text
4,1532,Dell,,text
4,1533,"Pro 16 16"" FHD+ Laptop - Intel Core 5 120U, 32GB RAM - 512GB SSD - Copilot & Backlit Keyboard - PCO Laptop Cooler",,text
4,1534,Silver,,text
4,1535,2025,2025.0,year
4,1536,Intel,,text
4,1525,120U,,text
4,1526,512 GB,512.0,gb
4,1537,DDR5,,text
4,1538,5600 MHz,5600.0,mhz
4,1539,2,2.0,count
4,1540,Integrated,,text
4,1541,Intel,,text
4,1542,Windows 11 Pro,,text
4,1543,1,1.0,count
4,1544,0,0.0,count
4,1545,0,0.0,count
4,1546,2 x USB-A,,text
4,1546,4,4.0,count
4,1547,true,,text
4,1548,true,1.0,boolean
4,1549,Wi-Fi,,text
4,1550,Wi-Fi 6,,text
4,1550,Wi-Fi 6,,text
4,1551,1,1.0,count
4,1552,true,,text
4,1553,12.5 in,12.5,in
4,1554,2.7 in,2.7,in
4,1555,21.5 in,21.5,in
4,1556,6.8 lb,6.8,lb
4,1557,false,0.0,boolean
4,1558,1-year,,text
4,1559,1 year,,text
4,1560,810215808519,,text
3,1531,Backlit Keyboard,,text
3,1537,DDR5,,text
3,1561,5 GHz,5.0,ghz
3,1523,false,0.0,boolean
3,1562,16:10 Aspect Ratio,,text
3,1542,Windows 11 Pro,,text
3,1521,16 inches,16.0,in
3,1563,Intel Core 5,,text
3,1564,Variable RPM,,text
3,1528,Intel Graphics,,text
3,1526,SSD (NVMe),,text
3,1548,Built-In Microphone,,text
3,1565,12,12.0,count
3,1566,12.5 inches (H) x 2.7 inches (W) x 21.5 inches (D),,in
3,1546,4,4.0,count
3,1530,20 hours,20.0,wh
3,1567,"1 Year Limited Warranty. To obtain a copy of the manufacturer's or supplier's warranty for this item prior to purchasing the item, please call Target Guest Services at 1-800-591-3869",,text
3,1527,32 GB,32.0,gb
3,1568,USB-C,,text
3,1569,Business,,text
3,1570,Not Listed or Certified,,text
3,1522,1920 x 1200,,text
3,1571,New,,text
3,1556,6.8 lb,6.8,lb
3,1525,Intel Core 5 120U,,text
3,1564,None,,text
3,1549,Wi-Fi 6,,text
3,1560,810215808519,,text
4,1572,IPS,,text
4,1573,13.3 inches,13.3,in
4,1574,1920 x 1080,,text
4,1575,true,1.0,boolean
4,1576,300 nits,300.0,nit
4,1577,Intel 13th Generation Core i5,,text
4,1578,512 GB,512.0,gb
4,1579,16 GB,16.0,gb
4,1580,Intel Iris Xe Graphics,,text
4,1581,1 x HDMI 1.4,,text
4,1582,Lithium-ion,,text
4,1583,2in1_design,,text
4,1584,true,,text
4,1585,Dell,,text
4,1586,Latitude 13 3340 2-in-1 13.3 FHD Touch Business Laptop - Intel Core i5 - 16GB RAM - 512GB SSD - Backlit - Win 11Pro,,text
4,1587,Gray,,text
4,1588,2026,2026.0,year
4,1589,Anti-glare,,text
4,1590,72 percent,,text
4,1591,Intel,,text
4,1577,1335U,,text
4,1592,10,10.0,count
4,1593,12,12.0,count
4,1578,512 GB,512.0,gb
4,1594,LPDDR5X,,text
4,1595,Integrated,,text
4,1596,Intel,,text
4,1597,Windows 11 Pro,,text
4,1598,true,1.0,text
4,1599,true,1.0,boolean
4,1600,"Bluetooth, Wi-Fi",,text
4,1601,Wi-Fi 6,,text
4,1601,Wi-Fi 6E,,text
4,1602,true,,text
4,1603,1080p,1080.0,p
4,1599,true,1.0,boolean
4,1604,Copilot,,text
4,1605,0.74 in,0.74,in
4,1606,8.29 in,8.29,in
4,1607,12.05 in,12.05,in
4,1608,2.97 lb,2.97,lb
4,1609,false,0.0,boolean
4,1610,"1-Year Warranty from IST Computers, 3-Year Extended SSD Warranty from IST Computers",,text
4,1611,"1-Year Warranty from IST Computers, 3-Year Extended SSD Warranty from IST Computers",,text
4,1612,810210911870,,text
4,1613,15.6 inches,15.6,in
4,1614,1920 x 1080,,text
4,1615,true,1.0,boolean
4,1616,AMD Ryzen 5 7000 Series,,text
4,1617,2 gigahertz,2.0,ghz
4,1618,1024 GB,1024.0,gb
4,1619,16 GB,16.0,gb
4,1620,AMD Radeon Graphics,,text
4,1621,1 x HDMI 1.4,,text
4,1622,Lithium-ion,,text
4,1623,false,,text
4,1624,Dell,,text
4,1625,884116429616,,text
4,1626,"Dell Inspiron 15.6"" FHD Touchscreen Laptop,Ryzen 5 7530U,16GB RAM,1TB SSD+1TB Dock Set,Radeon Graphics,Win 11,Black",,text
4,1627,Black,,text
4,1628,2025,2025.0,year
4,1629,AMD,,text
4,1616,7530U,,text
4,1630,6,6.0,count
4,1618,1024 GB,1024.0,gb
4,1631,DDR4,,text
4,1632,Integrated,,text
4,1633,AMD Radeon,,text
4,1634,Windows 11 Home,,text
4,1635,2 x USB-A,,text
4,1635,3,3.0,count
4,1636,2,2.0,count
4,1637,1,1.0,count
4,1638,true,,text
4,1639,0.75 in,0.75,in
4,1640,14.11 in,14.11,in
4,1641,9.27 in,9.27,in
4,1642,3.59 lb,3.59,lb
4,1643,false,0.0,boolean
4,1644,1 year,,text
4,1645,1 year,,text
4,1646,884116681274,,text
4,1647,13.3 inches,13.3,in
4,1648,1920 x 1080,,text
4,1649,true,1.0,boolean
4,1650,60 Hz,60.0,hz
4,1651,Intel Core Ultra 7 Series 1,,text
4,1652,512 GB,512.0,gb
4,1653,32 GB,32.0,gb
4,1654,Intel Graphics,,text
4,1655,1 x HDMI,,text
4,1656,Lithium-ion,,text
4,1657,true,,text
4,1658,Dell,,text
4,1659,"Latitude 5000 Series 13.3"" Touchscreen Laptop - Intel Core Ultra 7 165U, 32GB RAM - 512GB SSD - PCO Laptop Cooler",,text
4,1660,Gray,,text
4,1661,2025,2025.0,year
4,1662,Intel,,text
4,1651,165U,,text
4,1652,512 GB,512.0,gb
4,1663,Not provided,,text
4,1664,3200 MHz,3200.0,mhz
4,1665,0,0.0,count
4,1666,Integrated,,text
4,1667,Intel,,text
4,1668,Windows 11 Pro,,text
4,1669,1,1.0,count
4,1670,0,0.0,count
4,1671,0,0.0,count
4,1672,2 x USB-A,,text
4,1672,4,4.0,count
4,1673,true,1.0,text
4,1674,true,1.0,boolean
4,1675,Wi-Fi,,text
4,1676,Wi-Fi 6,,text
4,1676,Wi-Fi 6,,text
4,1677,0,0.0,count
4,1678,true,,text
4,1679,13.2 in,13.2,in
4,1680,2.5 in,2.5,in
4,1681,15 in,15.0,in
4,1682,5.2 lb,5.2,lb
4,1683,false,0.0,boolean
4,1684,1-year,,text
4,1685,1 year,,text
4,1686,810215808441,,text
13,657,16 GB,16.0,gb
13,661,11.8 kWh,11.8,kwh
13,661,8 kWh,8.0,kwh
13,661,8.3 kWh,8.3,kwh
13,661,0.4 watts,0.4,w
13,661,0.2 watts,0.2,w
13,661,5.4 watts,5.4,w
13,661,0.4 watts,0.4,w
4,1687,WVA,,text
4,1688,16 inches,16.0,in
4,1689,1920 x 1200,,text
4,649,true,1.0,boolean
4,1690,60 Hz,60.0,hz
4,1691,300 nits,300.0,nit
4,642,Intel Core Ultra 7 Series 2,,text
4,1692,2.2 gigahertz,2.2,ghz
4,1693,1024 GB,1024.0,gb
4,643,16 GB,16.0,gb
4,1694,Intel Arc Graphics,,text
4,1695,1 x HDMI 2.1,,text
4,1696,4-cell,4.0,wh
4,1697,2in1_design,,text
4,1698,true,,text
4,1699,Dell,,text
4,1700,LDB06250-7144BLU-PUS,,text
4,1701,"Plus - Copilot+ PC - 16"" 2K 2-in-1 Touchscreen Laptop - Intel Core Ultra 7 256V 2024 - 16GB Memory - 1TB Storage",,text
4,1702,Ice Blue,,text
4,1703,2025,2025.0,year
4,1687,LED,,text
4,1698,Active,,text
4,1704,Not Applicable,,text
4,1705,Intel,,text
4,642,256V,,text
4,1703,2024,2024.0,year
4,1706,4.8 GHz,4.8,ghz
4,646,8,8.0,count
4,1707,L1,,text
4,1707,12 megabytes,12.0,mb
4,1708,false,0.0,tops
4,1693,1024 GB,1024.0,gb
4,1709,SSD,,text
4,1710,LPDDR5X,,text
4,1711,8533 MHz,8533.0,mhz
4,1712,Integrated,,text
4,1713,Intel,,text
4,1714,0 gigahertz,0.0,mhz
4,1715,0 gigahertz,0.0,ghz
4,1716,0,0.0,count
4,645,Windows 11 Home,,text
4,1717,64-bit,,text
4,1718,1,1.0,count
4,1719,0,0.0,count
4,1720,"1 x USB-A 3.2, 1 x USB-C 3.2",,text
4,1720,2,2.0,count
4,1721,1,1.0,count
4,1722,true,1.0,text
4,1723,true,1.0,boolean
4,1724,"Bluetooth, Wi-Fi",,text
4,1725,Wi-Fi 7,,text
4,1725,Wi-Fi 7,,text
4,1724,None,,text
4,1726,Air,,text
4,1727,65 Watt AC Adapter,65.0,w
4,1728,true,,text
4,1723,true,1.0,boolean
4,1729,false,0.0,boolean
4,1698,Multi-gesture,,text
4,1730,false,0.0,boolean
4,1731,false,0.0,boolean
4,1732,Stereo speakers with Realtek ALC3329 Audio Controller,,text
4,1732,2.5W x 2 = 5W total peak,,text
4,1733,Copilot+ PC,,text
4,1698,None,,text
4,1734,0.67 in,0.67,in
4,1735,14.05 in,14.05,in
4,1736,9.87 in,9.87,in
4,1737,4.52 lb,4.52,lb
4,650,false,0.0,boolean
4,1738,true,1.0,boolean
4,1738,Gold,,text
4,1739,McAfee+ Premium 30-day trialMS Office 30-Day Trial,,text
4,1709,None,,text
4,1698,false,,text
4,1740,15 Months Mail In Service-Retail,,text
4,1741,15 Months Mail In Service-Retail,,text
4,655,884116483144,,text
7,642,Intel Core Ultra 7 256V (2.2GHz),,text
7,643,16 GB,16.0,gb
7,1693,1024 GB,1024.0,gb
7,1737,4.52 lb,4.52,lb
7,1691,300 nits,300.0,nit
7,1689,1920 x 1200,,text
7,1742,917344,,text
7,1700,LDB06250-7144BL,,text
7,655,884116483144,,text
7,1743,Notebook PC,,text
7,1702,Ice Blue,,text
7,645,Windows 11 Home,,text
7,1744,Core Ultra 7,,text
7,1706,Up to 4.8GHz,,text
7,646,8,8.0,count
7,1707,12MB,12.0,mb
7,1708,Intel AI Boost,,text
7,1708,Up to 47 TOPS,,text
7,1709,SSD,,text
7,1709,,,text
7,1690,60 Hz,60.0,hz
7,1745,1080p,1080.0,p
7,1712,Intel Arc Graphics,,text
7,1732,2 x 2.5W Speakers,,text
7,1746,Bluetooth 5.4,,text
7,1747,Thunderbolt 4 x1,1.0,count
7,1720,"1 x USB 3.2 (Gen 2 Type-C), 1 x USB 3.2 (Gen 1 Type-A)",,text
7,1718,1,1.0,count
7,1748,Fingerprint Reader,,text
7,1698,"Backlit Keyboard, Copilot Key",,text
7,1727,65 Watt AC Adapter,65.0,w
7,1749,4-Cell Lithium-Ion,,text
7,1750,EPEAT Gold,,text
7,1751,"Width: 14.05 in. (356.87 mm), Depth: 9.87 in. (250.70 mm), Height: 0.67 in. (17.02 mm)",,in
8,642,Intel Core Ultra 9 285HX,,text
8,643,64 GB,64.0,gb
8,1693,4096 GB,4000.0,gb
8,1689,1920 x 1080,,text
8,1694,GeForce RTX 5080 Laptop GPU,,text
8,1700,Raider 18 HX AI A2XWIG-014US,,text
8,645,Windows 11 Home,,text
8,644,Gaming Laptop,,text
4,1752,WVA,,text
4,1753,15.6 inches,15.6,in
4,1754,1920 x 1080,,text
4,1755,true,1.0,boolean
4,1756,60 Hz,60.0,hz
4,1757,220 nits,220.0,nit
4,1758,Intel 13th Generation Core i5,,text
4,1759,1.3 gigahertz,1.3,ghz
4,1760,512 GB,512.0,gb
4,1761,8 GB,8.0,gb
4,1762,Intel UHD Graphics,,text
4,1763,1 x HDMI 1.4,,text
4,1764,41 milliampere hours,41.0,wh
4,1765,false,0.0,text
4,1766,false,0.0,text
4,1767,Dell,,text
4,1768,LDC15250-5315BLK-PUS,,text
4,1769,"15.6"" 2K Touchscreen Laptop - Intel Core i5 1334U 2023 - 8GB Memory - 512 GB Storage",,text
4,1770,Carbon Black,,text
4,1771,2025,2025.0,year
4,1752,LCD,,text
4,1766,Passive,,text
4,1772,Not Applicable,,text
4,1773,Anti-glare,,text
4,1774,45 percent,45.0,percent
4,1775,Intel,,text
4,1758,Intel Core i5-1334U,,text
4,1771,2023,2023.0,text
4,1776,3.4 GHz,3.4,ghz
4,1777,10,10.0,count
4,1778,12,12.0,count
4,1779,L1,,text
4,1779,12 megabytes,12.0,mb
4,1780,false,0.0,tops
4,1760,512 GB,512.0,gb
4,1781,SSD,,text
4,1782,DDR4,,text
4,1783,2666 MHz,2666.0,mhz
4,1784,2,2.0,count
4,1784,1,1.0,count
4,1785,16 gigabytes,16.0,gb
4,1786,Integrated,,text
4,1787,Intel,,text
4,1788,Windows 11 Home,,text
4,1789,64-bit,,text
4,1790,1,1.0,count
4,1791,"1 x USB-A 2.0, 1 x USB-A 3.2, 1 x USB-C 3.2",,text
4,1791,3,3.0,count
4,1792,true,1.0,text
4,1793,false,0.0,boolean
4,1794,"Bluetooth, Wi-Fi",,text
4,1795,Wi-Fi 6,,text
4,1795,Wi-Fi 6,,text
4,1796,0,0.0,count
4,1794,None,,text
4,1797,Air,,text
4,1798,DC jack (4.5mm),,text
4,1799,65 watts,65.0,w
4,1800,true,,text
4,1801,0.92 megapixels,0.92,mp
4,1802,720p,720.0,p
4,1793,true,1.0,boolean
4,1766,No,,text
4,1755,false,0.0,boolean
4,1803,false,0.0,boolean
4,1766,Precision,,text
4,1804,true,1.0,boolean
4,1804,Secure Digital,,text
4,1805,MaxxAudio Pro (Windows),,text
4,1805,Stereo Speakers (Windows),,text
4,1806,Copilot,,text
4,1807,None,,text
4,1808,0.69 in,0.69,in
4,1809,9.25 in,9.25,in
4,1810,14.11 in,14.11,in
4,1811,4.28 lb,4.28,lb
4,1812,true,1.0,boolean
4,1813,true,1.0,text
4,1813,Silver,,text
4,1814,"McAfee+ Premium 30-day trial, Microsoft 365 30-day trial",,text
4,1781,None,,text
4,1766,true,1.0,text
4,1766,false,0.0,text
4,1815,1 Year Mail In Service,,text
4,1816,1 Year Mail In Service,,text
4,1817,884116430315,,text
3,1764,7 hours,7.0,wh
3,1818,16:9 Aspect Ratio,,text
3,1762,Intel UHD Graphics,,text
3,1781,None,,text
3,1819,Intel Core i5,,text
3,1811,4.28 lb,4.28,lb
3,1754,1920 x 1080,,text
3,1788,Windows 11 Home,,text
3,1820,HDMI,,text
3,1766,No Backlit Keyboard,,text
3,1782,DDR4,,text
3,1791,3,3.0,count
3,1760,SSD (NVMe),,text
3,1753,15.6 inches,15.6,in
3,1793,Built-In Microphone,,text
3,1821,.69 inches (H) x 14.11 inches (W) x 9.25 inches (D),,in
3,1777,10,10.0,count
3,1752,IPS,,text
3,1822,"1 Year Limited Warranty. To obtain a copy of the manufacturer's or supplier's warranty for this item prior to purchasing the item, please call Target Guest Services at 1-800-591-3869",,text
3,1776,1.3 GHz,1.3,ghz
3,1761,8 GB,8.0,gb
3,1823,Home,,text
3,1755,true,1.0,boolean
3,1824,New,,text
3,1825,Energy Star Certified,,text
3,1781,None,,text
3,1794,Wi-Fi 6,,text
3,1758,Intel Core i5-1334U,,text
3,1817,884116430315,,text
4,1826,17.3 inches,17.3,in
4,1827,1600 x 900,,text
4,1828,true,1.0,boolean
4,1829,60 Hz,60.0,hz
4,1830,Intel 13th Generation Core i7,,text
4,1831,512 GB,512.0,gb
4,1832,16 GB,16.0,gb
4,1833,Intel Iris Xe Graphics,,text
4,1834,1 x HDMI,,text
4,1835,Lithium-ion,,text
4,1836,true,,text
4,1837,HP,,text
4,1838,"17 Laptop 17.3"" HD+ Touchscreen - Intel Core i7-1355U with 16GB RAM - 512GB Solid State Drive - PCO Laptop Cooler",,text
4,1839,Rose,,text
4,1840,2025,2025.0,year
4,1841,Intel,,text
4,1830,Intel Core i7-1355U,,text
4,1831,512 GB,512.0,gb
4,1842,DDR4 SoDIMM,,text
4,1843,3200 MHz,3200.0,mhz
4,1844,2,2.0,count
4,1845,Integrated,,text
4,1846,Intel,,text
4,1847,Windows 11 Home,,text
4,1848,1,1.0,count
4,1849,0,0.0,count
4,1849,0,0.0,count
4,1850,0,0.0,count
4,1851,2 x USB-A,,text
4,1851,3,3.0,count
4,1852,true,1.0,text
4,1853,true,1.0,boolean
4,1854,Wi-Fi,,text
4,1855,Wi-Fi 6,,text
4,1855,Wi-Fi 6,,text
4,1856,true,,text
4,1857,2.8 in,2.8,in
4,1858,13.5 in,13.5,in
4,1859,20.3 in,20.3,in
4,1860,6.6 lb,6.6,lb
4,1861,false,0.0,boolean
4,1862,1-year,,text
4,1863,1 year,,text
4,1864,427138861509,,text
4,1865,IPS,,text
4,1866,14 inches,14.0,in
4,1867,1920 x 1080,,text
4,1868,true,1.0,boolean
4,1869,300 nits,300.0,nit
4,1870,Intel Core i3,,text
4,1871,256 GB,256.0,gb
4,1872,8 GB,8.0,gb
4,1873,Intel UHD Graphics,,text
4,1874,"Display connection via USB port, Display connection via USB port",,text
4,1875,2-cell,2.0,wh
4,1876,2in1_design,,text
4,1877,true,,text
4,1878,HP,,text
4,1879,14b-cd0023dx/A4HB3UA#ABA,,text
4,1880,"14"" 2-in-1 Full HD Touch-Screen Chromebook Plus Laptop with Google AI - Intel Core i3 N305 2023 - 8GB Memory - 256GB UFS",,text
4,1881,Meteor Silver,,text
4,1882,2024,2024.0,year
4,1865,LED,,text
4,1883,62.5 percent,62.5,percent
4,1884,Intel,,text
4,1870,N305,,text
4,1885,3.8 GHz,3.8,ghz
4,1886,8,8.0,count
4,1887,false,0.0,boolean
4,1888,L3,,text
4,1888,6 megabytes,6.0,mb
4,1889,false,0.0,tops
4,1890,LPDDR5,,text
4,1891,4800 MHz,4800.0,mhz
4,1892,Integrated,,text
4,1893,Intel,,text
4,1894,ChromeOS,,text
4,1895,Other,,text
4,1896,0,0.0,count
4,1896,0,0.0,count
4,1897,0,0.0,count
4,1898,DisplayPort 1.4,,text
4,1899,"2 x USB-C 3.0, 1 x USB-A 3.0",,text
4,1899,3,3.0,count
4,1900,true,1.0,text
4,1901,true,1.0,boolean
4,1902,"Bluetooth, Wi-Fi",,text
4,1903,Wi-Fi 6E,,text
4,1904,0,0.0,count
4,1902,None,,text
4,1905,45 watts,45.0,w
4,1906,true,,text
4,1907,1080p,1080.0,p
4,1901,true,1.0,boolean
4,1908,false,0.0,boolean
4,1909,false,0.0,boolean
4,1910,HD Audio with stereo speakers,,text
4,1911,Not Applicable,,text
4,1912,Privacy camera,,text
4,1913,0.81 in,0.81,in
4,1914,12.72 in,12.72,in
4,1915,8.28 in,8.28,in
4,1916,3.03 lb,3.03,lb
4,1917,true,1.0,boolean
4,1918,true,1.0,boolean
4,1918,Gold,,text
4,1919,None,,text
4,1877,false,,text
4,1920,1 year,,text
4,1921,1 year,,text
4,1922,198415330239,,text
4,1923,17.3 inches,17.3,in
4,1924,1600 x 900,,text
4,1925,true,1.0,boolean
4,1926,60 Hz,60.0,hz
4,1927,Intel 13th Generation Core i7,,text
4,1928,2048 GB,2048.0,gb
4,1929,64 GB,64.0,gb
4,1930,Intel Iris Xe Graphics,,text
4,1931,1 x HDMI,,text
4,1932,Lithium-ion,,text
4,1933,true,,text
4,1934,HP,,text
4,1935,17.3'' Touchscreen Laptop - Intel Core i7 - 64GB RAM - 2TB SSD - FP Reader & Backlit KB - Win 11 Pro - PCO Laptop Cooler,,text
4,1936,Silver,,text
4,1937,2025,2025.0,year
4,1938,Intel,,text
4,1927,Intel Core i7-1355U,,text
4,1928,2048 GB,2048.0,gb
4,1939,DDR4 SoDIMM,,text
4,1940,3200 MHz,3200.0,mhz
4,1941,2,2.0,count
4,1942,Integrated,,text
4,1943,Intel,,text
4,1944,Windows 11 Pro,,text
4,1945,1,1.0,count
4,1946,0,0.0,count
4,1946,0,0.0,count
4,1947,0,0.0,count
4,1948,2 x USB-A,,text
4,1948,3,3.0,count
4,1949,true,1.0,text
4,1950,true,1.0,boolean
4,1951,Wi-Fi,,text
4,1952,Wi-Fi 6,,text
4,1952,Wi-Fi 6,,text
4,1953,0,0.0,count
4,1954,true,,text
4,1955,2.7 in,2.7,in
4,1956,13.5 in,13.5,in
4,1957,20.5 in,20.5,in
4,1958,6.7 lb,6.7,lb
4,1959,false,0.0,boolean
4,1960,1-year,,text
4,1961,1 year,,text
4,1962,427138848098,,text
4,1963,15.6 inches,15.6,in
4,1964,1920 x 1080,,text
4,1965,false,0.0,boolean
4,1966,AMD Ryzen 7 5000 Series,,text
4,1967,1024 GB,1024.0,gb
4,1968,32 GB,32.0,gb
4,1969,AMD Radeon Graphics,,text
4,1970,1 x HDMI 1.4,,text
4,1971,Lithium-ion,,text
4,1972,false,,text
4,1973,HP,,text
4,1974,199251245312,,text
4,1975,"HP 15.6"" FHD Laptop,AMD Ryzen 7 5825U,32GB DDR4 RAM,1TB SSD,AMD Radeon Graphics,Copilot,Wi-Fi 6,Windows 11 Pro,Silver",,text
4,1976,Silver,,text
4,1977,2025,2025.0,year
4,1978,AMD,,text
4,1966,5825U,,text
4,1979,4.5 GHz,4.5,ghz
4,1980,8,8.0,count
4,1967,1024 GB,1024.0,gb
4,1981,DDR4,,text
4,1982,Integrated,,text
4,1983,AMD Radeon,,text
4,1984,Windows 11 Pro,,text
4,1985,2 x USB-A,,text
4,1985,3,3.0,count
4,1986,2,2.0,count
4,1987,1,1.0,count
4,1988,true,,text
4,1989,0.73 in,0.73,in
4,1990,14.17 in,14.17,in
4,1991,9.29 in,9.29,in
4,1992,3.52 lb,3.52,lb
4,1993,true,1.0,boolean
4,1994,1 year,,text
4,1995,1 year,,text
4,1996,196188696316,,text
4,1997,17.3 inches,17.3,in
4,1998,1920 x 1080,,text
4,1999,true,1.0,boolean
4,2000,60 Hz,60.0,hz
4,2001,Intel Core Ultra 7 Series 2,,text
4,2002,1024 GB,1024.0,gb
4,2003,32 GB,32.0,gb
4,2004,Intel Arc Graphics 140V,,text
4,2005,1 x HDMI,,text
4,2006,Lithium-ion,,text
4,2007,true,,text
4,2008,HP,,text
4,2009,198701277811,,text
4,2010,"OmniBook 7 17.3"" FHD Touchscreen Laptop - Intel Core Ultra 7 258V - 32GB RAM - 1TB SSD - Backlit KB - PCO Laptop cooler",,text
4,2011,Silver,,text
4,2012,2025,2025.0,year
4,2013,Intel,,text
4,2001,258V,,text
4,2002,1024 GB,1024.0,gb
4,2014,Not provided,,text
4,2015,3200 MHz,3200.0,mhz
4,2016,0,0.0,count
4,2017,Integrated,,text
4,2018,Intel,,text
4,2019,Windows 11 Home,,text
4,2020,1,1.0,count
4,2021,0,0.0,count
4,2022,0,0.0,count
4,2023,3 x USB-A,,text
4,2023,5,5.0,count
4,2024,true,1.0,text
4,2025,true,1.0,boolean
4,2026,Wi-Fi,,text
4,2027,Wi-Fi 7,,text
4,2027,Wi-Fi 7,,text
4,2028,0,0.0,count
4,2029,true,,text
4,2030,12.5 in,12.5,in
4,2031,3 in,3.0,in
4,2032,18.3 in,18.3,in
4,2033,7.9 lb,7.9,lb
4,2034,false,0.0,boolean
4,2035,1-year,,text
4,2036,1 year,,text
4,2037,810215804047,,text
3,2033,7.9 lb,7.9,lb
3,2007,Backlit Keyboard,,text
3,2038,16:9 Aspect Ratio,,text
3,2019,Windows 11 Home,,text
3,2014,LPDDR4,,text
3,2006,20 hours,20.0,wh
3,1998,1920 x 1080,,text
3,2004,Intel Arc Graphics 140V,,text
3,2039,Variable RPM,,text
3,2040,12.5 inches (H) x 3 inches (W) x 18.3 inches (D),,in
3,2041,8,8.0,count
3,2042,4.5 GHz,4.5,ghz
3,2043,Intel Core Ultra 7,,text
3,2025,Built-In Microphone,,text
3,2023,5,5.0,count
3,2001,Intel Core Ultra 7 258V,,text
3,2044,"1 Year Limited Warranty. To obtain a copy of the manufacturer's or supplier's warranty for this item prior to purchasing the item, please call Target Guest Services at 1-800-591-3869",,text
3,2003,32 GB,32.0,gb
3,2045,Home,,text
3,2026,Wi-Fi 7,,text
3,2046,USB-C,,text
3,2047,Not Listed or Certified,,text
3,1999,true,1.0,boolean
3,2048,New,,text
3,2002,SSD (NVMe),,text
3,1997,17.3 inches,17.3,in
3,2039,None,,text
3,2037,810215804047,,text
4,2049,17.3 inches,17.3,in
4,2050,1600 x 900,,text
4,2051,true,1.0,boolean
4,2052,60Hz,,text
4,2053,Intel 13th Generation Core i7,,text
4,2054,1024 GB,1024.0,gb
4,2055,32 GB,32.0,gb
4,2056,Intel Iris Xe Graphics,,text
4,2057,1 x HDMI,,text
4,2058,Lithium-ion,,text
4,2059,true,,text
4,2060,HP,,text
4,2061,"17 Laptop 17.3"" HD+ Touchscreen - Intel Core i7-1355U with 32GB RAM - 1TB Solid State Drive - PCO Laptop Cooler",,text
4,2062,Rose,,text
4,2063,2025,2025.0,year
4,2064,Intel,,text
4,2053,Intel Core i7-1355U,,text
4,2054,1024 GB,1024.0,gb
4,2065,DDR4 SoDIMM,,text
4,2066,3200 MHz,3200.0,mhz
4,2067,2,2.0,count
4,2068,Integrated,,text
4,2069,Intel,,text
4,2070,Windows 11 Home,,text
4,2071,1,1.0,count
4,2072,0,0.0,count
4,2072,0,0.0,count
4,2073,0,0.0,count
4,2074,2 x USB-A,,text
4,2074,3,3.0,count
4,2075,true,1.0,text
4,2076,true,1.0,boolean
4,2077,Wi-Fi,,text
4,2078,Wi-Fi 6,,text
4,2078,Wi-Fi 6,,text
4,2079,true,,text
4,2080,2.8 in,2.8,in
4,2081,13.5 in,13.5,in
4,2082,20.3 in,20.3,in
4,2083,6.6 lb,6.6,lb
4,2084,false,0.0,boolean
4,2085,1-year,,text
4,2086,1 year,,text
4,2087,427138861547,,text
4,2088,17.3 inches,17.3,in
4,2089,1600 x 900,,text
4,2090,true,1.0,boolean
4,2091,60 Hz,60.0,hz
4,2092,Intel Core Ultra 5 Series 2,,text
4,2093,1024 GB,1024.0,gb
4,2094,16 GB,16.0,gb
4,2095,Intel Graphics,,text
4,2096,1 x HDMI,,text
4,2097,Lithium-ion,,text
4,2098,true,,text
4,2099,HP,,text
4,2100,17t-pc500h,,text
4,2101,"17.3"" Touchscreen Laptop - Intel Core Ultra 5 225U - 16GB RAM - 1TB SSD - FP Reader & Backlit KB- PCO Laptop cooler",,text
4,2102,Silver,,text
4,2103,2025,2025.0,year
4,2104,Intel,,text
4,2092,225U,,text
4,2093,1024 GB,1024.0,gb
4,2105,DDR5,,text
4,2106,5600 MHz,5600.0,mhz
4,2107,2,2.0,count
4,2108,Integrated,,text
4,2109,Intel,,text
4,2110,Windows 11 Home,,text
4,2111,1,1.0,count
4,2112,0,0.0,count
4,2113,0,0.0,count
4,2114,2 x USB-A,,text
4,2114,3,3.0,count
4,2115,true,1.0,text
4,2116,true,1.0,boolean
4,2117,Wi-Fi,,text
4,2118,Wi-Fi 6,,text
4,2118,Wi-Fi 6,,text
4,2119,0,0.0,count
4,2120,true,,text
4,2121,12 in,12.0,in
4,2122,2.7 in,2.7,in
4,2123,17.5 in,17.5,in
4,2124,5 lb,5.0,lb
4,2125,false,0.0,boolean
4,2126,1-year,,text
4,2127,1 year,,text
4,2128,810215805037,,text
3,2089,1600 x 900,,text
3,2098,Backlit Keyboard,,text
3,2129,16:9 Aspect Ratio,,text
3,2105,DDR5,,text
3,2110,Windows 11 Home,,text
3,2097,20 hours,20.0,wh
3,2124,5 lb,5.0,lb
3,2094,16 GB,16.0,gb
3,2130,Variable RPM,,text
3,2092,Intel Core Ultra 5 225U,,text
3,2095,Intel Graphics,,text
3,2114,3,3.0,count
3,2116,Built-In Microphone,,text
3,2131,12,12.0,count
3,2132,"1 Year Limited Warranty. To obtain a copy of the manufacturer's or supplier's warranty for this item prior to purchasing the item, please call Target Guest Services at 1-800-591-3869",,text
3,2133,4.8 GHz,4.8,ghz
3,2134,Home,,text
3,2135,USB-C,,text
3,2136,Not Listed or Certified,,text
3,2137,12 inches (H) x 2.7 inches (W) x 17.5 inches (D),,in
3,2090,true,1.0,boolean
3,2138,New,,text
3,2093,SSD (NVMe),,text
3,2088,17.3 inches,17.3,in
3,2130,None,,text
3,2117,Wi-Fi 6,,text
3,2139,Intel Core Ultra 5,,text
3,2128,810215805037,,text
4,2140,17.3 inches,17.3,in
4,2141,1600 x 900,,text
4,2142,true,1.0,boolean
4,2143,60 Hz,60.0,hz
4,2144,Intel Core Ultra 7 Series 2,,text
4,2145,4096 GB,4096.0,gb
4,2146,64 GB,64.0,gb
4,2147,Intel Graphics,,text
4,2148,1 x HDMI,,text
4,2149,Lithium-ion,,text
4,2150,true,,text
4,2151,HP,,text
4,2152,"17.3"" HD+ Touchscreen Laptop - Intel Core Ultra 7 255U - 64GB RAM - 4TB SSD - FP Reader & Copilot - PCO Laptop cooler",,text
4,2153,Silver,,text
4,2154,2025,2025.0,year
4,2155,Intel,,text
4,2144,255U,,text
4,2145,4096 GB,4096.0,gb
4,2156,DDR5,,text
4,2157,5600 MHz,5600.0,mhz
4,2158,2,2.0,count
4,2159,Integrated,,text
4,2160,Intel,,text
4,2161,Windows 11 Home,,text
4,2162,1,1.0,count
4,2163,0,0.0,count
4,2164,0,0.0,count
4,2165,2 x USB-A,,text
4,2165,3,3.0,count
4,2166,true,1.0,text
4,2167,true,1.0,boolean
4,2168,Wi-Fi,,text
4,2169,Wi-Fi 6,,text
4,2169,Wi-Fi 6,,text
4,2170,0,0.0,count
4,2171,true,,text
4,2172,13.5 in,13.5,in
4,2173,2.6 in,2.6,in
4,2174,20.5 in,20.5,in
4,2175,6.5 lb,6.5,lb
4,2176,false,0.0,boolean
4,2177,1-year,,text
4,2178,1 year,,text
4,2179,810215802661,,text
3,2141,1600 x 900,,text
3,2150,Backlit Keyboard,,text
3,2180,16:9 Aspect Ratio,,text
3,2156,DDR5,,text
3,2161,Windows 11 Home,,text
3,2149,20 hours,20.0,wh
3,2181,Variable RPM,,text
3,2175,6.5 lb,6.5,lb
3,2147,Intel Graphics,,text
3,2144,Intel Core Ultra 7 255U,,text
3,2165,3,3.0,count
3,2182,Intel Core Ultra 7,,text
3,2145,SSD (NVMe),,text
3,2167,Built-In Microphone,,text
3,2183,12,12.0,count
3,2184,5.2 GHz,5.2,ghz
3,2185,"1 Year Limited Warranty. To obtain a copy of the manufacturer's or supplier's warranty for this item prior to purchasing the item, please call Target Guest Services at 1-800-591-3869",,text
3,2146,64 GB,64.0,gb
3,2186,Home,,text
3,2187,Not Listed or Certified,,text
3,2142,true,1.0,boolean
3,2188,New,,text
3,2189,"USB-C, HDMI",,text
3,2140,17.3 inches,17.3,in
3,2190,13.5 inches (H) x 2.6 inches (W) x 20.5 inches (D),,in
3,2181,None,,text
3,2168,Wi-Fi 6,,text
3,2186,"Built-In Bluetooth, Built-In Speaker, Built-In Webcam, Fingerprint Reader, Numeric Keypad, Touchpad",,text
3,2179,810215802661,,text
4,2191,15.6 inches,15.6,in
4,2192,1920 x 1080,,text
4,2193,true,1.0,boolean
4,2194,60 Hz,60.0,hz
4,2195,AMD Ryzen 7 7000 Series,,text
4,2196,1024 GB,1024.0,gb
4,2197,64 GB,64.0,gb
4,2198,AMD Radeon Graphics,,text
4,2199,1 x HDMI,,text
4,2200,Lithium-ion,,text
4,2201,false,,text
4,2202,HP,,text
4,2203,"15.6"" Touchscreen Laptop - AMD Ryzen 7 7730U, 64GB RAM - 1TB SSD - Copilot & Numeric Keypad - PCO Laptop Cooler",,text
4,2204,Silver,,text
4,2205,2025,2025.0,year
4,2206,AMD,,text
4,2195,AMD Ryzen 7 7730U,,text
4,2196,1024 GB,1024.0,gb
4,2207,DDR4 SoDIMM,,text
4,2208,3200 MHz,3200.0,mhz
4,2209,2,2.0,count
4,2210,Integrated,,text
4,2211,AMD Radeon,,text
4,2212,Windows 11 Pro,,text
4,2213,1,1.0,count
4,2214,0,0.0,count
4,2215,0,0.0,count
4,2216,2 x USB-A,,text
4,2216,3,3.0,count
4,2217,true,,text
4,2218,true,1.0,boolean
4,2219,Wi-Fi,,text
4,2220,Wi-Fi 6,,text
4,2220,Wi-Fi 6,,text
4,2221,0,0.0,count
4,2222,true,,text
4,2223,12 in,12.0,in
4,2224,3 in,3.0,in
4,2225,20.5 in,20.5,in
4,2226,5 lb,5.0,lb
4,2227,false,0.0,boolean
4,2228,1-year,,text
4,2229,1 year,,text
4,2230,810215806645,,text
3,2231,16:9 Aspect Ratio,,text
3,2212,Windows 11 Pro,,text
3,2195,AMD Ryzen 7 7730U,,text
3,2200,20 hours,20.0,wh
3,2192,1920 x 1080,,text
3,2226,5 lb,5.0,lb
3,2232,Variable RPM,,text
3,2233,12 inches (H) x 3 inches (W) x 20.5 inches (D),,in
3,2201,No Backlit Keyboard,,text
3,2198,AMD Radeon Graphics,,text
3,2234,8,8.0,count
3,2235,4.5 GHz,4.5,ghz
3,2207,DDR4,,text
3,2216,3,3.0,count
3,2191,15.6 inches,15.6,in
3,2218,Built-In Microphone,,text
3,2236,"1 Year Limited Warranty. To obtain a copy of the manufacturer's or supplier's warranty for this item prior to purchasing the item, please call Target Guest Services at 1-800-591-3869",,text
3,2197,64 GB,64.0,gb
3,2237,Home,,text
3,2238,USB-C,,text
3,2239,Not Listed or Certified,,text
3,2193,true,1.0,boolean
3,2240,New,,text
3,2196,SSD (NVMe),,text
3,2232,None,,text
3,2219,Wi-Fi 6,,text
3,2241,AMD Ryzen 7,,text
3,2230,810215806645,,text
4,2242,14 inches,14.0,in
4,2243,1366 x 768,,text
4,2244,false,0.0,boolean
4,2245,250 nits,250.0,nit
4,2246,Intel Celeron,,text
4,2247,64 GB,64.0,gb
4,2248,4 GB,4.0,gb
4,2249,Intel UHD Graphics,,text
4,2250,1 x HDMI 1.4,,text
4,2251,2-cell,2.0,wh
4,2252,false,,text
4,2253,false,,text
4,2254,HP,,text
4,2255,14a-ne1013dx,,text
4,2256,"14"" Chromebook - Intel Celeron N4500 2021 - 4GB Memory - 64GB eMMC",,text
4,2257,Modern Grey,,text
4,2258,2025,2025.0,year
4,2259,LED,,text
4,2260,Anti-glare,,text
4,2261,62.5 percent,62.5,percent
4,2262,Intel,,text
4,2246,Intel Celeron N4500,,text
4,2263,2.8 GHz,2.8,ghz
4,2264,2,2.0,count
4,2265,L3,,text
4,2265,4 megabytes,4.0,mb
4,2247,64 GB,64.0,gb
4,2266,LPDDR4X,,text
4,2267,2933 MHz,2933.0,mhz
4,2268,Integrated,,text
4,2269,Intel,,text
4,2270,ChromeOS,,text
4,2271,Google Assistant,,text
4,2272,1,1.0,count
4,2273,"1 x USB-C 3.1, 2 x USB-A 3.0",,text
4,2273,3,3.0,count
4,2274,true,1.0,text
4,2275,true,1.0,boolean
4,2276,"Bluetooth, Wi-Fi",,text
4,2277,Wi-Fi 6,,text
4,2278,Air,,text
4,2279,45 watts,45.0,w
4,2280,true,,text
4,2281,720p,720.0,p
4,2275,true,1.0,boolean
4,2253,Multi-touch,,text
4,2282,HD Audio,,text
4,2282,Stereo,,text
4,2283,Google Assistant,,text
4,2284,0.72 in,0.72,in
4,2285,12.85 in,12.85,in
4,2286,8.94 in,8.94,in
4,2287,3.35 lb,3.35,lb
4,2288,true,1.0,boolean
4,2289,true,1.0,boolean
4,2289,Silver,,text
4,2290,None,,text
4,2253,false,,text
4,2291,1 year,,text
4,2292,1 year,,text
4,2293,198990262185,,text
3,2259,TN,,text
3,2251,8 hours,8.0,wh
3,2294,16:9 Aspect Ratio,,text
3,2244,false,0.0,boolean
3,2249,Intel UHD Graphics,,text
3,2263,1.1 GHz,1.1,ghz
3,2290,None,,text
3,2290,None,,text
3,2248,4 GB,4.0,gb
3,2264,2,2.0,count
3,2270,ChromeOS,,text
3,2247,EMMC,,text
3,2253,No Backlit Keyboard,,text
3,2242,14 inches,14.0,in
3,2273,3,3.0,count
3,2275,Built-In Microphone,,text
3,2287,3.35 lb,3.35,lb
3,2295,"1 Year Limited Warranty. To obtain a copy of the manufacturer's or supplier's warranty for this item prior to purchasing the item, please call Target Guest Services at 1-800-591-3869",,text
3,2266,LPDDR4x,,text
3,2296,Home,,text
3,2246,Intel Celeron N4500,,text
3,2297,.72 inches (H) x 12.85 inches (W) x 8.94 inches (D),,in
3,2298,USB-C,,text
3,2299,New,,text
3,2300,Energy Star Certified,,text
3,2301,Intel Celeron,,text
3,2276,Wi-Fi 6,,text
3,2243,1366 x 768,,text
3,2293,198990262185,,text
1,2246,"Intel Celeron N4500, 1.1 GHz, Up to 2.8 GHz",,text
1,2248,4 GB,4.0,gb
1,2247,64 GB,64.0,gb
1,2287,3.35 lb,3.35,lb
1,2245,250 nits,250.0,nit
1,2243,1366 x 768,,text
1,2251,7.5 mAh,7.5,wh
1,2302,14a-ne1013dx,,text
1,2270,ChromeOS,,text
1,2249,Intel UHD Graphics,,text
1,2259,LCD,,text
1,2297,12.85 x 8.94 x 0.72 inches,,in
1,2276,"Bluetooth, Wi-Fi",,text
1,2273,4,4.0,count
1,2280,Yes,,text
1,2293,198990262185,,text
8,2246,Intel Celeron N4500,,text
8,2248,4 GB,4.0,gb
8,2247,64 GB,64.0,gb
8,2243,1366 x 768,,text
8,2270,ChromeOS,,text
8,2249,Intel UHD Graphics,,text
8,2276,Wi-Fi 6,,text
8,2303,Bluetooth 5.3,,text
8,2280,HP True Vision HD camera,,text
8,2255,14a-ne1013dx-1K,,text
8,2293,198990262185,,text
4,2304,IPS,,text
4,2305,15.6 inches,15.6,in
4,2306,1920 x 1080,,text
4,2307,true,1.0,boolean
4,2308,300 nits,300.0,nit
4,2309,Intel Pentium,,text
4,2310,1.1 gigahertz,1.1,ghz
4,2311,128 GB,128.0,gb
4,2312,8 GB,8.0,gb
4,2313,Intel UHD Graphics,,text
4,2314,"1 x HDMI 1.4, Display connection via USB port",,text
4,2315,3-cell,3.0,wh
4,2316,false,,text
4,2317,false,,text
4,2318,Lenovo,,text
4,2319,82N40045US,,text
4,2320,"IdeaPad 3i Chromebook Laptop - 15.6"" Full HD Touch Screen - Pentium Silver N6000 2021 - 8GB Memory - 128GB eMMC",,text
4,2321,Arctic Grey,,text
4,2322,2023,2023.0,year
4,2304,LCD,,text
4,2323,Anti-glare,,text
4,2324,Intel,,text
4,2309,Intel Pentium Silver N6000,,text
4,2322,2021,2021.0,year
4,2325,3.3 GHz,3.3,ghz
4,2326,4,4.0,count
4,2327,4,4.0,count
4,2328,false,0.0,tops
4,2311,128 GB,128.0,gb
4,2329,LPDDR4X,,text
4,2330,2933 MHz,2933.0,mhz
4,2331,0,0.0,count
4,2332,Integrated,,text
4,2333,Intel,,text
4,2334,ChromeOS,,text
4,2335,64-bit,,text
4,2336,"Amazon Alexa, Google Home",,text
4,2337,1,1.0,count
4,2338,DisplayPort 1.4,,text
4,2339,"2 x USB-A 3.2, 1 x USB-C 3.2",,text
4,2339,3,3.0,count
4,2340,true,1.0,text
4,2341,true,1.0,boolean
4,2342,"Bluetooth, Wi-Fi",,text
4,2343,Wi-Fi 6,,text
4,2343,Wi-Fi 6,,text
4,2344,0,0.0,count
4,2342,None,,text
4,2345,Air,,text
4,2346,USB-C,,text
4,2347,45 watts,45.0,w
4,2348,true,,text
4,2349,720p,720.0,p
4,2341,true,1.0,boolean
4,2307,false,0.0,boolean
4,2350,false,0.0,boolean
4,2317,Multi-touch,,text
4,2351,true,1.0,boolean
4,2351,microSD,,text
4,2352,false,0.0,boolean
4,2353,Realtek ALC5682I,,text
4,2353,2 x 2W,,text
4,2354,Google Assistant,,text
4,2355,Not Applicable,,text
4,2356,"Privacy camera, Cable lock slot",,text
4,2356,Kensington Security Slot (K-Slot),,text
4,2317,None,,text
4,2357,Plastic,,text
4,2358,0.75 in,0.75,in
4,2359,9.57 in,9.57,in
4,2360,14.25 in,14.25,in
4,2361,3.586 lb,3.586,lb
4,2362,true,1.0,boolean
4,2363,false,0.0,boolean
4,2364,None,,text
4,2317,false,,text
4,2317,false,,text
4,2365,1 year limited,,text
4,2366,1 year limited,,text
4,2367,197531451583,,text
4,2368,15.6 inches,15.6,in
4,2369,1920 x 1080,,text
4,2370,false,0.0,boolean
4,2371,60 Hz,60.0,hz
4,2372,Intel Pentium,,text
4,2373,384 GB,384.0,gb
4,2374,12 GB,12.0,gb
4,2375,Intel UHD Graphics,,text
4,2376,1 x HDMI,,text
4,2377,Lithium-ion,,text
4,2378,false,,text
4,2379,Lenovo,,text
4,2380,"IdeaPad 1 15.6"" FHD Laptop - Intel Quad-Core Silver, 12GB RAM, 256GB SSD - Numeric KP - For Everyday Use & Learning",,text
4,2381,Gray,,text
4,2382,2025,2025.0,year
4,2383,Intel,,text
4,2372,Intel Pentium Silver N6000,,text
4,2373,256 GB,256.0,gb
4,2384,DDR4 SoDIMM,,text
4,2385,3200 MHz,3200.0,mhz
4,2386,1,1.0,count
4,2387,Integrated,,text
4,2388,Intel,,text
4,2389,Windows 11 Pro,,text
4,2390,1,1.0,count
4,2391,0,0.0,count
4,2392,0,0.0,count
4,2393,2 x USB-A,,text
4,2393,3,3.0,count
4,2394,true,1.0,text
4,2395,true,1.0,boolean
4,2396,Wi-Fi,,text
4,2397,Wi-Fi 6,,text
4,2397,Wi-Fi 6,,text
4,2398,0,0.0,count
4,2399,true,,text
4,2400,13 in,13.0,in
4,2401,2.7 in,2.7,in
4,2402,21 in,21.0,in
4,2403,5.2 lb,5.2,lb
4,2404,false,0.0,boolean
4,2405,1-year,,text
4,2406,1 year,,text
4,2407,810215800339,,text
2,2305,15.6 inches,15.6,in
2,2334,ChromeOS,,text
2,2306,1920 x 1080,,text
2,2309,Intel Pentium,,text
2,2313,Intel UHD Graphics,,text
2,2408,Touchscreen,,text
2,2409,9.57 x 14.25 x 0.75 Inches,,in
2,2325,1.1 GHz,1.1,ghz
2,2312,8 GB,8.0,gb
2,2361,3.58 lb,3.58,lb
2,2315,10 h,10.0,wh
2,2309,82N40045US,,text
2,2342,"Bluetooth, Wi-Fi",,text
2,2324,Intel,,text
2,2307,true,1.0,boolean
2,2318,Lenovo,,text
2,2311,128 GB,128.0,gb
2,2326,4,4.0,count
2,2316,Chromebooks,,text
4,2410,15.6 inches,15.6,in
4,2411,1920 x 1080,,text
4,2412,true,1.0,boolean
4,2413,60 Hz,60.0,hz
4,2414,AMD Ryzen 5 7000 Series,,text
4,2415,512 GB,512.0,gb
4,2416,16 GB,16.0,gb
4,2417,AMD Radeon Graphics,,text
4,2418,1 x HDMI,,text
4,2419,Lithium-ion,,text
4,2420,false,,text
4,2421,Lenovo,,text
4,2422,"V15 15.6"" Laptop FHD (1920 x 1080) - AMD Ryzen 5 7430U with 16GB RAM - 512GB Solid State Drive - with PCO Laptop Cooler",,text
4,2423,Black,,text
4,2424,2025,2025.0,year
4,2425,AMD,,text
4,2414,AMD Ryzen 5 7430U,,text
4,2415,512 GB,512.0,gb
4,2426,DDR4 SoDIMM,,text
4,2427,3200 MHz,3200.0,mhz
4,2428,Integrated,,text
4,2429,AMD Radeon,,text
4,2430,Windows 11 Pro,,text
4,2431,1,1.0,count
4,2432,0,0.0,count
4,2432,0,0.0,count
4,2433,0,0.0,count
4,2434,2 x USB-A,,text
4,2434,3,3.0,count
4,2435,true,,text
4,2436,true,1.0,boolean
4,2437,Wi-Fi,,text
4,2438,Wi-Fi 6,,text
4,2438,Wi-Fi 6,,text
4,2439,true,,text
4,2440,0.78 in,0.78,in
4,2441,14.1 in,14.1,in
4,2442,9.3 in,9.3,in
4,2443,5.5 lb,5.5,lb
4,2444,false,0.0,boolean
4,2445,1-year,,text
4,2446,1 year,,text
4,2447,196801372429,,text
4,2448,IPS,,text
4,2449,14 inches,14.0,in
4,2450,1920 x 1200,,text
4,2451,true,1.0,boolean
4,2452,60 Hz,60.0,hz
4,2453,300 nits,300.0,nit
4,2454,Intel Core 3 Series 1,,text
4,2455,1.9 gigahertz,1.9,ghz
4,2456,128 GB,128.0,gb
4,2457,8 GB,8.0,gb
4,2458,Intel Graphics,,text
4,2459,"1 x HDMI 1.4, Display connection via USB port",,text
4,2460,3-cell,3.0,wh
4,2461,2in1_design,,text
4,2462,true,,text
4,2463,Lenovo,,text
4,2464,83LN0004US,,text
4,2465,"Chromebook Plus 2-in-1 14"" Full HD Touchscreen Laptop - Intel Core 3 Processor N355 2025 - 8GB Memory - 128GB UFS",,text
4,2466,Cosmic Blue,,text
4,2467,2025,2025.0,year
4,2448,LCD,,text
4,2468,Anti-glare,,text
4,2469,45 percent,45.0,percent
4,2470,Intel,,text
4,2454,N355,,text
4,2467,2025,2025.0,year
4,2471,3.9 GHz,3.9,ghz
4,2472,8,8.0,count
4,2473,8,8.0,count
4,2474,false,0.0,tops
4,2475,LPDDR5,,text
4,2476,4800 MHz,4800.0,mhz
4,2477,0,0.0,count
4,2478,Integrated,,text
4,2479,Intel,,text
4,2480,ChromeOS,,text
4,2481,Google Assistant,,text
4,2482,1,1.0,count
4,2483,DisplayPort 2.1,,text
4,2484,"2 x USB-A 3.2, 2 x USB-C 3.2",,text
4,2484,4,4.0,count
4,2485,true,1.0,text
4,2486,true,1.0,boolean
4,2487,"Bluetooth, Wi-Fi",,text
4,2488,Wi-Fi 6,,text
4,2488,Wi-Fi 6E,,text
4,2489,0,0.0,count
4,2490,USB-C,,text
4,2491,65 watts,65.0,w
4,2492,true,,text
4,2493,5 megapixels,5.0,mp
4,2486,true,1.0,boolean
4,2462,Multi-touch,,text
4,2494,true,1.0,boolean
4,2494,microSD,,text
4,2495,false,0.0,boolean
4,2496,"High Definition (HD) Audio, ALC5682I-VS-CGT codec",,text
4,2496,2 x 2W,,text
4,2497,"Android apps, Google Assistant",,text
4,2498,Not Applicable,,text
4,2499,Privacy camera,,text
4,2499,Kensington Security Slot (K-Slot),,text
4,2462,None,,text
4,2500,"Aluminum, Glass, ABS",,text
4,2501,0.74 in,0.74,in
4,2502,8.94 in,8.94,in
4,2503,12.32 in,12.32,in
4,2504,3.3 lb,3.3,lb
4,2505,true,1.0,boolean
4,2506,true,1.0,boolean
4,2506,Gold,,text
4,2507,None,,text
4,2462,false,,text
4,2462,false,,text
4,2508,1 year,,text
4,2509,1 year,,text
4,2510,199271500187,,text
4,2511,15.6 inches,15.6,in
4,2512,1920 x 1080,,text
4,2513,false,0.0,boolean
4,2514,60 Hz,60.0,hz
4,2515,Intel Pentium,,text
4,2516,1152 GB,1152.0,gb
4,2517,36 GB,36.0,gb
4,2518,Intel UHD Graphics,,text
4,2519,1 x HDMI,,text
4,2520,Lithium-ion,,text
4,2521,false,,text
4,2522,Lenovo,,text
4,2523,"IdeaPad 1 15.6"" FHD Laptop - Intel Quad-Core Silver, 36GB RAM, 1TB SSD - Numeric KP - For Everyday Use & Learning",,text
4,2524,Gray,,text
4,2525,2025,2025.0,year
4,2526,Intel,,text
4,2515,Intel Pentium Silver N6000,,text
4,2516,1024 GB,1024.0,gb
4,2527,DDR4 SoDIMM,,text
4,2528,3200 MHz,3200.0,mhz
4,2529,1,1.0,count
4,2530,Integrated,,text
4,2531,Intel,,text
4,2532,Windows 11 Pro,,text
4,2533,1,1.0,count
4,2534,0,0.0,count
4,2535,0,0.0,count
4,2536,2 x USB-A,,text
4,2536,3,3.0,count
4,2537,true,1.0,text
4,2538,true,1.0,boolean
4,2539,Wi-Fi,,text
4,2540,Wi-Fi 6,,text
4,2540,Wi-Fi 6,,text
4,2541,0,0.0,count
4,2542,true,,text
4,2543,13 in,13.0,in
4,2544,2.7 in,2.7,in
4,2545,21 in,21.0,in
4,2546,5.2 lb,5.2,lb
4,2547,false,0.0,boolean
4,2548,1-year,,text
4,2549,1 year,,text
4,2550,810215800384,,text
4,2551,IPS,,text
4,2552,16 inches,16.0,in
4,2553,1920 x 1200,,text
4,2554,false,0.0,boolean
4,2555,60 Hz,60.0,hz
4,2556,AMD Ryzen 7 7000 Series,,text
4,2557,512 GB,512.0,gb
4,2558,16 GB,16.0,gb
4,2559,AMD Radeon Graphics,,text
4,2560,1 x HDMI,,text
4,2561,Lithium-ion,,text
4,2562,true,,text
4,2563,Lenovo,,text
4,2564,21M6S1F000,,text
4,2565,"ThinkPad E16 Laptop 16.0 WUXGA Display (Ryzen 7 7735U, 16GB, 512GB  SSD, AMD Radeon 680M, Win 11 Pro) w/USB Hub",,text
4,2566,Black,,text
4,2567,2025,2025.0,year
4,2568,AMD,,text
4,2556,7735U,,text
4,2569,8,8.0,count
4,2557,512 GB,512.0,gb
4,2570,DDR5,,text
4,2571,Integrated,,text
4,2572,AMD Radeon,,text
4,2573,Not provided,,text
4,2574,Windows 11 Pro,,text
4,2575,64-bit,,text
4,2576,true,,text
4,2577,1.15 in,1.15,in
4,2578,10 in,10.0,in
4,2579,14 in,14.0,in
4,2580,4 lb,4.0,lb
4,2581,true,1.0,boolean
4,2582,1 year,1.0,text
4,2583,1 year,1.0,text
4,2584,199393279053,,text
1,2556,AMD Ryzen 7 7735U,,text
1,2558,16 GB,16.0,gb
1,2557,512 GB,512.0,gb
1,2580,4 lb,4.0,lb
1,2553,1920 x 1200,,text
1,2561,47 Wh,47.0,wh
1,2552,16 inches,16.0,in
1,2559,AMD Radeon 680M,,text
1,2574,Windows 11 Pro,,text
1,2585,65W PSU,65.0,w
1,2586,"14"" x 10"" x 1.15""",,in
1,2587,"WiFi 6E, Bluetooth 5.3, Ethernet (RJ-45)",,text
1,2588,"2 x USB 3.2 (Type-A), 2 x USB 3.2 (Type-C)",,text
1,2589,"Global Recycled Standard, ENERGY STAR, EPEAT Silver",,text
1,2590,Yes,,text
1,2562,Yes,,text
1,2576,Yes,,text
1,2571,Shared,,text
1,2564,E16,,text
1,2584,199393279053,,text
4,2591,16 inches,16.0,in
4,2592,1920 x 1200,,text
4,2593,true,1.0,boolean
4,2594,Intel 13th Generation Core i5,,text
4,2595,512 GB,512.0,gb
4,2596,16 GB,16.0,gb
4,2597,Intel Graphics,,text
4,2598,"1 x HDMI, 1 x Thunderbolt 4",,text
4,2599,Lithium,,text
4,2600,false,,text
4,2601,Lenovo,,text
4,2602,"ThinkBook 16"" WUXGA Touch Screen Laptop - Intel Core i5 with 16GB Memory - 512GB SSD - Windows 11 Pro",,text
4,2603,Arctic Gray,,text
4,2604,2025,2025.0,year
4,2605,Intel,,text
4,2594,13420H,,text
4,2595,512 GB,512.0,gb
4,2606,DDR5,,text
4,2607,4800 MHz,4800.0,mhz
4,2608,Integrated,,text
4,2609,Intel,,text
4,2610,Windows 11 Pro,,text
4,2611,true,,text
4,2612,Copilot,,text
4,2613,0.69 in,0.69,in
4,2614,9.98 in,9.98,in
4,2615,14.01 in,14.01,in
4,2616,3.75 lb,3.75,lb
4,2617,false,0.0,boolean
4,2618,"1-Year Warranty from IST Computers, 3-Year Extended RAM and SSD Warranty from IST Computers",,text
4,2619,"1-Year Warranty from IST Computers, 3-Year Extended RAM and SSD Warranty from IST Computers",,text
4,2620,810210912433,,text
4,2621,15.6 inches,15.6,in
4,2622,1920 x 1080,,text
4,2623,true,1.0,boolean
4,2624,300 nits,300.0,nit
4,2625,Intel 13th Generation Core i5,,text
4,2626,512 GB,512.0,gb
4,2627,16 GB,16.0,gb
4,2628,Intel Iris Xe Graphics,,text
4,2629,1 x HDMI 1.4,,text
4,2630,3-cell,3.0,wh
4,2631,false,,text
4,2632,false,,text
4,2633,HP,,text
4,2634,15-FD0150WM,,text
4,2635,"15 15.6"" FHD Touchscreen Laptop - Intel Core i5 with 16GB Memory - 512GB SSD - Windows 11 Pro",,text
4,2636,Silver,,text
4,2637,2025,2025.0,year
4,2638,Intel,,text
4,2625,Intel Core i5-1334U,,text
4,2639,10,10.0,count
4,2640,12,12.0,count
4,2626,512 GB,512.0,gb
4,2641,DDR4,,text
4,2642,3200 MHz,3200.0,mhz
4,2643,Integrated,,text
4,2644,Intel,,text
4,2645,Windows 11 Pro,,text
4,2646,true,,text
4,2647,true,1.0,boolean
4,2648,"Bluetooth, Wi-Fi",,text
4,2649,Wi-Fi 6,,text
4,2649,Wi-Fi 6,,text
4,2650,true,,text
4,2651,720p,720.0,p
4,2647,true,1.0,boolean
4,2652,0.73 in,0.73,in
4,2653,14.17 in,14.17,in
4,2654,9.29 in,9.29,in
4,2655,3.52 lb,3.52,lb
4,2656,true,1.0,boolean
4,2657,"1-Year Warranty from IST Computers, 3-Year Extended RAM and SSD Warranty from IST Computers",,text
4,2658,"1-Year Warranty from IST Computers, 3-Year Extended RAM and SSD Warranty from IST Computers",,text
4,2659,810210912570,,text
17,2660,Intel Core i5-1035G1,,text
17,2661,8 GB,8.0,gb
17,2662,256 GB,256.0,gb
17,2663,3.75 lb,3.75,lb
17,2664,1920 x 1080,,text
17,2665,41 Wh,41.0,wh
17,2666,250 nits,250.0,nit
17,2667,15-fd0150wm,,text
17,2668,194850007123,,text
17,2669,Intel UHD Graphics,,text
17,2670,Wi-Fi 5,,text
17,2671,"1 USB Type-C, 2 USB Type-A, 1 HDMI, 1 headphone/microphone combo",,text
17,2672,Windows 10 Home,,text
17,2673,Full-size keyboard with numeric keypad,,text
17,2674,"Dual speakers, HP Audio Boost",,text
4,2675,UWVA,,text
4,2676,16 inches,16.0,in
4,2677,1920 x 1200,,text
4,2678,true,1.0,boolean
4,2679,300 nits,300.0,nit
4,2680,Snapdragon X Plus,,text
4,2681,1024 GB,1024.0,gb
4,2682,16 GB,16.0,gb
4,2683,Qualcomm Adreno Graphics,,text
4,2684,Display connection via USB port,,text
4,2685,3-cell,3.0,wh
4,2686,false,,text
4,2687,HP,,text
4,2688,16-fb0135dx,,text
4,2689,"OmniBook 5 - Copilot+ PC - 16"" 2K OLED Touch-Screen Laptop - Snapdragon X Plus 2025 - 16GB Memory - 1TB SSD",,text
4,2690,Glacier Silver,,text
4,2691,2025,2025.0,year
4,2675,OLED,,text
4,2692,Snapdragon,,text
4,2680,X1P-42-100,,text
4,2693,3.4 GHz,3.4,ghz
4,2694,8,8.0,count
4,2695,true,1.0,tops
4,2695,45 trillions operations per second,,text
4,2681,1024 GB,1024.0,gb
4,2696,SSD,,text
4,2697,LPDDR5X,,text
4,2698,8448 MHz,8448.0,mhz
4,2699,Integrated,,text
4,2700,Snapdragon,,text
4,2701,Windows 11 Home,,text
4,2702,0,0.0,count
4,2703,DisplayPort 1.4,,text
4,2704,"2 x USB-C 3.1, 1 x USB-A 3.1",,text
4,2704,3,3.0,count
4,2705,true,1.0,text
4,2706,true,1.0,boolean
4,2707,"Bluetooth, Wi-Fi",,text
4,2708,Wi-Fi 6E,,text
4,2709,65 watts,65.0,w
4,2710,true,,text
4,2711,1080p,1080.0,p
4,2706,true,1.0,boolean
4,2712,false,0.0,boolean
4,2713,HD Audio,,text
4,2713,Stereo,,text
4,2714,Copilot+ PC,,text
4,2715,Privacy camera,,text
4,2716,Aluminum,,text
4,2717,0.52 in,0.52,in
4,2718,13.98 in,13.98,in
4,2719,9.65 in,9.65,in
4,2720,3.52 lb,3.52,lb
4,2721,true,1.0,boolean
4,2722,true,1.0,boolean
4,2722,Gold,,text
4,2723,"Click to Do (preview), Generative Fill, Recall (preview), Improved Windows search, HP AI Companion, myHP, Microsoft Copilot, AI Noise reduction, Otter.ai, and Copilot+ PC",,text
4,2696,None,,text
4,2686,false,,text
4,2724,1 year,,text
4,2725,1 year,,text
4,2726,199251661372,,text
4,2727,15.6 inches,15.6,in
4,2728,1920 x 1080,,text
4,2729,true,1.0,boolean
4,2730,60 Hz,60.0,hz
4,2731,AMD Ryzen 7 7000 Series,,text
4,2732,1024 GB,1024.0,gb
4,2733,16 GB,16.0,gb
4,2734,AMD Radeon Graphics,,text
4,2735,1 x HDMI,,text
4,2736,Lithium-ion,,text
4,2737,false,,text
4,2738,HP,,text
4,2739,"15.6"" Touchscreen Laptop - AMD Ryzen 7 7730U, 16GB RAM - 1TB SSD - Copilot & Numeric Keypad - PCO Laptop Cooler",,text
4,2740,Silver,,text
4,2741,2025,2025.0,year
4,2742,AMD,,text
4,2731,AMD Ryzen 7 7730U,,text
4,2732,1024 GB,1024.0,gb
4,2743,DDR4 SoDIMM,,text
4,2744,3200 MHz,3200.0,mhz
4,2745,2,2.0,count
4,2746,Integrated,,text
4,2747,AMD Radeon,,text
4,2748,Windows 11 Pro,,text
4,2749,1,1.0,count
4,2750,0,0.0,count
4,2751,0,0.0,count
4,2752,2 x USB-A,,text
4,2752,3,3.0,count
4,2753,true,1.0,text
4,2754,true,1.0,boolean
4,2755,Wi-Fi,,text
4,2756,Wi-Fi 6,,text
4,2756,Wi-Fi 6,,text
4,2757,0,0.0,count
4,2758,true,,text
4,2759,12 in,12.0,in
4,2760,3 in,3.0,in
4,2761,20.5 in,20.5,in
4,2762,5 lb,5.0,lb
4,2763,false,0.0,boolean
4,2764,1-year,,text
4,2765,1 year,,text
4,2766,810215806607,,text
4,2767,IPS,,text
4,2768,16 inches,16.0,in
4,2769,1920 x 1200,,text
4,2770,true,1.0,boolean
4,2771,400 nits,400.0,nit
4,2772,Intel Core Ultra 7 Series 2,,text
4,2773,1024 GB,1024.0,gb
4,2774,16 GB,16.0,gb
4,2775,Intel Arc Graphics 140V,,text
4,2776,"1 x HDMI 2.1, 1 x Thunderbolt 4",,text
4,2777,4-cell,4.0,wh
4,2778,2in1_design,,text
4,2779,true,,text
4,2780,HP,,text
4,2781,16-as0023dx,,text
4,2782,"OmniBook X Flip 2-in-1 - Copilot+ PC - 16"" 2K Touch-Screen Laptop - Intel Core Ultra 7 256V '24  - 16GB Memory - 1TB SSD",,text
4,2783,Eclipse Gray,,text
4,2784,2025,2025.0,year
4,2767,LED,,text
4,2785,62.5 percent,62.5,percent
4,2786,Intel,,text
4,2772,256V,,text
4,2787,4.8 GHz,4.8,ghz
4,2788,8,8.0,count
4,2789,L3,,text
4,2789,12 megabytes,12.0,mb
4,2790,true,1.0,tops
4,2790,47 trillions operations per second,47.0,tops
4,2773,1024 GB,1024.0,gb
4,2791,SSD,,text
4,2792,LPDDR5X,,text
4,2793,8533 MHz,8533.0,mhz
4,2794,Dedicated,,text
4,2795,Intel,,text
4,2796,8 gigabytes,8.0,gb
4,2797,Windows 11 Home,,text
4,2798,1,1.0,count
4,2799,1,1.0,count
4,2800,"1 x USB-C 3.1, 2 x USB-A 3.1",,text
4,2800,3,3.0,count
4,2801,true,1.0,text
4,2802,true,1.0,boolean
4,2803,"Bluetooth, Wi-Fi",,text
4,2804,Wi-Fi 6E,,text
4,2805,0,0.0,count
4,2806,Air,,text
4,2807,65 watts,65.0,w
4,2808,true,,text
4,2809,5 megapixels,5.0,mp
4,2802,true,1.0,boolean
4,2779,Multi-touch,,text
4,2810,false,0.0,boolean
4,2811,DTS: X Ultra,,text
4,2811,Poly Studio with dual speakers,,text
4,2812,Copilot+ PC,,text
4,2813,Privacy camera,,text
4,2814,Aluminum,,text
4,2815,0.61 in,0.61,in
4,2816,14.02 in,14.02,in
4,2817,9.67 in,9.67,in
4,2818,4.15 lb,4.15,lb
4,2819,true,1.0,boolean
4,2820,true,1.0,boolean
4,2820,Gold,,text
4,2791,None,,text
4,2779,false,,text
4,2821,1 year,,text
4,2822,1 year,,text
4,2823,198990145372,,text
7,2824,Intel Core Ultra 7 256V (2.2GHz),,text
7,2825,16 GB,16.0,gb
7,2826,1024 GB,1024.0,gb
7,2827,4.15 lb,4.15,lb
7,2828,400 nits,400.0,nit
7,2829,1920 x 1200,,text
7,2830,Up to 23 Hours,23.0,wh
7,2831,Notebook PC,,text
7,2832,OmniBook,,text
7,2833,Eclipse Gray Aluminum,,text
7,2834,Windows 11 Home,,text
7,2835,Core Ultra 7,,text
7,2836,256V (2.2GHz),,ghz
7,2836,Up to 4.8GHz,,text
7,2837,8,8.0,count
7,2838,"4 @ 2.2 GHz Base, 4.8 GHz Turbo",,text
7,2839,"4 @ 2.2 GHz Base, 3.7 GHz Turbo",,text
7,2840,8 Threads,,text
7,2841,12MB,12.0,mb
7,2842,Intel AI Boost,,text
7,2842,Up to 47 TOPS,,text
7,2843,SSD,,text
7,2844,Yes,,text
7,2845,5.0 Megapixel,,mp
7,2846,"IR, Camera Shutter, Temporal Noise Reduction",,text
7,2847,true,1.0,boolean
7,2848,DTS X Ultra,,text
7,2848,Poly Studio with Dual Speakers,,text
7,2849,Dual Array Digital Microphones,,text
7,2850,Wi-Fi 6,,text
7,2851,Bluetooth 5.3,,text
7,2852,Thunderbolt 4 x1,1.0,count
7,2853,"1 x USB 3.2 (Gen 2 Type-C), 2 x USB 3.2 (Gen 2 Type-A)",,text
7,2854,1,1.0,count
7,2855,Backlit Keyboard,,text
7,2855,Full-size,,text
7,2856,Imagepad,,text
7,2857,65W USB-C Power Adapter,65.0,w
7,2858,4-Cell Li-ion Polymer,,text
7,2859,true,1.0,text
7,2860,EPEAT Gold,,text
7,2861,14.02 in. (356.11 mm),,in
7,2862,9.67 in. (245.62 mm),,in
7,2863,0.61 in. (15.49 mm),,in
7,2864,12.00 x 3.00 x 20.00 in. (304.80 x 76.20 x 508.00 mm),,in
4,2865,IPS,,text
4,2866,16 inches,16.0,in
4,2867,1920 x 1200,,text
4,2868,true,1.0,boolean
4,2869,400 nits,400.0,nit
4,2870,Intel Core Ultra 5 Series 2,,text
4,2871,512 GB,512.0,gb
4,2872,16 GB,16.0,gb
4,2873,Intel Arc 130V,,text
4,2874,"1 x HDMI 2.1, 1 x Thunderbolt 4",,text
4,2875,4-cell,4.0,wh
4,2876,2in1_design,,text
4,2877,true,,text
4,2878,HP,,text
4,2879,16-as0013dx,,text
4,2880,"OmniBook X Flip 2-in-1 - Copilot+ PC - 16"" 2K Touch-Screen Laptop - Intel Core Ultra 5 226V - 16GB Memory - 512GB SSD",,text
4,2881,Eclipse Gray,,text
4,2882,2025,2025.0,year
4,2865,LED,,text
4,2883,62.5 percent,62.5,percent
4,2884,Intel,,text
4,2870,226V,,text
4,2885,4.5 GHz,4.5,ghz
4,2886,8,8.0,count
4,2887,L3,,text
4,2887,8 megabytes,8.0,mb
4,2888,true,1.0,tops
4,2888,40 trillions operations per second,40.0,tops
4,2871,512 GB,512.0,gb
4,2889,SSD,,text
4,2890,LPDDR5X,,text
4,2891,8533 MHz,8533.0,mhz
4,2892,Dedicated,,text
4,2893,Intel,,text
4,2894,8 gigabytes,8.0,gb
4,2895,Windows 11 Home,,text
4,2896,1,1.0,count
4,2897,1,1.0,count
4,2898,"1 x USB-C 3.1, 2 x USB-A 3.1",,text
4,2898,3,3.0,count
4,2899,true,1.0,text
4,2900,true,1.0,boolean
4,2901,"Bluetooth, Wi-Fi",,text
4,2902,Wi-Fi 6E,,text
4,2903,0,0.0,count
4,2904,Air,,text
4,2905,65 watts,65.0,w
4,2906,true,,text
4,2907,5 megapixels,5.0,mp
4,2900,true,1.0,boolean
4,2877,Multi-touch,,text
4,2908,false,0.0,boolean
4,2909,DTS: X Ultra,,text
4,2909,Poly Studio with dual speakers,,text
4,2910,Copilot+ PC,,text
4,2911,Privacy camera,,text
4,2912,Aluminum,,text
4,2913,0.61 in,0.61,in
4,2914,14.02 in,14.02,in
4,2915,9.67 in,9.67,in
4,2916,4.15 lb,4.15,lb
4,2917,true,1.0,boolean
4,2918,true,1.0,boolean
4,2918,Gold,,text
4,2889,None,,text
4,2877,false,,text
4,2919,1 year,,text
4,2920,1 year,,text
4,2921,198990145341,,text
3,2875,15 hours,15.0,wh
3,2877,Backlit Keyboard,,text
3,2922,Thunderbolt 4,,text
3,2895,Windows 11 Home,,text
3,2923,16:10 Aspect Ratio,,text
3,2866,16 inches,16.0,in
3,2889,None,,text
3,2872,16 GB,16.0,gb
3,2873,Intel Arc 130V Graphics,,text
3,2924,.61 inches (H) x 14.02 inches (W) x 9.67 inches (D),,in
3,2886,8,8.0,count
3,2890,LPDDR5x,,text
3,2871,SSD (NVMe),,text
3,2900,Built-In Microphone,,text
3,2865,IPS,,text
3,2898,4,4.0,count
3,2925,"1 Year Limited Warranty. To obtain a copy of the manufacturer's or supplier's warranty for this item prior to purchasing the item, please call Target Guest Services at 1-800-591-3869",,text
3,2901,Wi-Fi 6E,,text
3,2926,Home,,text
3,2885,2.1 GHz,2.1,ghz
3,2867,1920 x 1200,,text
3,2927,New,,text
3,2928,Energy Star Certified,,text
3,2868,true,1.0,boolean
3,2870,Intel Core Ultra 5 226V,,text
3,2916,4.15 lb,4.15,lb
3,2889,None,,text
3,2929,Intel Core Ultra 5,,text
3,2921,198990145341,,text
4,2930,IPS,,text
4,2931,14 inches,14.0,in
4,2932,1920 x 1200,,text
4,2933,false,0.0,boolean
4,2934,60 Hz,60.0,hz
4,2935,AMD Ryzen 7 2000 Series,,text
4,2936,1024 GB,1024.0,gb
4,2937,32 GB,32.0,gb
4,2938,AMD Radeon 780M,,text
4,2939,1 x HDMI,,text
4,2940,Lithium-ion,,text
4,2941,true,,text
4,2942,Lenovo,,text
4,2943,21T1S1FC00,,text
4,2944,"Lenovo ThinkPad E14 Laptop 14.0 WUXGA (AMD Ryzen 7 250, 32GB DDR5, 1TB PCIe SSD, Win 11 Pro) w/USB Hub",,text
4,2945,Eclipse Black,,text
4,2946,2025,2025.0,year
4,2947,AMD,,text
4,2935,250,,text
4,2948,8,8.0,count
4,2936,1024 GB,1024.0,gb
4,2949,DDR5,,text
4,2950,Integrated,,text
4,2951,AMD Radeon,,text
4,2952,Not provided,,text
4,2953,Windows 11 Pro,,text
4,2954,64-bit,,text
4,2955,true,,text
4,2956,1 in,1.0,in
4,2957,8.9 in,8.9,in
4,2958,12.38 in,12.38,in
4,2959,3 lb,3.0,lb
4,2960,true,1.0,boolean
4,2961,1 year,1.0,text
4,2962,1 year,1.0,text
4,2963,199393268040,,text
1,2935,AMD Ryzen 7 250,,text
1,2937,32 GB,32.0,gb
1,2936,1024 GB,1024.0,gb
1,2959,3 lb,3.0,lb
1,2932,1920 x 1200,,text
1,2940,48 Wh,48.0,wh
1,2931,14 inches,14.0,in
1,2938,AMD Radeon 780M,,text
1,2964,3.3 GHz,3.3,ghz
1,2948,8,8.0,count
1,2965,16,16.0,count
1,2949,DDR5,,text
1,2966,65W,65.0,w
1,2967,12.38 x 8.9 x 1 inches,,in
1,2953,Windows 11 Pro,,text
1,2968,"Wi-Fi 6E, Bluetooth 5.3, Ethernet (RJ-45)",,text
1,2969,"2 x USB 3.2 (Type-A), 1 x USB 3.2 (Type-C), 1 x Thunderbolt 4, 1 x HDMI, 1 x Ethernet (RJ-45), Headphone/Microphone Combo Jack",,text
1,2970,Global Recycled Standard,,text
1,2963,199393268040,,text
4,2971,TN,,text
4,2972,15.6 inches,15.6,in
4,2973,1920 x 1080,,text
4,2974,false,0.0,boolean
4,2975,250 nits,250.0,nit
4,2976,Intel 12th Generation Core i7,,text
4,2977,512 GB,512.0,gb
4,2978,16 GB,16.0,gb
4,2979,Intel Graphics,,text
4,2980,1 x HDMI,,text
4,2981,Lithium,,text
4,2982,false,,text
4,2983,Lenovo,,text
4,2984,82TTS01400,,text
4,2985,"V15 15.6"" FHD Anti-Glare Laptop - Intel Core i7 with 16GB Memory - 512GB SSD - Windows 11 Pro",,text
4,2986,Black,,text
4,2987,2025,2025.0,year
4,2988,Anti-glare,,text
4,2989,Intel,,text
4,2976,1255U,,text
4,2990,10,10.0,count
4,2991,12,12.0,count
4,2977,512 GB,512.0,gb
4,2992,DDR4,,text
4,2993,3200 MHz,3200.0,mhz
4,2994,Integrated,,text
4,2995,Intel,,text
4,2996,Windows 11 Pro,,text
4,2997,true,1.0,text
4,2998,"Bluetooth, Wi-Fi",,text
4,2999,Wi-Fi 6,,text
4,2999,Wi-Fi 6,,text
4,3000,1,1.0,count
4,3001,true,,text
4,3002,0.78 in,0.78,in
4,3003,9.29 in,9.29,in
4,3004,14.13 in,14.13,in
4,3005,3.75 lb,3.75,lb
4,3006,false,0.0,boolean
4,3007,"1-Year Warranty from IST Computers, 3-Year Extended RAM and SSD Warranty from IST Computers",,text
4,3008,"1-Year Warranty from IST Computers, 3-Year Extended RAM and SSD Warranty from IST Computers",,text
4,3009,810210912464,,text
4,3010,IPS,,text
4,3011,15.6 inches,15.6,in
4,3012,1920 x 1080,,text
4,3013,true,1.0,boolean
4,3014,300 nits,300.0,nit
4,3015,AMD Ryzen 7 5000 Series,,text
4,3016,2 gigahertz,2.0,ghz
4,3017,512 GB,512.0,gb
4,3018,16 GB,16.0,gb
4,3019,AMD Radeon Graphics,,text
4,3020,"1 x HDMI 1.4, Display connection via USB port",,text
4,3021,4156 milliampere hours,4156.0,wh
4,3022,false,,text
4,3023,false,,text
4,3024,Lenovo,,text
4,3025,82XM00LMUS,,text
4,3026,"IdeaPad Slim 3 15.6"" Full HD Touchscreen Laptop - AMD Ryzen 7 5825U 2025 - 16GB Memory - 512GB SSD",,text
4,3027,Arctic Grey,,text
4,3028,2025,2025.0,year
4,3010,LCD,,text
4,3029,AMD,,text
4,3015,5825U,,text
4,3028,2025,2025.0,year
4,3030,4.5 GHz,4.5,ghz
4,3031,8,8.0,count
4,3032,16,16.0,count
4,3033,false,0.0,boolean
4,3034,false,0.0,tops
4,3017,512 GB,512.0,gb
4,3035,DDR4,,text
4,3036,3200 MHz,3200.0,mhz
4,3037,0,0.0,count
4,3038,Integrated,,text
4,3039,AMD Radeon,,text
4,3040,Windows 11 Home,,text
4,3041,1,1.0,count
4,3042,0,0.0,count
4,3042,0,0.0,count
4,3043,0,0.0,count
4,3044,DisplayPort 1.2,,text
4,3045,"2 x USB-A 3.2, 1 x USB-C 3.2",,text
4,3045,3,3.0,count
4,3046,true,1.0,text
4,3047,true,1.0,boolean
4,3048,"Bluetooth, Wi-Fi",,text
4,3049,Wi-Fi 6,,text
4,3049,Wi-Fi 6,,text
4,3050,0,0.0,count
4,3051,65 Watt AC Adapter,65.0,w
4,3052,true,,text
4,3053,720p,720.0,p
4,3047,true,1.0,boolean
4,3023,No,,text
4,3054,true,1.0,boolean
4,3023,"Multi-touch, Precision",,text
4,3055,true,1.0,boolean
4,3055,Secure Digital,,text
4,3056,false,0.0,boolean
4,3057,Dolby Audio,,text
4,3057,2 x 1.5W,,text
4,3058,Copilot,,text
4,3059,Privacy camera,,text
4,3059,None,,text
4,3023,None,,text
4,3060,Plastic,,text
4,3061,0.7 in,0.7,in
4,3062,9.25 in,9.25,in
4,3063,14.15 in,14.15,in
4,3064,3.56 lb,3.56,lb
4,3065,true,1.0,boolean
4,3066,true,1.0,boolean
4,3066,Silver,,text
4,3067,None,,text
4,3023,true,,text
4,3023,false,,text
4,3068,1 year,,text
4,3069,1 year,,text
4,3070,198155791086,,text
1,3015,AMD Ryzen 7 5825U,,text
1,3018,16 GB,16.0,gb
1,3017,512 GB,512.0,gb
1,3064,3.53 lb,3.53,lb
1,3014,250 nits,250.0,nit
1,3012,1920 x 1080,,text
1,3021,45 Watt Hours,45.0,wh
1,3011,15.6 inches,15.6,in
1,3040,Windows 11 Home,,text
1,3019,Integrated,,text
1,3071,Lithium Ion,,text
1,3072,10 hours,10.0,hr
1,3022,Clamshell,,text
1,3010,IPS,,text
1,3073,60 Hz,60.0,hz
1,3048,"Bluetooth, Wi-Fi 6",,text
1,3045,3,3.0,count
1,3041,1,1.0,count
1,3028,2024,2024.0,year
1,3025,5825U,,text
1,3024,Lenovo,,text
1,3070,198155791086,,text
3,3021,10 hours,10.0,wh
3,3074,16:9 Aspect Ratio,,text
3,3040,Windows 11 Home,,text
3,3067,None,,text
3,3012,1920 x 1080,,text
3,3018,16 GB,16.0,gb
3,3023,No Backlit Keyboard,,text
3,3019,AMD Radeon Graphics,,text
3,3031,8,8.0,count
3,3035,DDR4,,text
3,3045,3,3.0,count
3,3017,SSD (NVMe),,text
3,3011,15.6 inches,15.6,in
3,3047,Built-In Microphone,,text
3,3010,IPS,,text
3,3075,"1 Year Limited Warranty. To obtain a copy of the manufacturer's or supplier's warranty for this item prior to purchasing the item, please call Target Guest Services at 1-800-591-3869",,text
3,3076,Home,,text
3,3064,3.57 lb,3.57,lb
3,3030,2 GHz,2.0,ghz
3,3077,.7 inches (H) x 14.15 inches (W) x 9.25 inches (D),,in
3,3078,USB-C,,text
3,3013,true,1.0,boolean
3,3079,New,,text
3,3080,Energy Star Certified,,text
3,3067,None,,text
3,3048,Wi-Fi 6,,text
3,3015,AMD Ryzen 7 5825U,,text
3,3081,AMD Ryzen 7,,text
3,3070,198155791086,,text
7,3015,AMD Ryzen 7 5825U (2.0GHz),,text
7,3018,16 GB,16.0,gb
7,3017,512 GB,512.0,gb
7,3064,3.57 lb,3.57,lb
7,3012,1920 x 1080,,text
7,3021,47 Wh,47.0,wh
7,3082,Notebook PC,,text
7,3083,IdeaPad,,text
7,3025,82XM00LMUS,,text
7,3027,Arctic Grey,,text
7,3040,Windows 11 Home,,text
7,3081,Ryzen 7,,text
7,3030,Up to 4.5GHz,,text
7,3031,Barcelo,,text
7,3031,8,8.0,count
7,3032,16 Threads,,text
7,3084,4MB,4.0,mb
7,3084,16MB,16.0,mb
7,3085,AMD Enhanced Virus Protection (NX bit),,text
7,3067,SSD,,text
7,3067,,,text
7,3011,15.6 inches,15.6,in
7,3010,Full HD,,text
7,3052,Yes,,text
7,3053,720p,720.0,p
7,3086,HD,,text
7,3087,Yes,,text
7,3013,true,1.0,boolean
7,3038,AMD Radeon,,text
7,3088,Shared,,text
7,3048,Wi-Fi 6,,text
7,3089,Bluetooth 5.3,,text
7,3078,3.5mm Combo x1,,text
7,3045,"2 x USB 3.2 (Gen 1 Type-A), 1 x USB 3.2 (Gen 1 Type-C)",,text
7,3041,1,1.0,count
7,3051,65 Watt AC Adapter,65.0,w
7,3062,14.15 in,14.15,in
7,3063,9.25 in,9.25,in
7,3061,0.7 in,0.7,in
7,3077,2.79 x 19.21 x 11.79 in.,,in
7,3080,Yes,,text
7,3065,true,1.0,text
7,3080,EPEAT Silver,,text
4,3090,15.6 inches,15.6,in
4,3091,1920 x 1080,,text
4,3092,false,0.0,boolean
4,3093,220 nits,220.0,nit
4,3094,Intel Celeron,,text
4,3095,1.1 gigahertz,1.1,ghz
4,3096,64 GB,64.0,gb
4,3097,4 GB,4.0,gb
4,3098,Intel UHD Graphics,,text
4,3099,"1 x HDMI 1.4, Display connection via USB port",,text
4,3100,4080 milliampere hours,4080.0,wh
4,3101,false,,text
4,3102,false,,text
4,3103,Lenovo,,text
4,3104,82N4004NUS,,text
4,3105,"IdeaPad 3i Chromebook 15.6"" Full HD Laptop - Intel Celeron 2021 - 4GB Memory with 64GB eMMC Storage",,text
4,3106,Arctic Grey,,text
4,3107,2024,2024.0,year
4,3108,LCD,,text
4,3109,Anti-glare,,text
4,3110,Intel,,text
4,3094,Intel Celeron N4500,,text
4,3107,2021,2021.0,year
4,3111,2.8 GHz,2.8,ghz
4,3112,2,2.0,count
4,3113,2,2.0,count
4,3114,false,0.0,tops
4,3096,64 GB,64.0,gb
4,3115,LPDDR4X,,text
4,3116,2933 MHz,2933.0,mhz
4,3117,0,0.0,count
4,3118,Integrated,,text
4,3119,Intel,,text
4,3120,ChromeOS,,text
4,3121,64-bit,,text
4,3122,Google Home,,text
4,3123,1,1.0,count
4,3124,DisplayPort 1.4,,text
4,3125,"2 x USB-A 3.2, 1 x USB-C 3.2",,text
4,3125,3,3.0,count
4,3126,true,1.0,text
4,3127,true,1.0,boolean
4,3128,"Bluetooth, Wi-Fi",,text
4,3129,Wi-Fi 6,,text
4,3129,Wi-Fi 6,,text
4,3130,0,0.0,count
4,3128,None,,text
4,3131,Air,,text
4,3132,USB-C,,text
4,3133,45 watts,45.0,w
4,3134,true,,text
4,3135,720p,720.0,p
4,3127,true,1.0,boolean
4,3102,No,,text
4,3136,true,1.0,boolean
4,3102,Multi-touch,,text
4,3137,true,1.0,boolean
4,3137,microSD,,text
4,3138,false,0.0,boolean
4,3139,Realtek ALC5682I,,text
4,3139,2 x 2W,,text
4,3140,Google Assistant,,text
4,3141,Not Applicable,,text
4,3142,"Privacy camera, Cable lock slot",,text
4,3142,Kensington Security Slot (K-Slot),,text
4,3102,None,,text
4,3143,Plastic,,text
4,3144,0.75 in,0.75,in
4,3145,9.57 in,9.57,in
4,3146,14.25 in,14.25,in
4,3147,3.586 lb,3.586,lb
4,3148,true,1.0,boolean
4,3149,false,0.0,boolean
4,3150,None,,text
4,3102,false,,text
4,3102,false,,text
4,3151,1 year limited,,text
4,3152,1 year limited,,text
4,3153,198153733804,,text
2,3144,0.75 in,0.75,in
2,3154,Chrome OS,,text
2,3092,false,0.0,boolean
2,3090,15.6 inches,15.6,in
2,3098,Integrated Graphics,,text
2,3120,ChromeOS,,text
2,3155,82N4004NUS,,text
2,3156,Webcam,,text
2,3094,Intel Celeron,,text
2,3128,"Bluetooth, HDMI",,text
2,3096,64 GB,64.0,gb
2,3157,Inputs - USB(3) & Outputs - HDMI,,text
2,3097,4 GB,4.0,gb
2,3112,2,2.0,count
2,3100,10 h,10.0,wh
2,3110,Intel,,text
2,3147,3.48 lb,3.48,lb
2,3103,Lenovo,,text
2,3107,2024,2024.0,year
2,3111,1 GHz,1.0,ghz
2,3101,Chromebooks,,text
2,3091,1920 x 1080,,text
2,3116,2933 MHz,2933.0,mhz
1,3094,Intel Celeron N4500,,text
1,3097,4 GB,4.0,gb
1,3096,64 GB,64.0,gb
1,3147,3.48 lb,3.48,lb
1,3093,220 nits,220.0,nit
1,3091,1920 x 1080,,text
1,3155,82N4004NUS,,text
1,3090,15.6 inches,15.6,in
1,3120,ChromeOS,,text
1,3098,Integrated,,text
1,3157,"2x USB 3.2 Type-A, 1x USB Type-C, 1x HDMI, 1x microSD card reader, 1x Headphone Jack",,text
1,3134,720p camera with privacy shutter,,text
1,3158,"Wi-Fi 6, 11ax 2x2 + BT5.2",,text
1,3159,14.3 x 9.6 x 0.7 inches,,in
1,3153,198153733804,,text
1,3160,60 Hz,60.0,hz
1,3115,DDR4 SDRAM,,text
3,3108,TN,,text
3,3100,10 h,10.0,wh
3,3161,16:9 Aspect Ratio,,text
3,3092,false,0.0,boolean
3,3098,Intel UHD Graphics,,text
3,3111,1.1 GHz,1.1,ghz
3,3150,None,,text
3,3150,None,,text
3,3097,4 GB,4.0,gb
3,3112,2,2.0,count
3,3091,1920 x 1080,,text
3,3120,ChromeOS,,text
3,3159,.75 inches (H) x 9.57 inches (W) x 14.25 inches (D),,in
3,3096,EMMC,,text
3,3102,No Backlit Keyboard,,text
3,3125,3,3.0,count
3,3090,15.6 inches,15.6,in
3,3127,Built-In Microphone,,text
3,3162,"1 Year Limited Warranty. To obtain a copy of the manufacturer's or supplier's warranty for this item prior to purchasing the item, please call Target Guest Services at 1-800-591-3869",,text
3,3115,LPDDR4x,,text
3,3147,3.5 lb,3.5,lb
3,3156,Home,,text
3,3094,Intel Celeron N4500,,text
3,3163,USB-C,,text
3,3164,New,,text
3,3165,Energy Star Certified,,text
3,3166,Intel Celeron,,text
3,3128,Wi-Fi 6,,text
3,3153,198153733804,,text
8,3094,Intel Celeron N4500,,text
8,3097,4 GB,4.0,gb
8,3096,64 GB,64.0,gb
8,3147,3.5 lb,3.5,lb
8,3091,1920 x 1080,,text
8,3106,Artic Grey,,text
8,3120,ChromeOS,,text
8,3098,Intel UHD Graphics,,text
8,3116,DDR4 2933,,text
8,3167,Lithium Polymer,,text
8,3123,1 x HDMI,,text
8,3163,1 x Headphone Jack,,text
8,3134,720p HD,,text
8,3104,82N4004NUS-5K,,text
8,3153,198153733804,,text
7,3094,Intel Celeron N4500 (1.1GHz),,text
7,3097,4 GB,4.0,gb
7,3096,64 GB,64.0,gb
7,3147,3.48 lb,3.48,lb
7,3093,220 nits,220.0,nit
7,3091,1920 x 1080,,text
7,3100,47 Wh,47.0,wh
7,3168,911578,,text
7,3104,82N4004NUS,,text
7,3153,198153733804,,text
7,3120,ChromeOS,,text
7,3166,Celeron,,text
7,3111,Up to 2.8GHz,,text
7,3112,Dual-Core,,text
7,3113,2 Threads,,text
7,3169,4MB,4.0,mb
7,3115,LPDDR4x,,text
7,3116,LPDDR4x-2933,,text
7,3170,4GB,4.0,gb
7,3096,64 GB,64.0,gb
7,3090,15.6 inches,15.6,in
7,3108,Full HD Anti-glare LCD,,text
7,3109,Matte,,text
7,3134,Yes,,text
7,3135,720p,720.0,p
7,3139,High Definition Audio,,text
7,3139,2 x 2W Stereo Speakers,,text
7,3127,Dual Array Microphone,,text
7,3128,Wi-Fi 6,,text
7,3158,Bluetooth 5.2,,text
7,3125,"2 x USB 3.2 (Gen 1 Type-A), 1 x USB 3.2 (Gen 1 Type-C)",,text
7,3163,3.5mm Combo x1,,text
7,3123,1,1.0,count
7,3133,45W USB-C Power Adapter,45.0,w
7,3145,14.3 in,14.3,in
7,3146,9.6 in,9.6,in
7,3144,0.7 in,0.7,in
7,3171,"RoHS Compliant, Energy Star Compliant",,text
7,3142,"Google Security Chip H1, Kensington Nano Security Slot",,text
7,3102,Numeric Keypad,,text
7,3172,"Multi-Touch, Buttonless Mylar Surface Touchpad",,text
4,3173,14 inches,14.0,in
4,3174,1920 x 1200,,text
4,3175,true,1.0,boolean
4,3176,60 Hz,60.0,hz
4,3177,600 nits,600.0,nit
4,3178,AMD Ryzen AI 300 Series,,text
4,3179,2 gigahertz,2.0,ghz
4,3180,1024 GB,1024.0,gb
4,3181,16 GB,16.0,gb
4,3182,AMD Radeon 860M,,text
4,3183,"1 x HDMI 2.1, Display connection via USB port",,text
4,3184,4525 milliampere hours,4525.0,wh
4,3185,2in1_design,,text
4,3186,true,,text
4,3187,Lenovo,,text
4,3188,83JR0001US,,text
4,3189,"Yoga 7 2-in-1 - Copilot+ PC - 14"" 2K OLED Touchscreen Laptop - AMD Ryzen AI 7 350 2025- 16GB Memory - 1TB SSD",,text
4,3190,Seashell,,text
4,3191,2025,2025.0,year
4,3192,OLED,,text
4,3193,AMD,,text
4,3178,AI 7 350,,text
4,3191,2025,2025.0,year
4,3194,5 GHz,5.0,ghz
4,3195,8,8.0,count
4,3196,16,16.0,count
4,3197,"L2, L3",,text
4,3197,8 megabytes,8.0,mb
4,3197,16 megabytes,16.0,mb
4,3198,true,1.0,tops
4,3198,50 trillions operations per second,50.0,tops
4,3180,1024 GB,1024.0,gb
4,3199,SSD,,text
4,3200,LPDDR5X,,text
4,3201,7500 MHz,7500.0,mhz
4,3202,0,0.0,count
4,3203,Integrated,,text
4,3204,AMD Radeon,,text
4,3205,Windows 11 Home,,text
4,3206,1,1.0,count
4,3207,DisplayPort 1.4,,text
4,3208,"1 x USB-A 3.2, 2 x USB-C 3.2",,text
4,3208,3,3.0,count
4,3209,2,2.0,count
4,3210,true,1.0,text
4,3211,true,1.0,boolean
4,3212,"Bluetooth, Wi-Fi",,text
4,3213,Wi-Fi 7,,text
4,3213,Wi-Fi 7,,text
4,3214,0,0.0,count
4,3215,USB-C,,text
4,3216,65 watts,65.0,w
4,3217,1,1.0,count
4,3218,true,,text
4,3219,5 megapixels,5.0,mp
4,3211,true,1.0,boolean
4,3186,No,,text
4,3220,true,1.0,boolean
4,3186,"Multi-touch, Precision",,text
4,3221,true,1.0,boolean
4,3221,microSD,,text
4,3222,false,0.0,boolean
4,3223,"High Definition (HD) Audio, Realtek ALC3306 codec",,text
4,3223,"4 stereo speakers, 2W x2 (woofers), 2W x2 (tweeters), optimized with Dolby Atmos, Smart Amplifier (AMP)",,text
4,3224,Copilot+ PC,,text
4,3225,"Privacy camera, Fingerprint reader",,text
4,3225,None,,text
4,3226,Aluminum,,text
4,3227,0.65 in,0.65,in
4,3228,8.98 in,8.98,in
4,3229,12.48 in,12.48,in
4,3230,3.08 lb,3.08,lb
4,3231,true,1.0,boolean
4,3232,true,1.0,boolean
4,3232,Gold,,text
4,3199,None,,text
4,3186,false,,text
4,3233,1 year,,text
4,3234,1 year,,text
4,3235,198155423666,,text
3,3182,AMD Radeon 860M,,text
3,3186,Backlit Keyboard,,text
3,3236,AMD Ryzen AI,,text
3,3184,13.5 hours,13.5,wh
3,3205,Windows 11 Home,,text
3,3230,3.04 lb,3.04,lb
3,3237,16:10 Aspect Ratio,,text
3,3199,None,,text
3,3181,16 GB,16.0,gb
3,3195,8,8.0,count
3,3200,LPDDR5x,,text
3,3173,14 inches,14.0,in
3,3208,3,3.0,count
3,3211,Built-In Microphone,,text
3,3192,OLED,,text
3,3238,.61 inches (H) x 12.48 inches (W) x 8.98 inches (D),,in
3,3239,"1 Year Limited Warranty. To obtain a copy of the manufacturer's or supplier's warranty for this item prior to purchasing the item, please call Target Guest Services at 1-800-591-3869",,text
3,3240,Home,,text
3,3194,2 GHz,2.0,ghz
3,3178,AMD Ryzen AI 7 350,,text
3,3212,Wi-Fi 7,,text
3,3241,USB-C,,text
3,3180,SSD (NVMe),,text
3,3174,1920 x 1200,,text
3,3242,New,,text
3,3243,Energy Star Certified,,text
3,3175,true,1.0,boolean
3,3199,None,,text
3,3235,198155423666,,text
8,3178,AMD Ryzen AI 7 350,,text
8,3181,16 GB,16.0,gb
8,3180,1024 GB,1024.0,gb
8,3230,3.1 lb,3.1,lb
8,3174,1920 x 1200,,text
8,3173,14 inches,14.0,in
8,3205,Windows 11,,text
8,3182,AMD Radeon 860M,,text
8,3199,SSD,,text
8,3190,Seashell,,text
8,3227,12.3 in,12.3,in
8,3244,9 in,9.0,in
8,3228,0.75 in,0.75,in
8,3241,1 x Headphone/Microphone Combo Jack,,text
8,3212,"1 x USB 3.2 Gen2, 2 x USB 3.2 Type-C Gen2, 1 x Micro SD Card Reader, 1 x HDMI",,text
8,3188,83JR0001US,,text
8,3188,83JR0001US,,text
8,3235,198155423666,,text
4,3245,WVA,,text
4,3246,14 inches,14.0,in
4,3247,1920 x 1200,,text
4,3248,true,1.0,boolean
4,3249,60 Hz,60.0,hz
4,3250,250 nits,250.0,nit
4,3251,AMD Ryzen 5 8000 Series,,text
4,3252,3.5 gigahertz,3.5,ghz
4,3253,512 GB,512.0,gb
4,3254,8 GB,8.0,gb
4,3255,AMD Radeon Graphics,,text
4,3256,1 x HDMI 1.4,,text
4,3257,65 milliampere hours,65.0,wh
4,3258,2in1_design,,text
4,3259,true,,text
4,3260,Dell,,text
4,3261,i7445-5333BLU-PUS,,text
4,3262,"Inspiron 14 - 14""K 2-in-1 Touchscreen Laptop - AMD Ryzen 5 8640HS 2023 - 8GB Memory - 512 GB Storage",,text
4,3263,Midnight Blue,,text
4,3264,2024,2024.0,year
4,3245,LED,,text
4,3259,Active,,text
4,3265,Not Applicable,,text
4,3266,AMD,,text
4,3251,8640HS,,text
4,3264,2023,2023.0,year
4,3267,4.9 GHz,4.9,ghz
4,3268,6,6.0,count
4,3269,12,12.0,count
4,3270,L2,,text
4,3270,22 megabytes,22.0,mb
4,3271,false,0.0,tops
4,3253,512 GB,512.0,gb
4,3272,SSD,,text
4,3273,DDR5,,text
4,3274,Integrated,,text
4,3275,AMD Radeon,,text
4,3276,Windows 11 Home,,text
4,3277,1,1.0,count
4,3278,"2 x USB-C 3.2, 2 x USB-A 3.2",,text
4,3278,4,4.0,count
4,3279,true,1.0,text
4,3280,true,1.0,boolean
4,3281,"Bluetooth, Wi-Fi",,text
4,3281,None,,text
4,3282,true,,text
4,3283,2 megapixels,2.0,mp
4,3284,1080p,1080.0,p
4,3280,true,1.0,boolean
4,3285,false,0.0,boolean
4,3259,"Multi-touch, Gesture",,text
4,3286,true,1.0,boolean
4,3286,Secure Digital,,text
4,3287,true,1.0,boolean
4,3288,"Waves MaxxAudio Pro, Stereo Speakers, Supports Dolby Atmos Core",,text
4,3289,Copilot,,text
4,3290,Fingerprint reader,,text
4,3259,None,,text
4,3291,0.74 in,0.74,in
4,3292,12.36 in,12.36,in
4,3293,8.9 in,8.9,in
4,3294,3.77 lb,3.77,lb
4,3295,true,1.0,boolean
4,3296,true,1.0,boolean
4,3296,Silver,,text
4,3272,None,,text
4,3259,false,,text
4,3259,false,,text
4,3297,1 Year Hardware Service with Onsite/In-Home Service After Remote Diagnosis,,text
4,3298,1 Year Hardware Service with Onsite/In-Home Service After Remote Diagnosis,,text
4,3299,884116429333,,text
3,3257,10 hours,10.0,wh
3,3259,Backlit Keyboard,,text
3,3273,DDR5,,text
3,3276,Windows 11 Home,,text
3,3300,16:10 Aspect Ratio,,text
3,3272,None,,text
3,3251,AMD Ryzen 5 8640HS,,text
3,3301,.74 inches (H) x 8.9 inches (W) x 12.36 inches (D),,in
3,3294,3.77 lb,3.77,lb
3,3246,14 inches,14.0,in
3,3253,SSD (NVMe),,text
3,3280,Built-In Microphone,,text
3,3267,3.5 GHz,3.5,ghz
3,3268,6,6.0,count
3,3245,IPS,,text
3,3255,AMD Radeon 760M,,text
3,3278,4,4.0,count
3,3302,"1 Year Limited Warranty. To obtain a copy of the manufacturer's or supplier's warranty for this item prior to purchasing the item, please call Target Guest Services at 1-800-591-3869",,text
3,3281,Wi-Fi 6E,,text
3,3254,8 GB,8.0,gb
3,3303,Home,,text
3,3304,USB-C,,text
3,3305,AMD Ryzen 5,,text
3,3247,1920 x 1200,,text
3,3306,New,,text
3,3307,Energy Star Certified,,text
3,3248,true,1.0,boolean
3,3272,None,,text
3,3299,884116429333,,text
1,3251,Intel Core i5-1145G7 vPRO,,text
1,3254,64 GB,64.0,gb
1,3253,1024 GB,1024.0,gb
1,3294,3.5 lb,3.5,lb
1,3250,250 nits,250.0,nit
1,3247,1920 x 1080,,text
1,3257,63 Wh,63.0,wh
1,3246,15.6 inches,15.6,in
1,3308,2400 MHz,2400.0,mhz
1,3278,4,4.0,count
1,3281,"Bluetooth, Wi-Fi",,text
1,3281,"Bluetooth, Wi-Fi 6",,text
1,3309,"HDMI, Thunderbolt 4",,text
1,3255,Intel Iris Xe Graphics,,text
1,3288,Speakers,,text
1,3264,2022,2022.0,year
1,3261,5520,,text
1,3299,884116429333,,text
1,3263,Silver,,text
1,3258,Laptop,,text
4,3310,IPS,,text
4,3311,15.6 inches,15.6,in
4,3312,1920 x 1080,,text
4,3313,true,1.0,boolean
4,3314,60Hz,,text
4,3315,220 nits,220.0,nit
4,3316,Intel 13th Generation Core i5,,text
4,3317,1.3 gigahertz,1.3,ghz
4,3318,512 GB,512.0,gb
4,3319,8 GB,8.0,gb
4,3320,Intel UHD Graphics,,text
4,3321,1 x HDMI 1.4,,text
4,3322,65 milliampere hours,65.0,wh
4,3323,false,,text
4,3324,false,,text
4,3325,Dell,,text
4,3326,LDC15250-5434BLK-PUS,,text
4,3327,"15.6"" 2K Touchscreen Laptop - Intel Core i5 1334U 2023 - 8GB Memory - 512 GB Storage",,text
4,3328,Carbon Black,,text
4,3329,2025,2025.0,year
4,3310,LED,,text
4,3330,Not Applicable,,text
4,3331,Anti-glare,,text
4,3332,45 percent,,text
4,3333,Intel,,text
4,3316,Intel Core i5-1334U,,text
4,3329,2023,2023.0,year
4,3334,4.6 GHz,4.6,ghz
4,3335,10,10.0,count
4,3336,12,12.0,count
4,3337,L1,,text
4,3337,12 megabytes,12.0,mb
4,3338,false,0.0,tops
4,3318,512 GB,512.0,gb
4,3339,SSD,,text
4,3340,DDR5,,text
4,3341,4400 MHz,4400.0,mhz
4,3342,2,2.0,count
4,3342,1,1.0,count
4,3343,16 gigabytes,16.0,gb
4,3344,Integrated,,text
4,3345,Intel,,text
4,3346,Windows 11 Home,,text
4,3347,64-bit,,text
4,3348,1,1.0,count
4,3349,"1 x USB-A 3.2, 1 x USB-A 2.0, 1 x USB-C 3.2",,text
4,3349,3,3.0,count
4,3350,true,1.0,text
4,3351,"Bluetooth, Wi-Fi",,text
4,3352,Wi-Fi 6,,text
4,3352,Wi-Fi 6,,text
4,3353,0,0.0,count
4,3351,None,,text
4,3354,DC jack (4.5mm),,text
4,3355,65 watts,65.0,w
4,3356,2,2.0,count
4,3357,true,,text
4,3358,0.92 megapixels,0.92,mp
4,3359,720p,720.0,p
4,3360,true,1.0,boolean
4,3313,false,0.0,boolean
4,3361,false,0.0,boolean
4,3324,Precision,,text
4,3362,true,1.0,boolean
4,3362,Secure Digital,,text
4,3363,MaxxAudio Pro (Windows),,text
4,3363,Stereo Speakers (Windows),,text
4,3364,Copilot,,text
4,3365,None,,text
4,3324,None,,text
4,3366,0.75 in,0.75,in
4,3367,14.11 in,14.11,in
4,3368,9.27 in,9.27,in
4,3369,4.28 lb,4.28,lb
4,3370,true,1.0,boolean
4,3371,true,1.0,boolean
4,3371,Silver,,text
4,3372,McAfee LiveSafe 30-day trial,,text
4,3339,None,,text
4,3324,true,,text
4,3324,false,,text
4,3373,1 year Mail In Service Retail,,text
4,3374,1 year Mail In Service Retail,,text
4,3375,884116652434,,text
4,3376,IPS,,text
4,3377,15.6 inches,15.6,in
4,3378,1920 x 1080,,text
4,3379,true,1.0,boolean
4,3380,60 Hz,60.0,hz
4,3381,220 nits,220.0,nit
4,3382,Intel 13th Generation Core i7,,text
4,3383,1.7 gigahertz,1.7,ghz
4,3384,512 GB,512.0,gb
4,3385,16 GB,16.0,gb
4,3386,Intel UHD Graphics,,text
4,3387,1 x HDMI 1.4,,text
4,3388,65 milliampere hours,65.0,wh
4,3389,false,,text
4,3390,false,,text
4,3391,Dell,,text
4,3392,LDC15250-7427BLK-PUS,,text
4,3393,"15.6"" 2K Touchscreen Laptop - Intel Core i7 1355U 2023 - 16GB Memory - 512 GB Storage",,text
4,3394,Carbon Black,,text
4,3395,2025,2025.0,year
4,3376,LED,,text
4,3396,Anti-glare,,text
4,3397,45 percent,45.0,percent
4,3398,Intel,,text
4,3382,Intel Core i7-1355U,,text
4,3395,2023,2023.0,year
4,3399,5 GHz,5.0,ghz
4,3400,10,10.0,count
4,3401,12,12.0,count
4,3402,L1,,text
4,3402,12 megabytes,12.0,mb
4,3403,false,0.0,tops
4,3384,512 GB,512.0,gb
4,3404,SSD,,text
4,3405,DDR5,,text
4,3406,4400 MHz,4400.0,mhz
4,3407,2,2.0,count
4,3407,1,1.0,count
4,3408,16 gigabytes,16.0,gb
4,3409,Integrated,,text
4,3410,Intel,,text
4,3411,Windows 11 Home,,text
4,3412,64-bit,,text
4,3413,1,1.0,count
4,3414,"1 x USB-A 3.2, 1 x USB-A 2.0, 1 x USB-C 3.2",,text
4,3414,3,3.0,count
4,3415,true,1.0,text
4,3416,"Bluetooth, Wi-Fi",,text
4,3417,Wi-Fi 6,,text
4,3417,Wi-Fi 6,,text
4,3418,0,0.0,count
4,3416,None,,text
4,3419,DC jack (4.5mm),,text
4,3420,65 watts,65.0,w
4,3421,true,,text
4,3422,0.92 megapixels,0.92,mp
4,3423,720p,720.0,p
4,3424,true,1.0,boolean
4,3379,false,0.0,boolean
4,3425,false,0.0,boolean
4,3390,Precision,,text
4,3426,true,1.0,boolean
4,3426,Secure Digital,,text
4,3427,MaxxAudio Pro (Windows),,text
4,3427,Stereo Speakers (Windows),,text
4,3428,Copilot,,text
4,3429,None,,text
4,3390,None,,text
4,3430,0.75 in,0.75,in
4,3431,14.11 in,14.11,in
4,3432,9.27 in,9.27,in
4,3433,4.28 lb,4.28,lb
4,3434,true,1.0,boolean
4,3435,true,1.0,boolean
4,3435,Silver,,text
4,3436,McAfee LiveSafe 30-day trial,,text
4,3404,None,,text
4,3390,true,,text
4,3390,false,,text
4,3437,1 year Mail In Service Retail,,text
4,3438,1 year Mail In Service Retail,,text
4,3439,884116652427,,text
4,3440,WVA,,text
4,3441,16 inches,16.0,in
4,3442,1920 x 1200,,text
4,3443,true,1.0,boolean
4,3444,300 nits,300.0,nit
4,3445,Intel Core Ultra 5 Series 2,,text
4,3446,2.1 gigahertz,2.1,ghz
4,3447,512 GB,512.0,gb
4,3448,16 GB,16.0,gb
4,3449,Intel Arc Graphics,,text
4,3450,1 x HDMI 2.1,,text
4,3451,4-cell,4.0,wh
4,3452,2in1_design,,text
4,3453,true,,text
4,3454,Dell,,text
4,3455,LDB06250-5175BLU-PUS,,text
4,3456,"Plus- 16"" 2K Laptop - Intel Core Ultra 5 226V 2024 - 16GB Memory - 512 GB Storage - Copilot+ PC",,text
4,3457,Ice Blue,,text
4,3458,2025,2025.0,year
4,3440,LED,,text
4,3453,Active,,text
4,3459,Not Applicable,,text
4,3460,Intel,,text
4,3445,226V,,text
4,3458,2024,2024.0,year
4,3461,4.5 GHz,4.5,ghz
4,3462,8,8.0,count
4,3463,L1,,text
4,3463,8 megabytes,8.0,mb
4,3464,false,0.0,tops
4,3447,512 GB,512.0,gb
4,3465,SSD,,text
4,3466,LPDDR5X,,text
4,3467,8533 MHz,8533.0,mhz
4,3468,Integrated,,text
4,3469,Intel,,text
4,3470,4.5 gigahertz,4500.0,mhz
4,3471,Windows 11 Home,,text
4,3472,64-bit,,text
4,3473,1,1.0,count
4,3474,0,0.0,count
4,3475,"1 x USB-A 3.2, 1 x USB-C 3.2",,text
4,3475,2,2.0,count
4,3476,1,1.0,count
4,3477,true,1.0,text
4,3478,true,1.0,boolean
4,3479,"Bluetooth, Wi-Fi",,text
4,3480,Wi-Fi 7,,text
4,3480,Wi-Fi 7,,text
4,3481,0,0.0,count
4,3479,None,,text
4,3482,Air,,text
4,3483,true,,text
4,3484,2.07 megapixels,2.07,mp
4,3485,1080p,1080.0,p
4,3478,true,1.0,boolean
4,3486,false,0.0,boolean
4,3487,false,0.0,boolean
4,3488,false,0.0,boolean
4,3489,Copilot+ PC,,text
4,3453,None,,text
4,3490,0.67 in,0.67,in
4,3491,14.05 in,14.05,in
4,3492,9.87 in,9.87,in
4,3493,4.52 lb,4.52,lb
4,3494,true,1.0,boolean
4,3495,true,1.0,boolean
4,3495,Gold,,text
4,3496,McAfee+ Premium 30-day trialMS Office 30-Day Trial,,text
4,3465,None,,text
4,3453,true,,text
4,3453,false,,text
4,3497,15 Months Mail In Service-Retail,,text
4,3498,15 Months Mail In Service-Retail,,text
4,3499,884116483175,,text
4,3500,AMOLED,,text
4,3501,16.3 inches,16.3,in
4,3502,3840 x 2400,,text
4,3503,true,1.0,boolean
4,3504,120 Hz,120.0,hz
4,3505,400 nits,400.0,nit
4,3506,Intel Core Ultra 9 Series 2,,text
4,3507,2.9 gigahertz,2.9,ghz
4,3508,1024 GB,1024.0,gb
4,3509,32 GB,32.0,gb
4,3510,NVIDIA GeForce RTX 5060,,text
4,3511,3 x Thunderbolt 4,,text
4,3512,1800 milliampere hours,1800.0,wh
4,3513,false,,text
4,3514,true,,text
4,3515,Dell,,text
4,3516,LDA16250-9308SLV-PUS,,text
4,3517,"Premium - 16"" 4K Touchscreen Laptop - Intel Core Ultra 9 285H 2025 - 32GB Memory - NVIDIA GeForce RTX 5060 - 1TB Storage",,text
4,3518,Platinum,,text
4,3519,2025,2025.0,year
4,3500,OLED,,text
4,3520,Not Applicable,,text
4,3521,Anti-reflective,,text
4,3522,100 percent,100.0,percent
4,3523,Intel,,text
4,3506,285H,,text
4,3519,2025,2025.0,year
4,3524,5.4 GHz,5.4,ghz
4,3525,16,16.0,count
4,3526,16,16.0,count
4,3527,L1,,text
4,3527,24 megabytes,24.0,mb
4,3528,true,1.0,tops
4,3528,13 trillions operations per second,,text
4,3508,1024 GB,1024.0,gb
4,3529,SSD,,text
4,3530,LPDDR5X,,text
4,3531,7467 MHz,7467.0,mhz
4,3532,64 gigabytes,64.0,gb
4,3533,Dedicated,,text
4,3534,NVIDIA,,text
4,3535,"DLSS 4 (Deep Learning Super Sampling), Ray tracing",,text
4,3536,2.28 gigahertz,2.28,ghz
4,3537,2.5 gigahertz,2500.0,mhz
4,3538,8 gigabytes,8.0,gb
4,3538,GDDR7,,text
4,3539,145 watts,145.0,w
4,3540,USB-C,,text
4,3541,130 watts,130.0,w
4,3542,Windows 11 Home,,text
4,3543,64-bit,,text
4,3544,3,3.0,count
4,3545,true,1.0,text
4,3546,true,1.0,boolean
4,3547,"Bluetooth, Wi-Fi",,text
4,3548,Wi-Fi 7,,text
4,3548,Wi-Fi 7,,text
4,3549,0,0.0,count
4,3547,None,,text
4,3550,Air,,text
4,3551,true,,text
4,3552,2.07 megapixels,2.07,mp
4,3553,1080p,1080.0,p
4,3546,true,1.0,boolean
4,3503,false,0.0,boolean
4,3554,false,0.0,boolean
4,3514,Haptic,,text
4,3555,true,1.0,boolean
4,3555,microSD,,text
4,3556,Studio quality tuning with Waves MaxxAudio Pro and Waves Nx 3D audio,,text
4,3556,2 x Woofers and 2 x Tweeters,,text
4,3557,Copilot,,text
4,3558,Fingerprint reader,,text
4,3558,None,,text
4,3559,0.74 in,0.74,in
4,3560,9.45 in,9.45,in
4,3561,14.1 in,14.1,in
4,3562,4.65 lb,4.65,lb
4,3563,true,1.0,boolean
4,3564,true,1.0,boolean
4,3564,Gold,,text
4,3565,Microsoft 365 30-day trial,,text
4,3529,None,,text
4,3514,false,,text
4,3566,1 year Basic Onsite Service after remote diagnosis with Hardware-Only Support-Retail,,text
4,3567,1 year Basic Onsite Service after remote diagnosis with Hardware-Only Support-Retail,,text
4,3568,884116430308,,text
3,3569,"Glass, Metal",,text
3,3570,"2 Baking Pans, Wire Rack",,text
3,3571,Freestanding,,text
3,3572,14 lb,14.0,lb
3,3573,1500 W,1500.0,w
3,3574,5.3 qt,5.3,qt
3,3575,No Certifications,,text
3,3576,"Spot or Wipe Clean, Dishwasher-Safe Parts",,text
3,3577,"1 Year Limited Warranty. To obtain a copy of the manufacturer's or supplier's warranty for this item prior to purchasing the item, please call Target Guest Services at 1-800-591-3869",,text
3,3578,4,4.0,count
3,3579,11.5 Inches (H) x 15.67 Inches (W) x 13.31 Inches (D),,in
3,3580,"Warmer, Air Fry, Toasters, Broiler, Bakes",,text
3,3581,810102267887,,text
3,3582,11.4 Inches (H) x 10.2 Inches (W) x 12.6 Inches (D),,in
3,3583,1500 W,1500.0,w
3,3584,5.3 qt,5.3,qt
3,3585,4 Pounds,4.0,lb
3,3586,"Air Fry, Reheat, Bakes, Roasts",,text
3,3587,"Plastic, Metal",,text
3,3588,11.2 lb,11.2,lb
3,3589,"Spot or Wipe Clean, Dishwasher-Safe Parts",,text
3,3590,"1 Year Limited Warranty. To obtain a copy of the manufacturer's or supplier's warranty for this item prior to purchasing the item, please call Target Guest Services at 1-800-591-3869",,text
3,3591,810102268778,,text
3,3592,16.42 lb,16.42,lb
3,3593,12.48 Inches (H) x 15.87 Inches (W) x 15.12 Inches (D),,in
3,3594,Spot or Wipe Clean,,text
3,3595,1700 W,1700.0,w
3,3596,"Plastic, Stainless Steel",,text
3,3597,16.68 Pounds,16.68,lb
3,3598,"1 Year Limited Warranty. To obtain a copy of the manufacturer's or supplier's warranty for this item prior to purchasing the item, please call Target Guest Services at 1-800-591-3869",,text
3,3599,8 qt,8.0,qt
3,3600,810028585560,,text
1,3599,8 qt,8.0,qt
1,3596,Plastic,,text
1,3595,1700 W,1700.0,w
1,3601,400 °F,400.0,f
1,3593,"17.8""D x 17.8""W x 15.4""H",,in
1,3592,16.42 lb,16.42,lb
1,3602,120 V,120.0,v
1,3603,Touch,,text
1,3604,95 °F,95.0,f
1,3605,Rapid Air Circulation,,text
1,3606,Yes,,text
1,3596,Plastic,,text
1,3594,Yes,,text
1,3607,Vortex,,text
1,3608,140-3090-01,,text
1,3600,810028585560,,text
1,3609,Instant Pot,,text
1,3610,Instant Vortex Plus Dual Basket with ClearCook 8qt,,text
1,3598,Warranty,,text
1,3611,ETL Certified,,text
4,3612,Overheat Protection and auto-off,,text
4,3599,8 qt,8.0,qt
4,3613,8Qt Vortex Plus Dual Basket Air Fryer,,text
4,3609,Instant,,text
4,3608,140-3090-01,,text
4,3614,false,0.0,boolean
4,3615,1 year,1.0,text
4,3616,1 year,1.0,text
4,3600,810028585560,,text
3,3617,Stainless Steel,,text
3,3618,15.98 lb,15.98,lb
3,3619,"Basket, Instruction Manual, Lid, Rack",,text
3,3620,"Saute, Sous Vide, Air Fry",,text
3,3621,"Programmable, Automatic Pressure Control, Cool Touch Handle",,text
3,3622,1000 W,1000.0,w
3,3623,"1 Year Limited Warranty. To obtain a copy of the manufacturer's or supplier's warranty for this item prior to purchasing the item, please call Target Guest Services at 1-800-591-3869",,text
3,3624,"Spot or Wipe Clean, Do Not Submerge in Water, Do Not Place in Dishwasher, Hand Wash",,text
3,3625,8 qt,8.0,qt
3,3626,"Locking Lid, Pressure Indicator, Cool Touch Handle, Auto-Lock Handles",,text
3,3627,14.21 Inches (H) x 13.31 Inches (W) x 14.8 Inches (D),,in
3,3628,857561008842,,text
1,3625,8 qt,8.0,qt
1,3617,Stainless steel,,text
1,3622,1500 W,1500.0,w
1,3629,450 °F,450.0,f
1,3627,"13.58""D x 14.76""W x 15.28""H",,in
1,3618,22.2 lb,22.2,lb
1,3630,Touch,,text
1,3631,Automatic,,text
1,3632,110-120 Volts,,v
1,3633,app,,text
1,3634,"Inner Lid, Outer Lid",,text
1,3635,Chrome,,text
1,3636,UL & ULC Listed,,text
1,3637,140-0021-01,,text
1,3628,857561008842,,text
1,3637,140-0021-01,,text
1,3621,Programmable,,text
1,3638,over 10 safety mechanisms including overheat protection and an easy seal safety lid lock,,text
3,3639,96 ounces,3.0,oz
3,3640,Freestanding,,text
3,3641,11.7 lb,11.7,lb
3,3642,New,,text
3,3643,1500 W,1500.0,w
3,3644,Air Fry Basket,,text
3,3645,11.65 inches (H) x 9.92 inches (W) x 13.82 inches (D),,in
3,3646,ETL Listed,,text
3,3647,"1 Year Limited Warranty. To obtain a copy of the manufacturer's or supplier's warranty for this item prior to purchasing the item, please call Target Guest Services at 1-800-591-3869",,text
3,3648,Plastic,,text
3,3649,Air Fry,,text
3,3650,Dishwasher-Safe Parts,,text
3,3651,810028588981,,text
1,3639,4 qt,4.0,qt
1,3648,Plastic,,text
1,3643,1500 W,1500.0,w
1,3652,400 °F,400.0,f
1,3645,"13.82""D x 9.92""W x 11.65""H",,in
1,3641,10.38 lb,10.38,lb
1,3653,120 V,120.0,v
1,3654,app,,text
1,3655,EvenCrisp Technology,,text
1,3656,Yes,,text
1,3648,Plastic,,text
1,3650,Yes,,text
1,3657,140-3135-01,,text
1,3651,810028588981,,text
1,3644,"Unit, Cooking Tray, and Basket",,text
1,3658,Programmable,,text
1,3658,"Built-in safety features like Overheat Protection, auto-off",,text
1,3659,Use up to 60% less energy than traditional electric ovens,,text
4,3650,Dishwasher-safe parts,,text
4,3639,4 qt,4.0,qt
4,3655,"Air fry, Bake",,text
4,3655,Air,,text
4,3655,programmable,,text
4,3655,"Removable, Single",,text
4,3660,Instant Pot,,text
4,3657,140-3135-01,,text
4,3661,Essentials 4 Quart Air Fryer with EvenCrisp Technology 140-3135-01,,text
4,3662,Black,,text
4,3663,11.65 in,11.65,in
4,3664,9.92 in,9.92,in
4,3665,13.82 in,13.82,in
4,3641,10.38 lb,10.38,lb
4,3648,Non-stick,,text
4,3666,Dial,,text
4,3652,400 °F,400.0,f
4,3646,UL Listed,,text
4,3667,Manufacturer Default,,text
4,3668,Manufacturer Default,,text
4,3651,810028588981,,text
3,3669,1750 W,1750.0,w
3,3670,12.01 Inches (H) x 12.64 Inches (W) x 15.75 Inches (D),,in
3,3671,11.46 lb,11.46,lb
3,3672,Aluminum,,text
3,3673,Hand Wash,,text
3,3674,"1 Year Limited Warranty. To obtain a copy of the manufacturer's or supplier's warranty for this item prior to purchasing the item, please call Target Guest Services at 1-800-591-3869",,text
3,3675,8 qt,8.0,qt
3,3676,11.46 Pounds,11.46,lb
3,3677,810137396095,,text
1,3675,8 qt,8.0,qt
1,3672,"Aluminum, Plastic, Polypropylene (PP)",,text
1,3669,1700 W,1700.0,w
1,3678,400 °F,400.0,f
1,3670,"15.75""D x 12.64""W x 12.01""H",,in
1,3671,11.46 lb,11.46,lb
1,3679,120 V,120.0,v
1,3680,Touch,,text
1,3681,AirCrisp Technology,,text
1,3682,"Automatic Shut-Off, Programmable, Temperature Control, Timer",,text
1,3683,Tasti-Crisp™ Max Pro 8QT Air Fryer,,text
1,3684,DCAF80001,,text
1,3677,810137396095,,text
3,3685,1200 W,1200.0,w
3,3686,14.33 Pounds,14.33,lb
3,3687,14.33 lb,14.33,lb
3,3688,12.95 Inches (H) x 10.7 Inches (W) x 18.31 Inches (D),,in
3,3689,"1 Year Limited Warranty. To obtain a copy of the manufacturer's or supplier's warranty for this item prior to purchasing the item, please call Target Guest Services at 1-800-591-3869",,text
3,3690,Steel,,text
3,3691,7 qt,7.0,qt
3,3692,Dishwasher-Safe Parts,,text
3,3693,810137395203,,text
1,3691,7 qt,7.0,qt
1,3690,Plastic,,text
1,3685,1750 W,1750.0,w
1,3694,400 °F,400.0,f
1,3688,"12""D x 2.99""W x 12.79""H",,in
1,3695,Touch,,text
1,3696,Cyclonic Air Flow,,text
1,3697,Yes,,text
1,3692,Yes,,text
1,3698,Flip & Fry™ Digital 2-in-1 Grill + Air Fryer,,text
1,3699,DAFG75GBGY01,,text
1,3693,810137395203,,text
3,3700,12.01 Inches (H) x 12.64 Inches (W) x 15.75 Inches (D),,in
3,3701,11.46 lb,11.46,lb
3,3702,1700 W,1700.0,w
3,3703,Polypropylene,,text
3,3704,Hand Wash,,text
3,3705,8 qt,8.0,qt
3,3706,"1 Year Limited Warranty. To obtain a copy of the manufacturer's or supplier's warranty for this item prior to purchasing the item, please call Target Guest Services at 1-800-591-3869",,text
3,3707,5 Pounds,5.0,lb
3,3708,810137396538,,text
1,3705,8 qt,8.0,qt
1,3703,"Aluminum, Plastic, Polypropylene (PP)",,text
1,3702,1700 W,1700.0,w
1,3709,400 °F,400.0,f
1,3700,"15.75""D x 12.64""W x 12.01""H",,in
1,3701,11.46 lb,11.46,lb
1,3710,120 V,120.0,v
1,3711,Touch,,text
1,3712,AirCrisp Technology,,text
1,3713,Tasti-Crisp™ Max Pro 8QT Air Fryer,,text
1,3714,DCAF80002,,text
1,3708,810137396538,,text
1,3715,"Automatic Shut-Off, Programmable, Temperature Control, Timer",,text
3,3716,Spot or Wipe Clean,,text
3,3717,"Drip Tray, Rotisserie Kit, Wire Rack, Air Fry Basket, baking pan",,text
3,3718,Freestanding,,text
3,3719,CETLus Listed,,text
3,3720,23 Liter,24.3,l
3,3721,1500 W,1500.0,w
3,3722,"Rotisserie, Bakes, Air Fry, Broiler, Toasters",,text
3,3723,"1 Year Limited Warranty. To obtain a copy of the manufacturer's or supplier's warranty for this item prior to purchasing the item, please call Target Guest Services at 1-800-591-3869",,text
3,3724,17.4 lb,17.4,lb
3,3725,Steel,,text
3,3726,13.3 Inches (H) x 16.8 Inches (W) x 16.1 Inches (D),,in
3,3727,850011521083,,text
1,3720,6.1 qt,6.1,qt
1,3725,Stainless Steel,,text
1,3721,1500 W,1500.0,w
1,3728,450 °F,450.0,f
1,3726,16.1 x 16.8 x 13.3 inches,,in
1,3724,17.4 lb,17.4,lb
1,3729,Knob,,text
1,3730,Electric,,text
1,3731,Chef Series 7 in 1 Convection Air Fry Oven,,text
1,3732,DAFT2350GBSS01,,text
1,3727,00850011521083,,text
1,3727,850011521083,,text
1,3733,Dropdown Door,,text
1,3734,6 heating elements with dual thermostats,,text
1,3735,Yes,,text
3,3736,Spot or Wipe Clean,,text
3,3737,"Drip Tray, Rotisserie Kit, Wire Rack, Air Fry Basket, baking pan",,text
3,3738,Nonslip Base,,text
3,3739,Freestanding,,text
3,3740,"Rotisserie, Bakes, Air Fry, Broiler",,text
3,3741,CETLus Listed,,text
3,3742,23 Liter,24.3,l
3,3743,1500 W,1500.0,w
3,3744,"1 Year Limited Warranty. To obtain a copy of the manufacturer's or supplier's warranty for this item prior to purchasing the item, please call Target Guest Services at 1-800-591-3869",,text
3,3745,17.4 lb,17.4,lb
3,3746,Steel,,text
3,3747,13.3 Inches (H) x 16.8 Inches (W) x 16.1 Inches (D),,in
3,3748,850011521090,,text
1,3742,6.1 qt,6.1,qt
1,3746,Stainless Steel,,text
1,3743,1500 W,1500.0,w
1,3749,450 °F,450.0,f
1,3750,Chef Series 7 in 1 Convection Air Fry Oven,,text
1,3751,DAFT2350GBGT01,,text
1,3748,00850011521090,,text
1,3748,850011521090,,text
1,3747,16.1 x 16.8 x 13.3 inches,,in
1,3745,17.4 lb,17.4,lb
1,3752,35 in,35.0,in
1,3753,Polished,,text
1,3754,Stainless Steel,,text
1,3755,Analog,,text
1,3756,AC adapter,,text
1,3757,6 heating elements with dual thermostats,,text
1,3758,2 qt,2.0,qt
1,3759,Metal,,text
1,3760,1400 W,1400.0,w
1,3761,400 °F,400.0,f
1,3762,100 °F,100.0,f
1,3763,Touch,,text
1,3759,Metal,,text
1,3759,Metal,,text
1,3764,Yes,,text
1,3765,Air Fryer Accessory,,text
1,3766,DCAF150UP1,,text
1,3767,856007008903,,text
1,3768,"Product, Manual",,text
1,3769,Manual,,text
2,3770,3 qt,3.0,qt
2,3771,EverGood Ceramic Nonstick Coating,,text
2,3772,Beautiful 3 Qt Air Fryer,,text
2,3773,White Icing,,text
2,3774,TurboCrisp Technology,,text
2,3775,4,,text
2,3776,1200 W,1200.0,w
2,3775,"Air Fry, Bake, Roast, Reheat",,text
2,3777,"Digital Display, Non-Stick",,text
2,3778,3 qt,3.0,qt
2,3779,400 °F,400.0,f
2,3780,Tray and basket,,text
2,3781,6.61 lb,6.61,lb
2,3782,36 in,36.0,in
2,3783,Dishwasher safe parts.,,text
2,3775,1,,text
2,3784,"This product conatins: Polytetrafluoroethylene (PTFE), Dibutyl phthalate (DBP), Benzyl butyl phthalate (BBP), Di-(2-ethyl hexyl) phthalate (DEHP), Di-iso-nonyl phthalate (DINP), Diisodecyl Phthalate (DIDP), Di-n-hexyl phthalate (DnHP), Acrylonitrile, 1,3-Butadiene, Styrene. For more information about PFAS and other chemicals in this product, visit https://beautifulbydrew.com/pages/california-ab1200",,text
2,3785,Beautiful,,text
2,3786,White Icing,,text
2,3787,9.84 x 12.51 x 10.55 in,,in
2,3788,Ceramic,,text
2,3789,90 °F,90.0,f
2,3790,12.52 x 9.84 x 10.55 in,,in
2,3791,4,,text
2,3792,1200 W,1200.0,w
2,3793,6.61 lb,6.61,lb
2,3794,N,,text
2,3795,No,,text
2,3796,Dishwasher safe parts,,text
2,3791,"Air Fry, Bake, Roast, Reheat",,text
2,3797,90 °F,90.0,f
2,3798,3,3.0,count
2,3799,29015,,text
2,3800,Crisping tray and basket,,text
2,3801,36 in,36.0,in
2,3791,1,,text
2,3802,Black,,text
2,3803,Residential,,text
2,3803,"Cool Touch Exterior, Digital Display, Removable Basket, Non-Stick, Heat Resistant Handles, Automatic Shut-Off, End-of-Cycle Signal",,text
2,3804,3 qt,3.0,qt
2,3805,Beautiful,,text
2,3806,"Aluminum, Electricals, etc",,text
2,3807,400 °F,400.0,f
2,3808,12.52 x 9.84 x 10.55 in,,in
2,3809,4,,text
2,3810,1200 W,1200.0,w
2,3811,6.61 lb,6.61,lb
2,3812,Buttercream,,text
2,3813,N,,text
2,3814,26 in,26.0,in
2,3815,Dishwasher safe parts,,text
2,3816,3,3.0,count
2,3817,170 °F,170.0,f
2,3818,Aluminum,,text
2,3819,Crisping Tray and Basket,,text
2,3820,"Automatic Shut-Off, Cool Touch Exterior, Digital Display, End-of-Cycle Signal, Heat Resistant Handles, Non-Stick, Removable Basket",,text
2,3809,1,,text
2,3820,Residential,,text
2,3821,29432,,text
2,3809,"Air Fry, Roast, Reheat, Bake",,text
2,3822,3 qt,3.0,qt
2,3823,Beautiful,,text
2,3824,None,,text
2,3825,400 °F,400.0,f
2,3826,12.52 x 9.84 x 10.55 in,,in
2,3827,4,,text
2,3828,1200 W,1200.0,w
2,3829,6.61 lb,6.61,lb
2,3830,N,,text
2,3831,No,,text
2,3832,Dishwasher safe parts,,text
2,3827,"Air Fry, Bake, Roast, Reheat",,text
2,3833,Cornflower,,text
2,3834,90 °F,90.0,f
2,3835,3,3.0,count
2,3836,29015,,text
2,3837,Crisping Tray and Basket,,text
2,3838,36 in,36.0,in
2,3827,1,,text
2,3839,Residential,,text
2,3839,"Cool Touch Exterior, Digital Display, Removable Basket, Non-Stick, Heat Resistant Handles, Automatic Shut-Off, End-of-Cycle Signal",,text
2,3840,3 qt,3.0,qt
2,3841,Beautiful,,text
2,3842,"Aluminum, Electricals, etc",,text
2,3843,400 °F,400.0,f
2,3834,90 °F,90.0,f
2,3843,400 °F,400.0,f
2,3844,1,,text
2,3845,"Digital Display, Non-Stick, Removable Basket, Cool Touch Exterior, Heat Resistant Handles, Automatic Shut-Off, End-of-Cycle Signal",,text
2,3846,400 °F,400.0,f
2,3847,N,,text
2,3848,26 in,26.0,in
2,3849,6 qt,6.0,qt
2,3850,3,3.0,count
2,3844,"Air Fry, Roast, Reheat, Dehydrate",,text
2,3851,1750 W,1750.0,w
2,3852,11.14 in,11.14,in
2,3844,4,,text
2,3845,Residential,,text
2,3853,Black,,text
2,3854,19668,,text
2,3855,Crisping tray and basket,,text
2,3856,Plastic,,text
2,3857,None,,text
2,3858,Beautiful,,text
2,3859,Dishwasher safe crisping tray,,text
2,3860,8.33 lb,8.33,lb
2,3861,90 °F,90.0,f
2,3862,36 in,36.0,in
2,3863,1,,text
2,3864,"Cool Touch Exterior, Digital Display, Removable Basket, Non-Stick, Heat Resistant Handles",,text
2,3865,400 °F,400.0,f
2,3866,N,,text
2,3867,6 qt,6.0,qt
2,3868,3,3.0,count
2,3863,"Air Fry, Roast, Reheat, Dehydrate",,text
2,3869,1750 W,1750.0,w
2,3870,Black Sesame,,text
2,3871,"Aluminum, Silicone, Electricals, Plastic",,text
2,3872,Air Fryer Basket,,text
2,3873,Hand Wash Recommended,,text
2,3863,4,,text
2,3864,Residential,,text
2,3874,None,,text
2,3875,Beautiful,,text
2,3876,14.80 x 11.57 x 11.14 in,,in
2,3877,8.33 lb,8.33,lb
2,3878,90 °F,90.0,f
2,3879,29029,,text
2,3880,36 in,36.0,in
2,3881,1,,text
2,3882,"Automatic Shut-Off, Cool Touch Exterior, Digital Display, End-of-Cycle Signal, Non-Stick, Heat Resistant Handles, Removable Basket",,text
2,3883,400 °F,400.0,f
2,3884,N,,text
2,3885,Dishwasher safe parts,,text
2,3886,6 qt,6.0,qt
2,3887,3,3.0,count
2,3881,"Air Fry, Roast, Reheat, Dehydrate",,text
2,3888,Hydrangea,,text
2,3889,1750 W,1750.0,w
2,3890,11.14 in,11.14,in
2,3891,Basket and Crisping Tray,,text
2,3881,4,,text
2,3882,Residential,,text
2,3892,Plastic,,text
2,3893,None,,text
2,3894,29457,,text
2,3895,Beautiful,,text
2,3896,8.33 lb,8.33,lb
2,3897,90 °F,90.0,f
2,3898,"Aluminum, Electricals, etc",,text
2,3899,36 in,36.0,in
2,3900,1,,text
2,3901,"Cool Touch Exterior, Digital Display, Removable Basket, Non-Stick, Heat Resistant Handles",,text
2,3902,400 °F,400.0,f
2,3903,N,,text
2,3904,Lavender,,text
2,3905,6 qt,6.0,qt
2,3906,3,3.0,count
2,3900,"Air Fry, Roast, Reheat, Dehydrate",,text
2,3907,No,,text
2,3908,1750 W,1750.0,w
2,3909,11.14 in,11.14,in
2,3910,Air Fryer Basket,,text
2,3911,Hand Wash Recommended,,text
2,3900,4,,text
2,3901,Residential,,text
2,3912,29032,,text
2,3913,Beautiful,,text
2,3914,8.33 lb,8.33,lb
2,3915,90 °F,90.0,f
2,3916,9-Slice,,text
2,3917,9 qt,9.0,qt
2,3918,36 in,36.0,in
2,3919,1800 W,1800.0,w
2,3920,N,,text
2,3921,10,,text
2,3922,"This product contains: Dibutyl phthalate (DBP), Benzyl butyl phthalate (BBP), Di-(2-ethyl hexyl) phthalate (DEHP), Di-iso-nonyl phthalate (DINP), Diisodecyl Phthalate (DIDP), Di-n-hexyl phthalate (DnHP). For more information about chemicals in this product, visit https://beautifulbydrew.com/pages/california-ab1200 Para obtener ms informaci",,text
2,3923,Digital Display,,text
2,3924,8.81 in,8.81,in
2,3925,White Icing,,text
2,3926,"Beautiful by Drew Barrymore, Air Fry Toaster Oven",,text
2,3927,"Toasting, Air Frying",,text
2,3925,White,,text
2,3921,10,,text
2,3928,20 lb,20.0,lb
2,3929,Beautiful,,text
2,3921,"Crumb Tray, Programmed Cooking Modes",,text
2,3930,450 °F,450.0,f
2,3931,Black Sesame,,text
2,3932,9-Slice,,text
2,3933,9 qt,9.0,qt
2,3934,36 in,36.0,in
2,3935,1800 W,1800.0,w
2,3936,N,,text
2,3937,10,,text
2,3938,"This product contains: Dibutyl phthalate (DBP), Benzyl butyl phthalate (BBP), Di-(2-ethyl hexyl) phthalate (DEHP), Di-iso-nonyl phthalate (DINP), Diisodecyl Phthalate (DIDP), Di-n-hexyl phthalate (DnHP). For more information about chemicals in this product, visit https://beautifulbydrew.com/pages/california-ab1200 Para obtener más información sobre los químicos de este producto, visite https://beautifulbydrew.com/pages/california-ab1200",,text
2,3939,Digital Display,,text
2,3931,Black,,text
2,3940,8.81 in,8.81,in
2,3941,"Beautiful by Drew Barrymore, Air Fry Toaster Oven",,text
2,3942,"Toasting, Air Frying",,text
2,3937,10,,text
2,3943,20 lb,20.0,lb
2,3944,Beautiful,,text
2,3937,"Crumb Tray, Programmed Cooking Modes",,text
2,3945,450 °F,450.0,f
2,3946,9-Slice,,text
2,3947,9 qt,9.0,qt
2,3948,36 in,36.0,in
2,3949,Blue,,text
2,3950,1800 W,1800.0,w
2,3951,N,,text
2,3952,10,,text
2,3953,"This product contains: Dibutyl phthalate (DBP), Benzyl butyl phthalate (BBP), Di-(2-ethyl hexyl) phthalate (DEHP), Di-iso-nonyl phthalate (DINP), Diisodecyl Phthalate (DIDP), Di-n-hexyl phthalate (DnHP). For more information about chemicals in this product, visit https://beautifulbydrew.com/pages/california-ab1200 Para obtener ms informaci",,text
2,3954,Digital Display,,text
2,3955,8.81 in,8.81,in
2,3956,"Beautiful by Drew Barrymore, Air Fry Toaster Oven",,text
2,3957,"Toasting, Air Frying",,text
2,3952,10,,text
2,3949,Cornflower Blue,,text
2,3958,20 lb,20.0,lb
2,3959,Beautiful,,text
2,3952,"Crumb Tray, Programmed Cooking Modes",,text
2,3960,450 °F,450.0,f
2,3961,9-Slice,,text
2,3962,9 qt,9.0,qt
2,3963,36 in,36.0,in
2,3964,Purple,,text
2,3965,1800 W,1800.0,w
2,3966,N,,text
2,3967,10,,text
2,3968,"This product contains: Dibutyl phthalate (DBP), Benzyl butyl phthalate (BBP), Di-(2-ethyl hexyl) phthalate (DEHP), Di-iso-nonyl phthalate (DINP), Diisodecyl Phthalate (DIDP), Di-n-hexyl phthalate (DnHP). For more information about chemicals in this product, visit https://beautifulbydrew.com/pages/california-ab1200 Para obtener más información sobre los químicos de este producto, visite https://beautifulbydrew.com/pages/california-ab1200",,text
2,3969,Digital Display,,text
2,3970,"Beautiful by Drew Barrymore, Air Fry Toaster Oven",,text
2,3971,19.40 x 15.90 x 8.81 in,,in
2,3972,"Toasting, Air Frying",,text
2,3967,10,,text
2,3973,20 lb,20.0,lb
2,3964,Lavender,,text
2,3974,Beautiful,,text
2,3967,"Crumb Tray, Programmed Cooking Modes",,text
2,3975,450 °F,450.0,f
2,3976,9-Slice,,text
2,3977,9 qt,9.0,qt
2,3978,36 in,36.0,in
2,3979,1800 W,1800.0,w
2,3980,N,,text
2,3981,10,,text
2,3982,Pink,,text
2,3983,Digital Display,,text
2,3984,"This product contains: Iron, Chromium, Total, Phenol, Zinc. For more information about chemicals in this product, visit https://beautifulbydrew.com/pages/california-ab1200 Para obtener mís informaciín sobre los químicos de este producto, visite https://beautifulbydrew.com/pages/california-ab1200",,text
2,3985,8.81 in,8.81,in
2,3986,"Beautiful by Drew Barrymore, Air Fry Toaster Oven",,text
2,3987,"Toasting, Air Frying",,text
2,3981,10,,text
2,3982,Rose,,text
2,3988,20 lb,20.0,lb
2,3989,Beautiful,,text
2,3981,"Crumb Tray, Programmed Cooking Modes",,text
2,3990,450 °F,450.0,f
2,3991,1700 W,1700.0,w
2,3992,"Beautiful by Drew Barrymore, Air Fryers",,text
2,3993,"Digital Display, Non-Stick",,text
2,3994,9 qt,9.0,qt
2,3995,"This product conatins: Polytetrafluoroethylene (PTFE), Dibutyl phthalate (DBP), Benzyl butyl phthalate (BBP), Di-(2-ethyl hexyl) phthalate (DEHP), Di-iso-nonyl phthalate (DINP), Diisodecyl Phthalate (DIDP), Di-n-hexyl phthalate (DnHP), Acrylonitrile, 1,3-Butadiene, Styrene. For more information about PFAS and other chemicals in this product, visit https://beautifulbydrew.com/pages/california-ab1200",,text
2,3996,Stainless Steel,,text
2,3997,17.92 lb,17.92,lb
2,3998,"Air Fry, Roast, Reheat, Dehydrate, Bake, Broil",,text
2,3999,Beautiful,,text
2,4000,"Non-stick crisping tray, basket, and divider",,text
2,4001,18.70 x 16.33 x 14.37 Inches,,in
2,3998,2,,text
2,4002,450 °F,450.0,f
2,3998,6,,text
2,4003,Diswasher Safe,,text
2,4004,White,,text
2,4005,1700 W,1700.0,w
2,4006,"Beautiful by Drew Barrymore, Air Fryers",,text
2,4007,"Digital Display, Non-Stick",,text
2,4008,9 qt,9.0,qt
2,4009,Air Fry,,text
2,4010,"This product conatins: Polytetrafluoroethylene (PTFE), Dibutyl phthalate (DBP), Benzyl butyl phthalate (BBP), Di-(2-ethyl hexyl) phthalate (DEHP), Di-iso-nonyl phthalate (DINP), Diisodecyl Phthalate (DIDP), Di-n-hexyl phthalate (DnHP), Acrylonitrile, 1,3-Butadiene, Styrene. For more information about PFAS and other chemicals in this product, visit https://beautifulbydrew.com/pages/california-ab1200",,text
2,4011,Stainless Steel,,text
2,4012,Black,,text
2,4013,17.92 lb,17.92,lb
2,4014,Beautiful,,text
2,4015,"Non-stick crisping tray, basket, and divider",,text
2,4016,18.70 x 16.33 x 14.37 Inches,,in
2,4009,2,,text
2,4017,450 °F,450.0,f
2,4009,6,,text
2,4018,Diswasher Safe,,text
2,4019,1700 W,1700.0,w
2,4020,"Air Fry, Bake",,text
2,4021,"Beautiful by Drew Barrymore, Air Fryers",,text
2,4022,9 qt,9.0,qt
2,4023,"This product conatins: Polytetrafluoroethylene (PTFE), Dibutyl phthalate (DBP), Benzyl butyl phthalate (BBP), Di-(2-ethyl hexyl) phthalate (DEHP), Di-iso-nonyl phthalate (DINP), Diisodecyl Phthalate (DIDP), Di-n-hexyl phthalate (DnHP), Acrylonitrile, 1,3-Butadiene, Styrene. For more information about PFAS and other chemicals in this product, visit https://beautifulbydrew.com/pages/california-ab1200",,text
2,4024,Stainless Steel,,text
2,4025,17.92 lb,17.92,lb
2,4026,90 °F,90.0,f
2,4027,Beautiful,,text
2,4028,"Non-stick crisping tray, basket, and divider",,text
2,4029,18.70 x 16.33 x 14.37 Inches,,in
2,4020,2,,text
2,4030,450 °F,450.0,f
2,4031,Blue,,text
2,4020,6,,text
2,4032,Diswasher Safe,,text
2,4033,Non-Stick,,text
4,4034,Dishwasher-safe parts,,text
4,4035,Automatic,,text
4,4036,15 bar,15.0,bar
4,4037,De'Longhi,,text
4,4038,EM450M,,text
4,4039,Classic Espresso Machine,,text
4,4040,Stainless Steel,,text
4,4041,12 in,12.0,in
4,4042,8.89 in,8.89,in
4,4043,11.14 in,11.14,in
4,4044,9 lb,9.0,lb
4,4045,NA,,text
4,4046,removable_water_reservoir,,text
4,4047,57.48 oz,57.48,oz
4,4048,Grounds,,text
4,4046,decalcification_indicator,,text
4,4049,Button,,text
4,4050,true,1.0,boolean
4,4046,removable_drip_tray,,text
4,4051,auto_shutoff,,text
4,4052,120 V,120.0,v
4,4053,1350 W,1350.0,w
4,4054,UL Listed,,text
4,4055,1 year,,text
4,4056,1 year,,text
4,4057,044387454506,,text
1,4036,15 bar,15.0,bar
1,4053,1350 W,1350.0,w
1,4051,Thermoblock Technology,,text
1,4047,57 oz,57.0,oz
1,4058,3.6 Pounds,1632.93,g
1,4038,EM450M,,text
1,4059,11.14 x 8.89 x 12 inches,,in
1,4044,9 lb,9.0,lb
1,4052,120 V,120.0,v
1,4060,"Plastic, Stainless Steel",,text
1,4048,Reusable,,text
1,4035,Semi-Automatic,,text
1,4061,Buttons,,text
1,4062,"Filter, Measuring Scoop/Tamper, single and double filters",,text
1,4057,044387454506,,text
3,4063,1350 Watts,1350.0,w
3,4034,Dishwasher-Safe Parts,,text
3,4064,Freestanding,,text
3,4065,Automatic Shut-Off,,text
3,4066,57.48 oz,57.48,oz
3,4067,"15 Bars of Pressure, Removable Water Reservoir, Automatic Shut-Off, Frothing Wand, Thermo Block Heating System, Removable Drip Tray",,text
3,4059,12 Inches (H) x 8.89 Inches (W) x 11.14 Inches (D),,in
3,4048,Ground Espresso,,text
3,4060,"Stainless Steel, Aluminum",,text
3,4044,9 lb,9.0,lb
3,4068,"1 Year Limited Warranty. To obtain a copy of the manufacturer's or supplier's warranty for this item prior to purchasing the item, please call Target Guest Services at 1-800-591-3869",,text
3,4062,Portafilter,,text
3,4053,Electric,,text
3,4057,044387454506,,text
3,4039,DeLonghi Classic Espresso Machine Silver,,text
3,4037,DeLonghi,,text
3,4069,229.99,229.99,text
4,4070,Dishwasher-safe parts,,text
4,4071,Automatic,,text
4,4072,"Americano, Long black, Cold brew, Cappuccino, Latte, Latte macchiato, Flat white, Hot milk, Hot water",,text
4,4073,true,1.0,boolean
4,4073,true,1.0,boolean
4,4073,15,15.0,text
4,4074,15 bar,15.0,bar
4,4075,De'Longhi,,text
4,4076,EC9455M,,text
4,4077,La Specialista Touch Espresso Machine with Cold Brew & Automatic Frothing,,text
4,4078,Stainless Steel,,text
4,4079,15.87 in,15.87,in
4,4080,11.22 in,11.22,in
4,4081,14.37 in,14.37,in
4,4082,23 lb,23.0,lb
4,4083,Yes,,text
4,4084,0.4 pounds,181.44,g
4,4085,removable_water_reservoir,,text
4,4086,56 oz,56.0,oz
4,4087,true,1.0,boolean
4,4088,Beans,,text
4,4085,decalcification_indicator,,text
4,4089,Touchscreen,,text
4,4090,programmable,,text
4,4091,true,1.0,boolean
4,4085,removable_drip_tray,,text
4,4085,false,,text
4,4090,auto_shutoff,,text
4,4092,120 V,120.0,v
4,4093,1450 W,1450.0,w
4,4094,UL Listed,,text
4,4095,1 Year Parts & Labor Warranty,,text
4,4096,+ 1 Extra Year with Product Registration,,text
4,4097,044387945509,,text
4,4098,Not Applicable,,text
4,4099,Automatic,,text
4,4100,false,0.0,boolean
4,4101,15 bar,15.0,bar
4,4102,De'Longhi,,text
4,4103,EC260BK,,text
4,4104,Stilosa 15 Bar Pump Espresso Machine,,text
4,4105,Black and Stainless,,text
4,4106,11.22 in,11.22,in
4,4107,8.07 in,8.07,in
4,4108,13.5 in,13.5,in
4,4109,9.48 lb,9.48,lb
4,4110,Plastic,,text
4,4111,true,1.0,text
4,4111,NA,,text
4,4112,false,0.0,text
4,4113,removable_water_reservoir,,text
4,4114,33.8 oz,33.8,oz
4,4115,true,1.0,boolean
4,4116,"Grounds, Pods",,text
4,4116,E.S.E. pods,,text
4,4113,false,,text
4,4117,Dial,,text
4,4118,false,,text
4,4119,true,1.0,boolean
4,4113,removable_drip_tray,,text
4,4113,false,,text
4,4118,auto_shutoff,,text
4,4120,120 V,120.0,v
4,4121,1100 W,1100.0,w
4,4122,UL Listed,,text
4,4123,1 year limited,,text
4,4124,1 year limited,,text
4,4125,044387026000,,text
1,4101,15 bar,15.0,bar
1,4121,1100 W,1100.0,w
1,4118,Stainless Steel Boiler,,text
1,4114,1000 Milliliters,1000.0,oz
1,4126,Stilosa,,text
1,4103,EC260BK,,text
1,4127,8.07 x 13.5 x 11.22 inches,,in
1,4109,9.5 lb,9.5,lb
1,4120,110 V,110.0,v
1,4128,AC adapter,,text
1,4116,Reusable,,text
1,4129,"Portafilter, Measuring Scoop/Tamper, single & double pod filter",,text
1,4110,"Plastic, Stainless Steel",,text
1,4130,Manual Milk Frother,,text
1,4131,Buttons,,text
1,4116,ground_coffee,,text
1,4132,1.0 Count,1.0,count
1,4133,1 year manufacturer,,text
1,4125,044387026000,,text
3,4109,9.48 lb,9.48,lb
3,4116,"Ground Espresso, ESE Pods",,text
3,4134,1100 watts,1100.0,w
3,4098,Dishwasher-Safe Parts,,text
3,4135,Freestanding,,text
3,4136,Automatic Shut-Off,,text
3,4137,33.8 oz,33.8,oz
3,4130,"15 Bars of Pressure, Removable Water Reservoir, Automatic Shut-Off, Frothing Wand, Hot Water Dispenser, Removable Drip Tray, Water Level Window",,text
3,4127,11.22 Inches (H) x 8.07 Inches (W) x 13.5 Inches (D),,in
3,4133,"1 Year Limited Warranty. To obtain a copy of the manufacturer's or supplier's warranty for this item prior to purchasing the item, please call Target Guest Services at 1-800-591-3869",,text
3,4121,Electric,,text
3,4110,"Stainless Steel, Plastic",,text
3,4125,044387026000,,text
3,4104,"Stilosa Espresso Machine by Delonghi - EC260BK: 15-Bar Pressure, Frothing Wand, Removable Water Reservoir, Dishwasher-Safe Parts",,text
3,4102,DeLonghi,,text
3,4138,149.99,149.99,text
4,4139,Dishwasher-safe parts,,text
4,4140,Automatic,,text
4,4141,"Espresso, Latte macchiato, Cappuccino, Latte, Hot water",,text
4,4142,true,1.0,boolean
4,4142,true,1.0,boolean
4,4142,13,13.0,text
4,4143,15 bar,15.0,bar
4,4144,De'Longhi,,text
4,4145,ECAM29084SB,,text
4,4146,"Magnifica Evo Espresso Machine with Automatic Milk Frother for Hot and Iced Lattes, Coffee and More",,text
4,4147,Silver,,text
4,4148,14.17 in,14.17,in
4,4149,9.45 in,9.45,in
4,4150,17.32 in,17.32,in
4,4151,21.16 lb,21.16,lb
4,4152,Plastic,,text
4,4153,true,1.0,text
4,4153,Not Applicable,,text
4,4154,false,0.0,text
4,4155,0.55 pounds,249.48,g
4,4156,removable_water_reservoir,,text
4,4157,60 oz,60.0,oz
4,4158,false,0.0,boolean
4,4159,Beans,,text
4,4160,Button,,text
4,4161,programmable,,text
4,4162,true,1.0,boolean
4,4156,removable_drip_tray,,text
4,4156,false,0.0,text
4,4161,auto_shutoff,,text
4,4163,120 V,120.0,v
4,4164,1250 W,1250.0,w
4,4165,UL Listed,,text
4,4166,2 years,2.0,text
4,4167,2 years,2.0,text
4,4168,044387290845,,text
1,4143,15 bar,15.0,bar
1,4164,1250 W,1250.0,w
1,4161,Thermoblock,,text
1,4157,60 oz,60.0,oz
1,4155,8.8 ounces,8.8,oz
1,4145,ECAM29084SB,,text
1,4169,17.32 x 9.45 x 14.17 inches,,in
1,4151,21.16 lb,21.16,lb
1,4163,120 V,120.0,v
1,4152,Plastic,,text
1,4170,7.4 fl oz,7.4,fl_oz
1,4159,whole_beans,,text
1,4159,Reusable,,text
1,4171,Programmable,,text
1,4172,7,,text
1,4173,Color Touch Icons,,text
1,4162,Yes,,text
1,4156,Yes,,text
1,4174,"Carbon Active Filter, Measuring Scoop, Total Hardness Test, Cleaning Brush, Removable Water Spout, Milk Carafe",,text
1,4168,044387290845,,text
3,4139,Dishwasher-Safe Parts,,text
3,4175,Freestanding,,text
3,4176,Automatic Shut-Off,,text
3,4174,"Removable Water Reservoir, Instruction Manual, Coffee Scoop",,text
3,4177,"2 Year Limited Warranty. To obtain a copy of the manufacturer's or supplier's warranty for this item prior to purchasing the item, please call Target Guest Services at 1-800-591-3869",,text
3,4171,"Digital Timer, 15 Bars of Pressure, Adjustable Cup Shelf, Milk Frother Steamer Wand, Charcoal Water Filter, Custom Brew Strength, Automatic Shut-Off, Milk Frother, Grind and Brew, Hot Water Dispenser",,text
3,4169,14.17 Inches (H) x 9.45 Inches (W) x 17.32 Inches (D),,in
3,4159,No Filter Needed,,text
3,4178,1250 Watts,1250.0,w
3,4152,"Stainless Steel, Plastic, Aluminum",,text
3,4159,"Ground Espresso, Whole Beans",,text
3,4151,21.16 lb,21.16,lb
3,4179,60 oz,60.0,oz
3,4157,1,1.0,oz
3,4168,044387290845,,text
3,4146,"De&#39;Longhi Magnifica Evo with LatteCrema System - ECAM29084SB: 15 Bars, Milk Frother, Grind &#38; Brew, Silver, 60oz Capacity",,text
3,4144,DeLonghi,,text
3,4180,899.99,899.99,text
4,4181,Dishwasher-safe parts,,text
4,4182,Automatic,,text
4,4183,"Espresso, Americano",,text
4,4184,true,1.0,boolean
4,4184,true,1.0,boolean
4,4184,13,13.0,text
4,4185,15 bar,15.0,bar
4,4186,De'Longhi,,text
4,4187,ECAM22022B,,text
4,4188,"Magnifica Start Automatic Coffee & Espresso Machine with Milk Frother for Hot & Iced Lattes, Coffee, & More ECAM22022B",,text
4,4189,Black,,text
4,4190,14 in,14.0,in
4,4191,9.25 in,9.25,in
4,4192,17 in,17.0,in
4,4193,19.62 lb,19.62,lb
4,4194,true,1.0,text
4,4194,NA,,text
4,4195,false,0.0,text
4,4196,0.55 pounds,249.48,g
4,4197,removable_water_reservoir,,text
4,4198,60 oz,60.0,oz
4,4199,true,1.0,boolean
4,4200,Beans,,text
4,4197,decalcification_indicator,,text
4,4201,Button,,text
4,4202,programmable,,text
4,4203,true,1.0,boolean
4,4197,removable_drip_tray,,text
4,4202,auto_shutoff,,text
4,4204,120 V,120.0,v
4,4205,1250 W,1250.0,w
4,4206,UL Listed,,text
4,4207,2 years,2.0,text
4,4208,2 years,2.0,text
4,4209,044387710220,,text
4,4210,Dishwasher-safe parts,,text
4,4211,Automatic,,text
4,4212,false,0.0,boolean
4,4213,15 bar,15.0,bar
4,4214,De'Longhi,,text
4,4215,COM530M,,text
4,4216,Digital All-in-One Combination Coffee and Espresso Machine,,text
4,4217,Black and Stainless Steel,,text
4,4218,12.79 in,12.79,in
4,4219,11.02 in,11.02,in
4,4220,14.52 in,14.52,in
4,4221,13.7 lb,13.7,lb
4,4222,true,1.0,text
4,4222,NA,,text
4,4223,false,0.0,text
4,4224,removable_water_reservoir,,text
4,4225,32 oz,32.0,oz
4,4226,true,1.0,boolean
4,4227,Grounds,,text
4,4224,decalcification_indicator,,text
4,4228,Button,,text
4,4229,programmable,,text
4,4230,true,1.0,boolean
4,4224,removable_drip_tray,,text
4,4224,warming_plate,,text
4,4229,auto_shutoff,,text
4,4231,115 V,115.0,v
4,4232,1500 W,1500.0,w
4,4233,UL Listed,,text
4,4234,1 year limited,,text
4,4235,1 year limited,,text
4,4236,044387153003,,text
1,4185,15 bar,15.0,bar
1,4205,1250 W,1250.0,w
1,4202,Conical Burr Grinder,,text
1,4198,60 oz,60.0,oz
1,4187,ECAM22022B,,text
1,4237,"17""D x 9.25""W x 14""H",,in
1,4193,19.6 lb,19.6,lb
1,4204,120 V,120.0,v
1,4238,Plastic,,text
1,4189,Black (painted),,text
1,4182,Fully Automatic,,text
1,4200,"Ground, Whole Bean",,text
1,4200,Reusable,,text
1,4239,Touchscreen,,text
1,4240,"Adjustable Brew Strength, Adjustable Coffee Temperature, Auto Shut-Off",,text
1,4209,044387710220,,text
3,4241,Coffee Scoop,,text
3,4242,Freestanding,,text
3,4243,Automatic Shut-Off,,text
3,4181,"Dishwasher-Safe Parts, Spot or Wipe Clean",,text
3,4244,"2 Year Limited Warranty. To obtain a copy of the manufacturer's or supplier's warranty for this item prior to purchasing the item, please call Target Guest Services at 1-800-591-3869",,text
3,4245,1250 Watts,1250.0,w
3,4238,"Stainless Steel, Plastic, Aluminum",,text
3,4240,"15 Bars of Pressure, Custom Brew Strength, Charcoal Water Filter, Automatic Shut-Off, Brews Iced Coffee",,text
3,4237,14 Inches (H) x 9.25 Inches (W) x 17 Inches (D),,in
3,4193,19.62 lb,19.62,lb
3,4200,"Whole Beans, Ground Coffee",,text
3,4205,Electric,,text
3,4246,60 oz,60.0,oz
3,4209,044387710220,,text
3,4188,"DeLonghi Magnifica Start Automatic Coffee and Espresso Machine with Milk Frother for Hot and Iced Lattes, Coffee and More ECAM22022B",,text
3,4186,DeLonghi,,text
3,4247,599.99,,text
3,4248,32 oz,32.0,oz
3,4249,Freestanding,,text
3,4250,Automatic Shut-Off,,text
3,4251,"Plastic, Glass, Aluminum",,text
3,4227,Cone,,text
3,4252,"Digital Timer, 15 Bars of Pressure, Charcoal Water Filter, Removable Water Reservoir, Automatic Shut-Off, Brew Pause, Frothing Wand, Cord Storage, Water Level Window, Glass Carafe",,text
3,4227,"Ground Espresso, ESE Pods, Ground Coffee",,text
3,4253,12.79 Inches (H) x 11.02 Inches (W) x 14.52 Inches (D),,in
3,4210,"Dishwasher-Safe Parts, Spot or Wipe Clean",,text
3,4254,1500 Watts,1500.0,w
3,4255,New,,text
3,4225,10,10.0,oz
3,4221,13.54 lb,13.54,lb
3,4256,"1 Year Limited Warranty. To obtain a copy of the manufacturer's or supplier's warranty for this item prior to purchasing the item, please call Target Guest Services at 1-800-591-3869",,text
3,4257,"Removable Water Reservoir, Coffee Scoop, reusable filter, Glass Carafe",,text
3,4236,044387153003,,text
3,4216,"De&#39;Longhi All-In-One Combination Coffee and Espresso Machine COM530M: 10-Cup, 15 Bars, Digital Timer, Black",,text
3,4214,DeLonghi,,text
3,4258,379.99,379.99,text
1,4213,15 bar,15.0,bar
1,4232,1500 W,1500.0,w
1,4229,Dual Heating System,,text
1,4225,47 oz,47.0,oz
1,4259,2.9 Pounds,1315.42,g
1,4253,"14.52""D x 11.02""W x 12.79""H",,in
1,4221,13.7 lb,13.7,lb
1,4231,115 V,115.0,v
1,4227,"ground, pod",,text
1,4260,AC adapter,,text
1,4227,Reusable,,text
1,4261,"Buttons, Touchscreen",,text
1,4215,COM530M,,text
1,4236,044387153003,,text
1,4257,"Carafe, Filter, Single espresso filter, Double espresso Filter, POD espresso filter, measuring scoop",,text
1,4217,Metallic,,text
1,4251,"Aluminum, Glass, Plastic",,text
4,4262,Dishwasher-safe parts,,text
4,4263,Automatic,,text
4,4264,"Espresso, Double espresso, Americano, Hot water, Cappuccino",,text
4,4265,true,1.0,boolean
4,4265,true,1.0,boolean
4,4265,13,13.0,text
4,4266,15 bar,15.0,bar
4,4267,De'Longhi,,text
4,4268,EXAM44055B,,text
4,4269,"Rivelia Fully Automatic Espresso Machine, Integrated Grinder, 2 Removable Bean Hoppers, Automatic Milk Frother",,text
4,4270,Onyx Black,,text
4,4271,14.75 in,14.75,in
4,4272,9.75 in,9.75,in
4,4273,17 in,17.0,in
4,4274,21.38 lb,21.38,lb
4,4275,Intentionally added PFAS,,text
4,4276,45 seconds,45.0,text
4,4277,0.55 pounds,249.48,lb
4,4278,removable_water_reservoir,,text
4,4279,47 oz,47.0,oz
4,4280,false,0.0,boolean
4,4281,"Beans, Grounds",,text
4,4278,decalcification_indicator,,text
4,4282,Touchscreen,,text
4,4276,programmable,,text
4,4283,true,1.0,boolean
4,4278,removable_drip_tray,,text
4,4278,false,0.0,text
4,4276,auto_shutoff,,text
4,4284,120 V,120.0,v
4,4285,1450 W,1450.0,w
4,4286,UL Listed,,text
4,4287,2 Years + 1 extra year with Product Registration,,text
4,4288,2 Years + 1 extra year with Product Registration,,text
4,4289,044387440554,,text
4,4290,Dishwasher-safe parts,,text
4,4291,Automatic,,text
4,4292,"Espresso, Double espresso, Latte macchiato, Cappuccino, Cold brew, Flat white, Americano, Cortado, Hot milk, Latte, Drip coffee",,text
4,4293,true,1.0,boolean
4,4293,true,1.0,boolean
4,4293,13,13.0,settings
4,4294,19 bar,19.0,bar
4,4295,De'Longhi,,text
4,4296,ECAM45086S,,text
4,4297,Eletta Explore Fully Automatic Espresso Machine with Cold Brew,,text
4,4298,Silver,,text
4,4299,15.13 in,15.13,in
4,4300,10.25 in,10.25,in
4,4301,17.5 in,17.5,in
4,4302,24.69 lb,24.69,lb
4,4303,NA,,text
4,4304,10.6 pounds,4808.08,g
4,4305,removable_water_reservoir,,text
4,4306,60 oz,60.0,oz
4,4307,true,1.0,boolean
4,4308,"Beans, Grounds",,text
4,4309,Touchscreen,,text
4,4310,programmable,,text
4,4311,true,1.0,boolean
4,4305,removable_drip_tray,,text
4,4310,auto_shutoff,,text
4,4312,120 V,120.0,v
4,4313,1250 W,1250.0,w
4,4314,UL Listed,,text
4,4315,2 + 1 Extra Year with Product Registration,,text
4,4316,2 + 1 Extra Year with Product Registration,,text
4,4317,044387450867,,text
1,4294,15 bar,15.0,bar
1,4313,1250 W,1250.0,w
1,4310,LatteCrema Hot and Cool Systems,,text
1,4306,60 oz,60.0,oz
1,4304,3.8 pounds,1723.65,g
1,4296,ECAM45086S,,text
1,4318,17.5 x 10.25 x 15.13 inches,,in
1,4302,24.69 lb,24.69,lb
1,4312,120 V,120.0,v
1,4319,"Plastic, Stainless Steel",,text
1,4309,Touchscreen,,text
1,4320,"Carbon Active Filter, Measuring Scoop, Total Hardness Test, Cleaning Brush, Removable Water Spout, Milk jug (hot), Milk jug (cool), travel mug",,text
1,4314,UL Listed,,text
1,4317,044387450867,,text
3,4318,15.13 Inches (H) x 10.25 Inches (W) x 17.5 Inches (D),,in
3,4290,Dishwasher-Safe Parts,,text
3,4321,Freestanding,,text
3,4322,Automatic Shut-Off,,text
3,4319,Stainless Steel,,text
3,4323,"2 Year Limited Warranty. To obtain a copy of the manufacturer's or supplier's warranty for this item prior to purchasing the item, please call Target Guest Services at 1-800-591-3869",,text
3,4324,1250 Watts,1250.0,w
3,4325,"Warming Plate, Adjustable Cup Shelf, Automatic Shut-Off, Hot Water Dispenser, Controlled by Smartphone App, programmable, 19 Bars of Pressure",,text
3,4320,"Coffee Grinder, Coffee Travel Mug, Cleaning Brush, Coffee Scoop",,text
3,4302,24.69 lb,24.69,lb
3,4308,"Ground Espresso, Whole Beans",,text
3,4313,Electric,,text
3,4326,60 oz,60.0,oz
3,4317,044387450867,,text
3,4297,DeLonghi Eletta Explore Fully Automatic Espresso Machine with Cold Brew,,text
3,4295,DeLonghi,,text
3,4327,1999.99,1999.99,text
4,4328,Dishwasher-safe parts,,text
4,4329,Automatic,,text
4,4330,"Espresso, Americano, Cold brew, Hot water",,text
4,4331,true,1.0,boolean
4,4331,true,1.0,boolean
4,4331,15,15.0,settings
4,4332,19 bar,19.0,bar
4,4333,De'Longhi,,text
4,4334,EC9555M,,text
4,4335,La Specialista Opera Espresso Machine,,text
4,4336,Silver,,text
4,4337,17.5 in,17.5,in
4,4338,15 in,15.0,in
4,4339,14 in,14.0,in
4,4340,28.11 lb,28.11,lb
4,4341,Stainless Steel,,text
4,4342,true,1.0,text
4,4342,NA,,text
4,4343,false,0.0,text
4,4344,8.8 pounds,3991.61,g
4,4345,removable_water_reservoir,,text
4,4346,67.6 oz,67.6,oz
4,4347,true,1.0,boolean
4,4348,"Beans, Grounds",,text
4,4345,decalcification_indicator,,text
4,4349,"Dial, Button",,text
4,4350,programmable,,text
4,4351,true,1.0,boolean
4,4345,removable_drip_tray,,text
4,4345,false,,text
4,4350,auto_shutoff,,text
4,4352,120 V,120.0,v
4,4353,1600 W,1600.0,w
4,4354,UL Listed,,text
4,4355,2 years,2.0,text
4,4356,2 years,2.0,text
4,4357,044387955508,,text
1,4332,19 bar,19.0,bar
1,4353,1600 W,1600.0,w
1,4350,Active Temperature Control,,text
1,4346,67.6 oz,67.6,oz
1,4358,"14""D x 15""W x 17.5""H",,in
1,4340,28.11 lb,28.11,lb
1,4352,120 V,120.0,v
1,4341,Stainless Steel,,text
1,4334,EC9555M,,text
1,4357,044387955508,,text
1,4359,"Cold Extraction Technology, Commercial Style Steam Wand, Integrated Coffee Grinder, Italian Pump, Smart Tamping Technology",,text
3,4360,"Removable Water Reservoir, Dual Wall Filter Basket, Single Wall Filter Basket",,text
3,4361,67.6 oz,67.6,oz
3,4353,Electric,,text
3,4328,Spot or Wipe Clean,,text
3,4358,17.5 Inches (H) x 15 Inches (W) x 14 Inches (D),,in
3,4359,"Milk Frother Steamer Wand, Removable Water Reservoir, Automatic Shut-Off, Grind and Brew, Removable Drip Tray, programmable, 19 Bars of Pressure",,text
3,4362,Automatic Shut-Off,,text
3,4348,Whole Beans,,text
3,4341,Stainless Steel,,text
3,4363,Freestanding,,text
3,4340,28.11 lb,28.11,lb
3,4364,"2 Year Limited Warranty. To obtain a copy of the manufacturer's or supplier's warranty for this item prior to purchasing the item, please call Target Guest Services at 1-800-591-3869",,text
3,4365,1600 Watts,1600.0,w
3,4357,044387955508,,text
3,4335,DeLonghi La Specialista Opera Espresso Machine with Cold Brew,,text
3,4333,DeLonghi,,text
3,4366,899.99,,text
4,4367,Dishwasher-safe parts,,text
4,4368,Semi-automatic,,text
4,4369,true,1.0,boolean
4,4369,true,1.0,boolean
4,4369,30,30.0,settings
4,4370,9 bar,9.0,bar
4,4371,Breville,,text
4,4372,BES881BSS1BNA1,,text
4,4373,Barista Touch Impress Espresso Machine,,text
4,4374,Brushed Stainless Steel,,text
4,4375,16.5 in,16.5,in
4,4376,13 in,13.0,in
4,4377,13 in,13.0,in
4,4378,23 lb,23.0,lb
4,4379,Stainless steel,,text
4,4380,true,1.0,text
4,4380,No PFAS,,text
4,4381,5 seconds,5.0,text
4,4382,false,0.0,text
4,4383,0.75 pounds,340.19,g
4,4384,removable_water_reservoir,,text
4,4385,67 oz,67.0,oz
4,4386,"Button, Touchpad",,text
4,4381,programmable,,text
4,4387,true,1.0,boolean
4,4384,removable_drip_tray,,text
4,4384,false,,text
4,4381,auto_shutoff,,text
4,4388,120 V,120.0,v
4,4389,1680 W,1680.0,w
4,4390,UL Listed,,text
4,4391,2 Year Limited Product Warranty,,text
4,4392,2 Year Limited Product Warranty,,text
4,4393,021614807946,,text
4,4394,Dishwasher-safe parts,,text
4,4395,Semi-automatic,,text
4,4396,true,1.0,boolean
4,4396,true,1.0,boolean
4,4396,25,25.0,text
4,4397,9 bar,9.0,bar
4,4398,Breville,,text
4,4399,BES876BSS1BNA1,,text
4,4400,the Barista Express Impress Espresso Machine,,text
4,4401,Brushed Stainless Steel,,text
4,4402,16 in,16.0,in
4,4403,14.25 in,14.25,in
4,4404,12.5 in,12.5,in
4,4405,24.2 lb,24.2,lb
4,4406,Stainless steel,,text
4,4407,true,1.0,text
4,4407,No PFAS,,text
4,4408,3 seconds,3.0,text
4,4409,false,0.0,text
4,4410,0.55 pounds,249.48,g
4,4411,removable_water_reservoir,,text
4,4412,67.6 oz,67.6,oz
4,4413,Button,,text
4,4408,programmable,,text
4,4414,true,1.0,boolean
4,4411,removable_drip_tray,,text
4,4411,false,0.0,text
4,4408,auto_shutoff,,text
4,4415,120 V,120.0,v
4,4416,1750 W,1750.0,w
4,4417,UL Listed,,text
4,4418,2 Year Limited Product Warranty,,text
4,4419,2 Year Limited Product Warranty,,text
4,4420,021614807564,,text
1,4370,9 bar,9.0,bar
1,4389,1750 W,1750.0,w
1,4381,ThermoJet,,text
1,4385,67.6 oz,67.6,oz
1,4383,30 grind settings,,text
1,4421,13.62 x 14.09 x 16.42 inches,,in
1,4378,24.18 lb,24.18,lb
1,4388,120 V,120.0,v
1,4379,Stainless Steel,,text
1,4374,Brushed Stainless Steel,,text
1,4372,BES881BSS1BNA1,,text
1,4393,021614807946,,text
1,4422,"54mm stainless steel portafilter, 480ml stainless steel milk jug, 1 & 2 cup single and dual wall filter baskets, Water filter holder with filter, Water hardness strip, the Razor™ precision trimming tool, Cleaning tablets, Steam wand cleaning tool, Cleaning disc, Cleaning brush, Descale powder",,text
3,4367,Hand Wash,,text
3,4423,67.6 oz,67.6,oz
3,4424,1750 Watts,1750.0,w
3,4422,Coffee Grinder,,text
3,4421,16.4 Inches (H) x 12.9 Inches (W) x 13 Inches (D),,in
3,4425,Whole Beans,,text
3,4385,2,2.0,oz
3,4379,Stainless Steel,,text
3,4378,22.7 lb,22.7,lb
3,4425,Basket Filter,,text
3,4426,Freestanding,,text
3,4427,"2 Year Limited Warranty. To obtain a copy of the manufacturer's or supplier's warranty for this item prior to purchasing the item, please call Target Guest Services at 1-800-591-3869",,text
3,4393,021614807946,,text
3,4373,Breville Barista Touch Impress Espresso Machine,,text
3,4371,Breville,,text
3,4428,1199.99,1199.99,text
3,4429,67.6 oz,67.6,oz
3,4416,Electric,,text
3,4430,1750 Watts,1750.0,w
3,4431,Whole Beans,,text
3,4412,2,2.0,oz
3,4406,Stainless Steel,,text
3,4432,"Automatic Standby Mode, Automatic Shut-Off, Safety Pressure Valve, Nonslip Base",,text
3,4433,"Removable Water Reservoir, Water Level Window, Hot Water Dispenser, Push Button Controls, Automatic Shut-Off, 15 Bars of Pressure, Milk Frother Steamer Wand, programmable, Custom Brew Strength, Removable Drip Tray, Removable Permanent Filter Basket, water filtration",,text
3,4434,Freestanding,,text
3,4435,16.1 Inches (H) x 12.9 Inches (W) x 14.9 Inches (D),,in
3,4394,"Dishwasher-Safe Parts, Spot or Wipe Clean",,text
3,4436,"2 Year Limited Warranty. To obtain a copy of the manufacturer's or supplier's warranty for this item prior to purchasing the item, please call Target Guest Services at 1-800-591-3869",,text
3,4405,24.2 lb,24.2,lb
3,4437,"Dose Funnel, Coffee Grinder, Dual Wall Filter Basket, Cleaning Brush, Descaling Solution, Removable Water Reservoir, Portafilter, Coffee Tamper, Removable Filter Basket, Drip Tray, Double-Shot Filter Basket, Water Filter, Single Wall Filter Basket",,text
3,4420,021614807564,,text
3,4400,"Breville Barista Express Impress Stainless Steel Espresso Maker BES876BSS1BNA1: 15 Bars Pressure, Milk Frother, Grinder",,text
3,4398,Breville,,text
3,4438,649.99,649.99,text
4,4439,Hand wash,,text
4,4440,Semi-automatic,,text
4,4441,true,1.0,boolean
4,4441,true,1.0,boolean
4,4441,30,30.0,text
4,4442,9 bar,9.0,bar
4,4443,Breville,,text
4,4444,BES880BSSBUS1,,text
4,4445,"the Barista Touch Espresso Machine with 9 bars of pressure, Milk Frother and integrated grinder",,text
4,4446,Stainless Steel,,text
4,4447,16 in,16.0,in
4,4448,12.5 in,12.5,in
4,4449,12.7 in,12.7,in
4,4450,20 lb,20.0,lb
4,4451,Stainless steel,,text
4,4452,true,1.0,text
4,4452,No PFAS,,text
4,4453,3 seconds,3.0,text
4,4454,false,0.0,text
4,4455,0.5 pounds,226.8,g
4,4456,removable_water_reservoir,,text
4,4457,67 oz,67.0,oz
4,4458,true,1.0,boolean
4,4456,decalcification_indicator,,text
4,4459,Touchpad,,text
4,4453,programmable,,text
4,4460,true,1.0,boolean
4,4456,removable_drip_tray,,text
4,4456,false,0.0,text
4,4453,auto_shutoff,,text
4,4461,120 V,120.0,v
4,4462,1680 W,1680.0,w
4,4463,UL Listed,,text
4,4464,2 Year Limited Product Warranty,,text
4,4465,2 Year Limited Product Warranty,,text
4,4466,021614032829,,text
1,4442,9 bar,9.0,bar
1,4462,1680 W,1680.0,w
1,4453,ThermoJet,,text
1,4457,67 oz,67.0,oz
1,4455,1/2 lb,0.5,g
1,4444,BES880BSS,,text
1,4467,"12.7""D x 15.5""W x 16""H",,in
1,4450,21.8 lb,21.8,lb
1,4461,120 V,120.0,v
1,4451,Stainless Steel,,text
1,4468,"16 oz Stainless Steel Jug, Filter, Razor™ Precision Dose Trimming Tool",,text
1,4469,2 year repair warranty,,text
1,4466,021614032829,,text
3,4462,Electric,,text
3,4468,"Dose Funnel, Frother Pot, Coffee Grinder, Dual Wall Filter Basket, Cleaning Brush, Descaling Solution, Removable Water Reservoir, Portafilter, Coffee Tamper, Removable Filter Basket, Drip Tray, Double-Shot Filter Basket, Water Filter, Single Wall Filter Basket",,text
3,4470,"Automatic Standby Mode, Automatic Shut-Off, Safety Pressure Valve, Cool Touch Exterior, Nonslip Base",,text
3,4471,Whole Beans,,text
3,4457,2,2.0,oz
3,4451,Stainless Steel,,text
3,4472,67 oz,67.0,oz
3,4469,"2 Year Limited Warranty. To obtain a copy of the manufacturer's or supplier's warranty for this item prior to purchasing the item, please call Target Guest Services at 1-800-591-3869",,text
3,4473,Freestanding,,text
3,4450,20 lb,20.0,lb
3,4467,16 Inches (H) x 12.5 Inches (W) x 12.7 Inches (D),,in
3,4439,"Dishwasher-Safe Parts, Spot or Wipe Clean",,text
3,4474,"Removable Water Reservoir, Water Level Window, Hot Water Dispenser, Automatic Shut-Off, 15 Bars of Pressure, Milk Frother Steamer Wand, Digital Display, programmable, Custom Brew Strength, Cup Size Selector, Temperature Control, Removable Drip Tray, Removable Permanent Filter Basket, Rapid Steam Boiler System",,text
3,4475,1680 Watts,1680.0,w
3,4466,021614032829,,text
3,4445,"Breville Barista Touch Stainless Steel Espresso Maker BES880BSS1BUS1: 15 Bars Pressure, Milk Frother, Grinder, 67oz Capacity",,text
3,4443,Breville,,text
3,4476,799.99,799.99,text
4,4477,Hand wash,,text
4,4478,Manual,,text
4,4479,false,0.0,boolean
4,4480,9 bar,9.0,bar
4,4481,Breville,,text
4,4482,BES500BSS1BUS1,,text
4,4483,the Bambino Plus Espresso Machine with 15 bars of pressure and Milk Frother,,text
4,4484,Stainless Steel,,text
4,4485,12 in,12.0,in
4,4486,7.7 in,7.7,in
4,4487,14.7 in,14.7,in
4,4488,11 lb,11.0,lb
4,4489,Stainless steel,,text
4,4490,true,,text
4,4490,No PFAS,,text
4,4491,5 seconds,5.0,text
4,4492,false,,text
4,4493,removable_water_reservoir,,text
4,4494,64 oz,64.0,oz
4,4495,true,1.0,boolean
4,4496,Beans,,text
4,4493,decalcification_indicator,,text
4,4497,"Button, Button",,text
4,4491,programmable,,text
4,4498,true,1.0,boolean
4,4493,removable_drip_tray,,text
4,4493,false,,text
4,4491,auto_shutoff,,text
4,4499,120 V,120.0,v
4,4500,1560 W,1560.0,w
4,4501,UL Listed,,text
4,4502,2 Year Limited Product Warranty,,text
4,4503,2 Year Limited Product Warranty,,text
4,4504,021614800145,,text
1,4480,9 bar,9.0,bar
1,4500,1560 W,1560.0,w
1,4491,ThermoJet,,text
1,4494,64 oz,64.0,oz
1,4505,4 Pounds,1814.37,g
1,4482,BES500BSS1BUS1,,text
1,4506,7.6 x 12.5 x 12.2 inches,,in
1,4488,11 lb,11.0,lb
1,4499,120 V,120.0,v
1,4489,Stainless Steel,,text
1,4507,2 year limited warranty,,text
1,4504,021614800145,,text
1,4496,Reusable,,text
1,4478,Semi-Automatic,,text
1,4508,Milk Frother,,text
3,4488,10.91 lb,10.91,lb
3,4506,12.2 Inches (H) x 7.6 Inches (W) x 12.5 Inches (D),,in
3,4496,"Ground Coffee, Ground Espresso",,text
3,4509,1560 Watts,1560.0,w
3,4500,Electric,,text
3,4508,"15 Bars of Pressure, Milk Frother, Milk Frother Steamer Wand, LED Indicator Light",,text
3,4510,64 oz,64.0,oz
3,4489,Stainless Steel,,text
3,4511,Freestanding,,text
3,4512,"Drip Tray, Single Pod Filter Basket, reusable filter, Cleaning Brush, Coffee Tamper, Double-Shot Filter Basket, Service Disc",,text
3,4477,"Dishwasher-Safe Parts, Spot or Wipe Clean",,text
3,4507,"2 Year Limited Warranty. To obtain a copy of the manufacturer's or supplier's warranty for this item prior to purchasing the item, please call Target Guest Services at 1-800-591-3869",,text
3,4504,021614800145,,text
3,4483,Breville Bambino Plus Stainless Steel Espresso Maker Silver BES500BSS,,text
3,4481,Breville,,text
3,4513,399.99,399.99,text
4,4514,Dishwasher-safe parts,,text
4,4515,Automatic,,text
4,4516,false,0.0,boolean
4,4517,19 bar,19.0,bar
4,4518,Nespresso,,text
4,4519,ENV92BAE,,text
4,4520,Vertuo Pop+ Coffee and Espresso Maker by De'Longhi with Milk Frother,,text
4,4521,Liquorice Black,,text
4,4522,10.4 in,10.4,in
4,4523,8.6 in,8.6,in
4,4524,14 in,14.0,in
4,4525,8.1 lb,8.1,lb
4,4526,true,1.0,text
4,4526,NA,,text
4,4527,true,1.0,text
4,4528,removable_water_reservoir,,text
4,4529,25.4 oz,25.4,oz
4,4530,false,0.0,boolean
4,4531,Capsules,,text
4,4532,Button,,text
4,4533,false,,text
4,4534,false,0.0,boolean
4,4528,removable_drip_tray,,text
4,4528,false,,text
4,4533,auto_shutoff,,text
4,4535,120 V,120.0,v
4,4536,1500 W,1500.0,w
4,4537,UL Listed,,text
4,4538,1 year,,text
4,4539,1 year,,text
4,4540,044387009218,,text
1,4536,1500 W,1500.0,w
1,4533,Centrifusion technology,,text
1,4529,25.4 oz,25.4,oz
1,4541,Vertuo Pop+,,text
1,4519,ENV92BAE,,text
1,4518,Nespresso,,text
1,4540,044387009218,,text
1,4542,"14""D x 8.6""W x 10.4""H",,in
1,4525,7.9 lb,7.9,lb
1,4535,120 V,120.0,v
1,4531,Capsule,,text
1,4515,Fully Automatic,,text
1,4543,"App-Controlled, Auto Shut-Off, Milk Frother, One-Touch Precision Brewing, Removable Tank",,text
4,4544,Dishwasher-safe parts,,text
4,4545,Automatic,,text
4,4546,9 bar,9.0,bar
4,4547,Nespresso,,text
4,4548,BVE850BSS1BNA1,,text
4,4549,Vertuo Creatista by Breville,,text
4,4550,Stainless Steel,,text
4,4551,12.7 in,12.7,in
4,4552,16.4 in,16.4,in
4,4553,9 in,9.0,in
4,4554,15.5 lb,15.5,lb
4,4555,Stainless steel,,text
4,4556,true,1.0,text
4,4556,No PFAS,,text
4,4557,removable_water_reservoir,,text
4,4558,67 oz,67.0,oz
4,4559,Button,,text
4,4560,true,1.0,boolean
4,4557,removable_drip_tray,,text
4,4561,120 V,120.0,v
4,4562,1500 W,1500.0,w
4,4563,UL Listed,,text
4,4564,2 years,2.0,text
4,4565,2 year,2.0,text
4,4566,021614807625,,text
4,4567,Hand wash,,text
4,4568,Automatic,,text
4,4569,19 bar,19.0,bar
4,4570,Nespresso,,text
4,4571,ENV120BCA,,text
4,4572,Vertuo Next Coffee and Espresso Machine by De'Longhi ENV120BCA,,text
4,4573,Black,,text
4,4574,12 in,12.0,in
4,4575,5.5 in,5.5,in
4,4576,14.2 in,14.2,in
4,4577,9.45 lb,9.45,lb
4,4578,"BPA-free plastic components. May contain PFAS in internal tubing and seals. For more information about chemicals in this product, visit: https://www.delonghi.com/en-us/ab1200 | Componentes plásticos libres de BPA. Puede contener PFAS en tubos internos y sellos. Para más información sobre los químicos en este producto, visite: https://www.delonghi.com/en-us/ab1200",,text
4,4579,removable_water_reservoir,,text
4,4580,1 Liters,33.81,oz
4,4581,Button,,text
4,4582,false,0.0,boolean
4,4579,removable_drip_tray,,text
4,4583,None,,text
4,4584,Full Manufacturers Warranty,,text
4,4585,044387121194,,text
1,4546,15 bar,15.0,bar
1,4562,1350 W,1350.0,w
1,4586,Thermoblock heating system,,text
1,4558,2 Liters,67.63,oz
1,4548,BVE850BSS1BNA1,,text
1,4566,021614807625,,text
1,4587,8.98 x 16.41 x 12.64 inches,,in
1,4554,16.1 lb,16.1,lb
1,4555,Stainless Steel,,text
1,4588,Milk Frother,,text
1,4589,capsule,,text
1,4561,120 V,120.0,v
1,4545,Fully Automatic,,text
1,4590,Not Smart Home Compatible,,text
1,4589,Reusable,,text
1,4556,A+,,text
1,4586,Adjustable,,text
1,4562,2 W,2.0,w
1,4586,30 seconds,30.0,text
1,4569,20 bar,20.0,bar
1,4591,1500 W,1500.0,w
1,4592,Centrifusion™ Brewing Technology,,text
1,4580,1 Liters,33.81,oz
1,4571,ENV120BCA,,text
1,4593,"5.5""D x 14.2""W x 12""H",,in
1,4577,9.5 lb,9.5,lb
1,4594,120 V,120.0,v
1,4595,Corded Electric,,text
1,4596,"Metal, Plastic",,text
1,4583,"ENERGY STAR, EPEAT Silver",,text
1,4585,044387121194,,text
3,4597,Coffee Capsules,,text
3,4591,Electric,,text
3,4598,8 oz,8.0,oz
3,4599,1350 watts,1350.0,w
3,4567,Dishwasher-Safe Parts,,text
3,4577,137 ounces,8.5625,lb
3,4600,"1 Year Limited Warranty. To obtain a copy of the manufacturer's or supplier's warranty for this item prior to purchasing the item, please call Target Guest Services at 1-800-591-3869",,text
3,4596,Plastic,,text
3,4593,12 inches (H) x 16 inches (W) x 5 inches (D),,in
3,4585,044387121194,,text
3,4572,"Nespresso Vertuo Next Coffee and Espresso Machine by De'Longhi, Rose Gold",,text
3,4570,DeLonghi,,text
3,4601,119.95,119.95,text
4,4602,Hand wash,,text
4,4603,Automatic,,text
4,4604,false,0.0,boolean
4,4605,9 bar,9.0,bar
4,4606,Nespresso,,text
4,4607,BNV250CRO1BUC1,,text
4,4608,Vertuo by Breville with Aeroccino3,,text
4,4609,Chrome,,text
4,4610,11.9 in,11.9,in
4,4611,8.3 in,8.3,in
4,4612,11.9 in,11.9,in
4,4613,12.79 lb,12.79,lb
4,4614,Other,,text
4,4615,false,0.0,text
4,4615,No PFAS,,text
4,4616,0.5 seconds,0.5,text
4,4617,false,0.0,text
4,4618,removable_water_reservoir,,text
4,4619,40 oz,40.0,oz
4,4620,true,1.0,boolean
4,4618,false,,text
4,4621,Button,,text
4,4622,true,1.0,boolean
4,4618,removable_drip_tray,,text
4,4618,false,,text
4,4616,auto_shutoff,,text
4,4623,120 V,120.0,v
4,4624,UL Listed,,text
4,4625,1 year,1.0,text
4,4626,1 year,1.0,text
4,4627,021614999832,,text
1,4628,1350 W,1350.0,w
1,4616,Centrifusion technology,,text
1,4619,40 oz,40.0,oz
1,4607,BNV250CRO1BUC1,,text
1,4627,021614999832,,text
1,4629,"11.91""D x 11.93""W x 8.32""H",,in
1,4613,4.9 kg,10.8026,lb
1,4630,capsules,,text
1,4603,Fully Automatic,,text
1,4630,Nespresso Vertuo Espresso,,text
1,4631,Manual,,text
1,4630,Reusable,,text
1,4632,AC adapter,,text
1,4633,1,1.0,count
1,4633,5.0 Count,5.0,count
1,4614,Plastic,,text
1,4634,Automatic shutoff after 9 minutes of inactivity,,text
1,4616,15-20 seconds,,text
1,4635,17,17.0,count
4,4636,Dishwasher-safe parts,,text
4,4637,Semi-automatic,,text
4,4638,true,1.0,boolean
4,4638,false,0.0,boolean
4,4639,9 bar,9.0,bar
4,4640,Ninja,,text
4,4641,ES701,,text
4,4642,"Luxe Caf1 Pro Series 4 in 1 Espresso, Drip Coffee, Cold & Hot Brew, Tamper, Grinder, Scale, Hands-Free Frother",,text
4,4643,Stainless Steel,,text
4,4644,14.84 in,14.84,in
4,4645,12.48 in,12.48,in
4,4646,13.39 in,13.39,in
4,4647,27.07 lb,27.07,lb
4,4648,true,1.0,text
4,4648,"This product contains aluminum, stainless steel ingredients (chromium, manganese, nickel, phosphorous) and perfluoroalkyl and polyfluoroalkyl substances (PFAS). For more information about chemicals in this product, visit This product contains aluminum, stainless steel ingredients (chromium, manganese, nickel, phosphorous) and perfluoroalkyl and polyfluoroalkyl substances (PFAS). For more information about chemicals in this product, visit https://res.cloudinary.com/sharkninja-na/image/upload/v1731099936/SharkUS/PFAS_Data_list_110824.pdf",,text
4,4649,removable_water_reservoir,,text
4,4650,68 oz,68.0,oz
4,4651,"Button, Knob",,text
4,4652,true,1.0,boolean
4,4649,removable_drip_tray,,text
4,4653,UL Listed,,text
4,4654,1 year limited,,text
4,4655,1 year limited,,text
4,4656,622356643566,,text
31,4641,ES701,,text
31,4643,Stainless Steel,,text
31,4647,31.66 lb,31.66,lb
31,4657,15.51 in L x 15 in W x 19.33 in H,,in
31,4658,1650 W,1650.0,w
31,4659,120 V,120.0,v
31,4649,Yes,,text
31,4649,Yes,,text
31,4638,Conical burr grinder with 25 grind settings,,text
31,4652,Yes,,text
31,4660,Stainless Steel,,text
31,4661,1,1.0,text
1,4658,1650 W,1650.0,w
1,4650,68 oz,68.0,oz
1,4662,Ninja ES701,,text
1,4641,ES701,,text
1,4656,10622356643563,,text
1,4640,SharkNinja,,text
1,4656,622356643566,,text
1,4657,13.39 x 12.48 x 14.84 inches,,in
1,4647,27.07 lb,27.07,lb
1,4659,120 V,120.0,v
1,4663,"Ground, Whole Bean",,text
1,4663,Reusable,,text
1,4637,Fully Automatic,,text
1,4664,Buttons,,text
1,4660,Stainless Steel,,text
1,4665,Adjustable Brew Strength,,text
1,4666,"Portafilter, XL Milk Jug, Single Basket, Double Basket, Luxe Basket, Cleaning Brush, Cleaning Disc, Descaling Powder, Cleaning tablets, Hard Water Testing Kit, Instructions & Inspiration Guide",,text
3,4636,"Dishwasher-Safe Parts, Clean With Water",,text
3,4661,"5 Year Limited Warranty. To obtain a copy of the manufacturer's or supplier's warranty for this item prior to purchasing the item, please call Target Guest Services at 1-800-591-3869",5.0,text
3,4667,1650 Watts,1650.0,w
3,4663,"Ground Coffee, Ground Espresso",,text
3,4657,14.84 Inches (H) x 12.48 Inches (W) x 12.48 Inches (D),,in
3,4668,2.6 cubic-ft,2.6,cu_ft
3,4660,Metal,,text
3,4663,Basket Filter,,text
3,4669,Freestanding,,text
3,4666,"Frother Pot, Descaling Solution, Cleaning Brush, Recipe Book",,text
3,4650,1,1.0,oz
3,4647,27 lb,27.0,lb
3,4656,622356643566,,text
3,4642,Ninja Luxe Cafe Pro Series 4-in-1 Espresso Coffee Cold Brew Hot Water Machine Stainless Steel,,text
3,4640,Ninja,,text
3,4670,749.99,749.99,text
4,4671,Dishwasher-safe parts,,text
4,4672,Semi-automatic,,text
4,4673,true,1.0,boolean
4,4673,false,0.0,boolean
4,4674,9 bar,9.0,bar
4,4675,Ninja,,text
4,4676,ES601,,text
4,4677,"Luxe Café Premier Series 3-in-1 Espresso, Coffee, and Cold Brew Machine with Grinder and Scale, and Hands-Free Frother",,text
4,4678,Stainless Steel,,text
4,4679,14.6 in,14.6,in
4,4680,13.6 in,13.6,in
4,4681,13.2 in,13.2,in
4,4682,25.73 lb,25.73,lb
4,4683,true,1.0,text
4,4683,"This product contains aluminum, stainless steel ingredients (chromium, manganese, nickel, phosphorous) and perfluoroalkyl and polyfluoroalkyl substances (PFAS).For more information about chemicals in this product, visit https://res.cloudinary.com/sharkninja-na/image/upload/v1708444430/QR%20Codes/PFAS_Data_list_021324.pdf",,text
4,4684,removable_water_reservoir,,text
4,4685,70 oz,70.0,oz
4,4686,true,1.0,boolean
4,4687,"Beans, Grounds",,text
4,4688,"Button, Dial",,text
4,4689,true,1.0,boolean
4,4684,removable_drip_tray,,text
4,4690,120 V,120.0,v
4,4691,1650 W,1650.0,w
4,4692,UL Listed,,text
4,4693,1 year limited,,text
4,4694,1 year limited,,text
4,4695,622356635165,,text
31,4676,ES601,,text
31,4678,Stainless Steel,,text
31,4682,0.06 lb,0.06,lb
31,4691,1650 W,1650.0,w
31,4691,120 W,120.0,w
31,4696,13.75 A,13.75,a
31,4690,120 V,120.0,v
31,4697,15.75 in L x 15.24 in W x 20.51 in H,,in
31,4698,43 in,43.0,in
31,4699,Stainless Steel,,text
1,4691,1650 W,1650.0,w
1,4700,4.4 Pounds,1995.8,g
1,4697,"12.99""D x 13.39""W x 14.57""H",,in
1,4682,31.8 lb,31.8,lb
1,4690,120 V,120.0,v
1,4699,Stainless Steel,,text
1,4676,ES601,,text
1,4695,622356635165,,text
1,4701,"Auto Shut-Off, Dishwasher Safe Parts, Milk Frother, Programmable, Timer",,text
1,4687,"Ground, Whole Bean",,text
1,4687,Reusable,,text
1,4672,Fully Automatic,,text
1,4702,Buttons,,text
1,4703,"Assisted Tamper, Cleaning Brush, Cleaning Disc, Funnel, Descaling Powder, Cleaning tablets, Hard Water Testing Kit, Double Basket, Espresso Machine, Portafilter, Luxe Basket, Milk Jug",,text
4,4704,"Top-rack dishwasher-safe, Hand wash",,text
4,4705,Cold brew,,text
4,4706,"Multi serve, Single serve",,text
4,4707,false,,text
4,4708,Ninja,,text
4,4709,ES701-RB,,text
4,4710,"Ninja Luxe Cafe Pro Series 4-in-1 Coffee Machine, Silver (Certified Refurbished)",,text
4,4711,Stainless Steel,,text
4,4712,14.84 in,14.84,in
4,4713,12.48 in,12.48,in
4,4714,13.39 in,13.39,in
4,4715,30.9 lb,30.9,lb
4,4716,None,,text
4,4706,false,,text
4,4706,false,,text
4,4705,Grounds,,text
4,4717,Button,,text
4,4706,false,,text
4,4707,false,,text
4,4718,None,,text
4,4719,90 Days,90.0,text
4,4720,None,,text
4,4721,732388790470,,text
4,4722,Hand wash,,text
4,4723,Semi-automatic,,text
4,4724,9 bar,9.0,bar
4,4725,Ninja,,text
4,4726,R-ES601,,text
4,4727,"R-ES601 Luxe Café Premier Espresso, Drip Coffee & Cold Brew System with Grinder, Frother - Refurbished Excellent",,text
4,4728,Silver,,text
4,4729,14.6 in,14.6,in
4,4730,13.2 in,13.2,in
4,4731,13.6 in,13.6,in
4,4732,25.73 lb,25.73,lb
4,4733,"This product contains aluminum, stainless steel ingredients (chromium, manganese, nickel, phosphorous) and perfluoroalkyl and polyfluoroalkyl substances (PFAS). This product contains: PFAS. For more information about chemicals in this product, visit, ""https://www.epa.gov/pfas"". Este producto contiene PFAS. Para obtener más información sobre las sustancias químicas de este producto, visite ""https://www.epa.gov/pfas"".",,text
4,4734,removable_water_reservoir,,text
4,4735,18 oz,18.0,oz
4,4736,Beans,,text
4,4737,Button,,text
4,4738,programmable,,text
4,4739,true,1.0,boolean
4,4734,removable_drip_tray,,text
4,4740,1650 W,1650.0,w
4,4741,UL Listed,,text
4,4742,90 days,90.0,text
4,4743,90 Day Warranty,90.0,text
4,4744,732388533848,,text
1,4745,1650 W,1650.0,w
1,4746,68 oz,68.0,oz
1,4747,Ninja ES701,,text
1,4709,701,,text
1,4708,SharkNinja,,text
1,4721,732388790470,,text
1,4748,14.84 x 12.48 x 14.84 inches,,in
1,4749,Stainless Steel,,text
1,4750,Adjustable Brew Strength,,text
1,4705,"ground, whole bean",,text
1,4751,1.0 Count,1.0,count
1,4745,1650 W,1650.0,w
1,4752,120 V,120.0,v
3,4715,9.2 lb,9.2,lb
3,4704,Hand Wash,,text
3,4745,Electric,,text
3,4753,5 oz,5.0,oz
3,4748,15 inches (H) x 9.9 inches (W) x 12.2 inches (D),,in
3,4754,"90 Day Limited Warranty. To obtain a copy of the manufacturer's or supplier's warranty for this item prior to purchasing the item, please call Target Guest Services at 1-800-591-3869",,text
3,4755,No Battery Used,,text
3,4746,10,10.0,oz
3,4705,Ground Coffee,,text
3,4756,50 oz,50.0,oz
3,4705,Permanent Screen Filter,,text
3,4749,Plastic,,text
3,4721,732388790470,,text
3,4710,"Ninja Luxe Cafe Pro Series 4-in-1 Coffee Machine, Silver (Certified Refurbished)",,text
3,4708,Ninja,,text
3,4757,599.99,599.99,text
1,4724,15 bar,15.0,bar
1,4740,1650 W,1650.0,w
1,4738,Dual Froth System,,text
1,4735,4.4 Pounds,70.4,oz
1,4758,25 grind settings,,text
1,4726,ES601,,text
1,4759,"15.48""D x 15.5""W x 18.38""H",,in
1,4760,120 V,120.0,v
1,4761,Stainless Steel,,text
1,4762,"Auto Shut-Off, Dishwasher Safe Parts, Milk Frother, Programmable, Timer",,text
1,4763,"Assisted Tamper, Cleaning Brush, Cleaning Disc, Funnel, Descaling Powder, Cleaning tablets, Hard Water Testing Kit, Double Basket, Espresso Machine, Portafilter, Luxe Basket, Milk Jug",,text
1,4741,90 days limited warranty,,text
1,4744,732388533848,,text
3,4764,11.18 Inches (H) x 15.25 Inches (W) x 15.55 Inches (D),,in
3,4765,Dishwasher-Safe Parts,,text
3,4766,"1 Year Limited Warranty. To obtain a copy of the manufacturer's or supplier's warranty for this item prior to purchasing the item, please call Target Guest Services at 1-800-591-3869",,text
3,4767,18 lb,18.0,lb
3,4768,4 Pounds,4.0,lb
3,4769,1690 W,1690.0,w
3,4770,Metal,,text
3,4771,6 qt,6.0,qt
3,4772,622356693592,,text
3,4773,Ninja Foodi 6qt 2 Basket Air Fryer Gray DZ090GY,,text
3,4774,Ninja,,text
3,4775,179.99,179.99,text
3,4776,5 Pounds,5.0,lb
3,4777,5 qt,5.0,qt
3,4778,"Air Fry, Bakes, Toasters, Broiler, Roasts",,text
3,4779,"See-Through Window, Timer, Temperature Control, Digital Control and Display",,text
3,4780,Dishwasher-Safe Parts,,text
3,4781,1800 W,1800.0,w
3,4782,"1 Year Limited Warranty. To obtain a copy of the manufacturer's or supplier's warranty for this item prior to purchasing the item, please call Target Guest Services at 1-800-591-3869",,text
3,4783,"Metal, Plastic, Stainless Steel",,text
3,4784,13.48 Inches (H) x 16.53 Inches (W) x 15.75 Inches (D),,in
3,4785,22.77 lb,22.77,lb
3,4786,622356670289,,text
3,4787,Ninja French Door Premier Air Fryer Convection Oven Toaster FO101,,text
3,4788,Ninja,,text
3,4789,279.99,279.99,text
3,4790,BPA-Free,,text
3,4791,1750 W,1750.0,w
3,4792,12.01 Inches (H) x 11.3 Inches (W) x 14.92 Inches (D),,in
3,4793,11.44 lb,11.44,lb
3,4794,6.5 qt,6.5,qt
3,4795,3 Pounds,3.0,lb
3,4796,Dishwasher-Safe Parts,,text
3,4797,"1 Year Limited Warranty. To obtain a copy of the manufacturer's or supplier's warranty for this item prior to purchasing the item, please call Target Guest Services at 1-800-591-3869",,text
3,4798,AF181,,text
3,4799,"Metal, Plastic",,text
3,4800,622356635660,,text
3,4801,"Ninja Air Fryer Pro XL 6-in-1 AF181: 6.5 Qt Capacity, 1750W, Dishwasher-Safe Parts, Metal &#38; Plastic, Gray",,text
3,4802,Ninja,,text
3,4803,119.99,119.99,text
1,4777,20.3 qt,20.3,qt
1,4783,Metal,,text
1,4781,1800 W,1800.0,w
1,4804,450 °F,450.0,f
1,4805,Ninja FO101,,text
1,4806,"5 QT Air Fry Basket, Sheet Pan, Broil Rack, Wire Rack, Chef-created Recipe Book",,text
1,4807,Button Control,,text
1,4808,AC/DC,,text
1,4809,450°F,450.0,f
1,4784,"15.8""D x 16.53""W x 13.48""H",,in
1,4785,22.8 lb,22.8,lb
1,4810,French Door,,text
1,4786,10622356670286,,text
1,4786,622356670289,,text
1,4779,Timer,,text
1,4811,PFAS-free,,text
1,4794,6.5 qt,6.5,qt
1,4799,Nonstick,,text
1,4791,1750 W,1750.0,w
1,4812,450 °F,450.0,f
1,4792,"14.92""D x 11.3""W x 12.01""H",,in
1,4793,11.4 lb,11.4,lb
1,4813,120 V,120.0,v
1,4814,Touch,,text
1,4815,40 °F,40.0,f
1,4812,240 °F,240.0,f
1,4816,MaxCrisp Technology,,text
1,4799,Metal,,text
1,4799,Metal,,text
1,4796,Yes,,text
1,4798,AF181,,text
1,4800,622356635660,,text
1,4798,AF181,,text
1,4817,"6.5-QT nonstick basket, Air Fryer, Crisper plate",,text
1,4790,"Automatic Shut-Off, Programmable, Temperature Control, Timer",,text
3,4818,17.86 lb,17.86,lb
3,4819,"Dual Fryer Baskets, Temperature Control, Timer, Nonstick Coating, Digital Control and Display",,text
3,4820,12.4 Inches (H) x 13.86 Inches (W) x 15.63 Inches (D),,in
3,4821,8 qt,8.0,qt
3,4822,Automatic Shut-Off,,text
3,4823,"Bakes, Roasts, Air Fry, Dehydrates, Reheat",,text
3,4824,Dishwasher-Safe Parts,,text
3,4825,"Fry Basket, Recipes",,text
3,4826,Stainless Steel,,text
3,4827,4 Pounds,4.0,lb
3,4828,"1 Year Limited Warranty. To obtain a copy of the manufacturer's or supplier's warranty for this item prior to purchasing the item, please call Target Guest Services at 1-800-591-3869",,text
3,4829,1690 W,1690.0,w
3,4830,622356564380,,text
3,4831,"Ninja Foodi 8qt Original Dualzone 2 Basket Air Fryer with 6 functions - DZ201: Stainless Steel, Digital Control, Dishwasher-Safe",,text
3,4832,Ninja,,text
3,4833,149.99,,text
1,4821,8 qt,8.0,qt
1,4826,Stainless Steel,,text
1,4829,1690 W,1690.0,w
1,4834,450 °F,450.0,f
1,4820,"13.86""D x 15.63""W x 12.4""H",,in
1,4818,17.86 lb,17.86,lb
1,4835,110 V,110.0,v
1,4836,Touch,,text
1,4837,Push Button,,text
1,4838,DualZone Technology,,text
1,4839,32 in,32.0,in
1,4840,Yes,,text
1,4824,Yes,,text
1,4826,Stainless Steel,,text
1,4841,DZ201,,text
1,4842,DZ201,,text
1,4830,622356564380,,text
1,4832,SharkNinja,,text
1,4842,DZ201,,text
1,4825,"(2) 4-Quart Cooking Baskets for 8-Quart Capacity, (2) Nonstick Crisper Plates, 15 Chef-Inspired Recipes and Additional Meal Options & Cooking Charts, Main Unit with 6 Programmable Cooking Functions",,text
3,4843,10.34 lb,10.34,lb
3,4844,BPA-Free,,text
3,4845,5 qt,5.0,qt
3,4846,1750 W,1750.0,w
3,4847,Dishwasher-Safe Parts,,text
3,4848,"1 Year Limited Warranty. To obtain a copy of the manufacturer's or supplier's warranty for this item prior to purchasing the item, please call Target Guest Services at 1-800-591-3869",,text
3,4849,4 Pounds,4.0,lb
3,4850,"Metal, Plastic",,text
3,4851,AF141,,text
3,4852,10.39 Inches (H) x 11.3 Inches (W) x 14.84 Inches (D),,in
3,4853,622356635042,,text
3,4854,"Ninja Air Fryer Pro 4-in-1 AF141: 5-Quart, 1750W, Dishwasher-Safe Parts, Gray, Metal &#38; Plastic",,text
3,4855,Ninja,,text
3,4856,89.99,89.99,text
1,4845,5 qt,5.0,qt
1,4850,Nonstick,,text
1,4846,1750 W,1750.0,w
1,4857,400 °F,400.0,f
1,4852,"14.84""D x 11.29""W x 10.39""H",,in
1,4843,10.34 lb,10.34,lb
1,4858,120 V,120.0,v
1,4859,Touch,,text
1,4860,Push Button,,text
1,4861,Air Crisp Technology,,text
1,4850,Metal,,text
1,4844,"Automatic Shut-Off, Programmable, Temperature Control, Timer",,text
1,4851,AF141,,text
1,4853,622356635042,,text
1,4855,Ninja,,text
1,4862,"5-QT nonstick basket, Air Fryer, crisper plate",,text
3,4863,5 Pounds,5.0,lb
3,4864,15.14 Inches (H) x 11.25 Inches (W) x 19.22 Inches (D),,in
3,4865,10 qt,10.0,qt
3,4866,Dishwasher-Safe Parts,,text
3,4867,"1 Year Limited Warranty. To obtain a copy of the manufacturer's or supplier's warranty for this item prior to purchasing the item, please call Target Guest Services at 1-800-591-3869",,text
3,4868,23.15 lb,23.15,lb
3,4869,1690 W,1690.0,w
3,4870,"Metal, Plastic",,text
3,4871,SL401,,text
3,4872,622356631211,,text
3,4873,"Ninja DoubleStack XL 10qt, 6-in-1, 2-Basket Air Fryer, Space Saving Design SL401: Ninja Foodi, Dishwasher-Safe Parts",,text
3,4874,Ninja,,text
3,4875,209.99,209.99,text
1,4865,10 qt,10.0,qt
1,4870,Plastic,,text
1,4869,1690 W,1690.0,w
1,4876,240 °F,240.0,f
1,4864,"11.25""D x 19.22""W x 15.14""H",,in
1,4868,11.07 Kilograms,24.4051,lb
1,4877,230 V,230.0,v
1,4878,Touch,,text
1,4879,40 °F,40.0,f
1,4880,DoubleStack Air Frying Technology,,text
1,4881,Not Smart Home Compatible,,text
1,4882,Yes,,text
1,4870,Plastic,,text
1,4866,Yes,,text
1,4870,Metal,,text
1,4883,Ninja SL401,,text
1,4871,SL401,,text
1,4872,622356631211,,text
1,4872,10622356631218,,text
1,4871,SL401,,text
1,4884,"Automatic Shut-Off, Dual Zone Features, Programmable, Temperature Control, Timer",,text
3,4885,13.3 Inches (H) x 11 Inches (W) x 13.6 Inches (D),,in
3,4886,2 Pounds,2.0,lb
3,4887,"Temperature Control, Nonstick Coating, Timer, Digital Control and Display",,text
3,4888,1550 W,1550.0,w
3,4889,"Automatic Shut-Off, Cool Touch Handle",,text
3,4890,10.58 lb,10.58,lb
3,4891,"Bakes, Roasts, Air Fry, Dehydrates, Reheat",,text
3,4892,Dishwasher-Safe Parts,,text
3,4893,4 qt,4.0,qt
3,4894,"Fry Basket, Recipes",,text
3,4895,"1 Year Limited Warranty. To obtain a copy of the manufacturer's or supplier's warranty for this item prior to purchasing the item, please call Target Guest Services at 1-800-591-3869",,text
3,4896,Plastic,,text
3,4897,622356554572,,text
3,4898,"Ninja 4qt Air Fryer - Black AF101: 1550W, Digital Control, Dishwasher-Safe, 1-Year Warranty",,text
3,4899,Ninja,,text
3,4900,119.99,,text
1,4893,4 qt,4.0,qt
1,4896,Ceramic-coated aluminum,,text
1,4888,1550 W,1550.0,w
1,4901,400 °F,400.0,f
1,4885,"13.6""D x 11""W x 13.3""H",,in
1,4890,10.6 lb,10.6,lb
1,4902,120 V,120.0,v
1,4903,Touch,,text
1,4904,Convection heat,,text
1,4905,2.6 in,2.6,in
1,4896,Aluminum with nonstick ceramic coating,,text
1,4892,Yes,,text
1,4894,"1550-watt unit, 20-recipe booklet, 4-quart ceramic-coated, nonstick basket and crisper plate",,text
1,4906,AF101,,text
1,4897,622356554572,,text
1,4899,SharkNinja,,text
1,4895,1 Year Manufacturers,,text
3,4907,Nonstick,,text
3,4908,"Nonstick Coating, Cool Touch Handle, Temperature Control, Timer, Removable Plates, Digital Display",,text
3,4909,11.02 Inches (H) x 14.19 Inches (W) x 17.16 Inches (D),,in
3,4910,"Stainless Steel, Plastic",,text
3,4911,6,6.0,count
3,4912,1760 W,1760.0,w
3,4913,"Roasts, Grill, Bakes, Air Fry, Dehydrates",,text
3,4914,Dishwasher-Safe Parts,,text
3,4915,"1 Year Limited Warranty. To obtain a copy of the manufacturer's or supplier's warranty for this item prior to purchasing the item, please call Target Guest Services at 1-800-591-3869",,text
3,4916,"Recipes, Cleaning Tool",,text
3,4917,20 lb,20.0,lb
3,4918,622356592260,,text
3,4919,"Ninja Foodi 6-in-1 Indoor Grill with Air Fry, Roast EG201 Black/Silver: Smokeless, Cool Touch, Digital Display, Dishwasher-Safe, Recipes Included",,text
3,4920,Ninja,,text
3,4921,179.99,179.99,text
3,4922,"Crumb Tray, Air Fry Basket, 2 Baking Pans, Wire Rack",,text
3,4923,"Metal, Stainless Steel",,text
3,4924,No Certifications,,text
3,4925,13.26 Inches (H) x 16.39 Inches (W) x 16.39 Inches (D),,in
3,4926,1800 W,1800.0,w
3,4927,Freestanding,,text
3,4928,"Spot or Wipe Clean, Dishwasher-Safe Parts",,text
3,4929,"1 Year Limited Warranty. To obtain a copy of the manufacturer's or supplier's warranty for this item prior to purchasing the item, please call Target Guest Services at 1-800-591-3869",,text
3,4930,31 lb,31.0,lb
3,4931,"Convection Bake, Toasters, Broiler, Dehydrates, Air Fry",,text
3,4932,0 qt,0.0,qt
3,4933,622356643917,,text
3,4934,"Ninja Double Stack XL Countertop Oven and Air Fryer with SmartFinish &#38; DualZone Technology DCT601: Stainless Steel, Convection Bake, Air Fry",,text
3,4935,Ninja,,text
3,4936,429.99,429.99,text
3,4937,Nonstick,,text
3,4938,Ceramic,,text
3,4939,Dishwasher-Safe,,text
3,4940,Manufacturer Refurbished,,text
3,4941,11.02 inches (H) x 17.16 inches (W) x 14.19 inches (D),,in
3,4942,20 lb,20.0,lb
3,4943,"90 Day Limited Warranty. To obtain a copy of the manufacturer's or supplier's warranty for this item prior to purchasing the item, please call Target Guest Services at 1-800-591-3869",,text
3,4944,1760 W,1760.0,w
3,4945,Grill,,text
3,4946,691835130194,,text
3,4947,Ninja EG201 Foodi 6-in-1 Indoor Grill 4-Quart Air Fryer (Manufacturer Refurbished),,text
3,4948,Ninja,,text
3,4949,149.95,149.95,text
1,4932,18.6 qt,18.6,qt
1,4923,Stainless Steel,,text
1,4926,1800 W,1800.0,w
1,4950,450 °F,450.0,f
1,4951,Ninja DCT601,,text
1,4925,18.6 x 16.39 x 13.26 inches,,in
1,4930,31 lb,31.0,lb
1,4952,Button Control,,text
1,4953,electric,,text
1,4954,2,2.0,count
1,4955,Polished,,text
1,4956,Stainless Steel,,text
1,4957,"Adjustable Rack, Auto Cook Menu, Automatic Shut-Off, Large Capacity, Programmable",,text
1,4933,10622356643914,,text
1,4933,622356643917,,text
1,4958,DCT601,,text
3,4959,5 Pounds,5.0,lb
3,4960,"Hand Wash, Dishwasher-Safe Parts",,text
3,4961,8 qt,8.0,qt
3,4962,21.28 lb,21.28,lb
3,4963,"1 Year Limited Warranty. To obtain a copy of the manufacturer's or supplier's warranty for this item prior to purchasing the item, please call Target Guest Services at 1-800-591-3869",,text
3,4964,1690 W,1690.0,w
3,4965,SL201,,text
3,4966,"Metal, Plastic",,text
3,4967,15.14 Inches (H) x 11.25 Inches (W) x 17.79 Inches (D),,in
3,4968,622356635202,,text
3,4969,"Ninja DoubleStack 8qt 6-in-1, 2-Basket Air Fryer with Space Saving Design Gray SL201: Metal &#38; Plastic, Hand Wash, Dishwasher-Safe",,text
3,4970,Ninja,,text
3,4971,189.99,189.99,text
3,4972,"Recipes, Fry Basket",,text
3,4973,"Roasts, Bakes, Air Fry, Dehydrates, Broiler",,text
3,4974,7 qt,7.0,qt
3,4975,"Nonstick Coating, Digital Control and Display, Temperature Control, Dual Fryer Baskets, Timer",,text
3,4976,"Stainless Steel, Plastic",,text
3,4977,Dishwasher-Safe Parts,,text
3,4978,"1 Year Limited Warranty. To obtain a copy of the manufacturer's or supplier's warranty for this item prior to purchasing the item, please call Target Guest Services at 1-800-591-3869",,text
3,4979,4 Pounds,4.0,lb
3,4980,1690 W,1690.0,w
3,4981,11.26 Inches (H) x 11.81 Inches (W) x 18.19 Inches (D),,in
3,4982,17.03 lb,17.03,lb
3,4983,622356611206,,text
3,4984,"Ninja Foodi DualZone FlexBasket Air Fryer with 7-qt MegaZone DZ071: 7-in-1, Nonstick, Digital Control, Dishwasher-Safe",,text
3,4985,Ninja,,text
3,4986,159.99,,text
1,4961,8 qt,8.0,qt
1,4966,Plastic,,text
1,4964,1690 W,1690.0,w
1,4987,400 °F,400.0,f
1,4967,"11.25""D x 17.79""W x 15.14""H",,in
1,4962,21.28 lb,21.28,lb
1,4988,120 V,120.0,v
1,4989,Touch,,text
1,4990,Ninja's DoubleStack Air Frying Technology,,text
1,4991,"Automatic Shut-Off, Dual Zone Features, Programmable, Temperature Control",,text
1,4992,"(2) 4 Quart Baskets, (2) Nonstick Crisper Plates, (2) Stacked Meal Racks, DoubleStack Air Fryer",,text
1,4965,SL201,,text
1,4968,622356635202,,text
1,4970,SharkNinja,,text
1,4974,7 qt,7.0,qt
1,4976,Plastic,,text
1,4980,1690 W,1690.0,w
1,4993,450 °F,450.0,f
1,4981,"11.79""D x 18.19""W x 11.24""H",,in
1,4982,17.03 lb,17.03,lb
1,4994,120 V,120.0,v
1,4995,Touch,,text
1,4976,Plastic,,text
1,4996,Yes,,text
1,4977,Yes,,text
1,4972,"2 nonstick crisper plates, 7-QT FlexBasket, Removable divider",,text
1,4997,DZ071,,text
1,4983,622356611206,,text
1,4997,DZ071,,text
1,4998,1500 Watts,1500.0,w
1,4975,"Dishwasher Safe, Manual, Programmable",,text
1,4999,air_frying_technology,,text
3,5000,"Recipes, Fry Basket",,text
3,5001,"Dishwasher-Safe Parts, Spot or Wipe Clean",,text
3,5002,"Reheat, Roasts, Bakes, Air Fry, Dehydrates",,text
3,5003,"Stainless Steel, Plastic",,text
3,5004,"Nonstick Coating, Digital Control and Display, Temperature Control, Dual Fryer Baskets, BPA-Free, Timer",,text
3,5005,11.18 Inches (H) x 13.39 Inches (W) x 15.55 Inches (D),,in
3,5006,1760 W,1760.0,w
3,5007,"1 Year Limited Warranty. To obtain a copy of the manufacturer's or supplier's warranty for this item prior to purchasing the item, please call Target Guest Services at 1-800-591-3869",,text
3,5008,15.36 lb,15.36,lb
3,5009,15.36 Pounds,15.36,lb
3,5010,6 qt,6.0,qt
3,5011,622356590792,,text
3,5012,"Ninja Foodi 6qt 5-in-1 2-Basket Air Fryer with DualZone Technology - DZ090: Stainless Steel, Digital Control, 1760W",,text
3,5013,Ninja,,text
3,5014,149.99,,text
1,5010,6 qt,6.0,qt
1,5003,Nonstick Coating,,text
1,5006,1760 W,1760.0,w
1,5015,400 °F,400.0,f
1,5005,"15.55""D x 13.39""W x 11.18""H",,in
1,5008,15.4 lb,15.4,lb
1,5016,120 V,120.0,v
1,5017,Touch,,text
1,5018,Air Fry Technology,,text
1,5003,Plastic with Nonstick Coating,,text
1,5004,"Dishwasher Safe Parts, Dual Zone Features",,text
1,5000,"(2) 3-Quart Nonstick Cooking Baskets, (2) Dishwasher Safe Crisper Plates, Ninja 1760-Watt Air Fryer",,text
1,5019,DZ090,,text
1,5011,622356590792,,text
1,5011,10622356590799,,text
3,5020,14.0 inches (H) x 18.0 inches (W) x 13.0 inches (D),,in
3,5021,Manufacturer Refurbished,,text
3,5022,10 ounces,0.31,oz
3,5023,20.0 ounces,1.25,lb
3,5024,1700 W,1700.0,w
3,5025,No Battery Used,,text
3,5026,R-AD300CO,,text
3,5027,Dishwasher-Safe Parts,,text
3,5028,"90 Day Limited Warranty. To obtain a copy of the manufacturer's or supplier's warranty for this item prior to purchasing the item, please call Target Guest Services at 1-800-591-3869",,text
3,5029,Plastic,,text
3,5030,2 pounds,2.0,lb
3,5031,732388523849,,text
3,5032,"Refurbished: Ninja R-AD300CO Foodi 6-in-1 10-qt. XL 2-Basket Air Fryer with DualZone Technology, Black – Manufacturer Refurbished",,text
3,5033,Ninja,,text
3,5034,187.99,187.99,text
1,5022,10 qt,10.0,qt
1,5029,Plastic,,text
1,5024,1670 W,1670.0,w
1,5035,400 °F,400.0,f
1,5036,"Dishwasher Safe Parts, DualZone Technology",,text
1,5037,120 V,120.0,v
1,5038,Touch,,text
1,5039,Advanced,,text
1,5020,"8.07""D x 5.31""W x 2.76""H",,in
1,5023,18.7 lb,18.7,lb
1,5040,Yes,,text
1,5027,Yes,,text
1,5029,Plastic,,text
1,5026,R-AD300CO,,text
1,5031,732388523849,,text
1,5033,SharkNinja,,text
1,5041,"Ninja 1670-Watt Air Fryer, (2) 5-Quart Nonstick Cooking Baskets, (2) Dishwasher Safe Crisper Plates",,text
3,5042,13.34 Inches (H) x 20.22 Inches (W) x 17.09 Inches (D),,in
3,5043,"Bakes, Reheat, Broiler, Toasters, Air Fry",,text
3,5044,No Certifications,,text
3,5045,33.63 lb,33.63,lb
3,5046,Stainless Steel,,text
3,5047,1800 W,1800.0,w
3,5048,"Spot or Wipe Clean, Dishwasher-Safe Parts",,text
3,5049,Freestanding,,text
3,5050,1.04 qt,1.04,qt
3,5051,"1 Year Limited Warranty. To obtain a copy of the manufacturer's or supplier's warranty for this item prior to purchasing the item, please call Target Guest Services at 1-800-591-3869",,text
3,5052,"Crumb Tray, Air Fry Basket, 2 Baking Pans, 2 Cooking Racks",,text
3,5053,622356643924,,text
3,5054,"Ninja Prestige Smart XL Air Fryer and Countertop Oven DT501: Stainless Steel Toaster Oven, 1800W, Includes Air Fry Basket",,text
3,5055,Ninja,,text
3,5056,399.99,399.99,text
1,5050,8 qt,8.0,qt
1,5046,Stainless Steel,,text
1,5047,1800 W,1800.0,w
1,5057,450 °F,450.0,f
1,5042,17.09 x 20.22 x 13.34 inches,,in
1,5045,33.6 lb,33.6,lb
1,5058,Button Control,,text
1,5059,electric,,text
1,5060,2,2.0,count
1,5061,Polished,,text
1,5062,Stainless Steel,,text
1,5063,Ninja DT501,,text
1,5053,10622356643921,,text
1,5053,622356643924,,text
1,5064,"Prestige Smart XL 10-in-1 Air Fry Digital Countertop Convection Toaster Oven with Air Fry, Air Roast, Broil, Bake, Whole Roast, Pizza, Toast, Bagel, & Reheat, 1800 Watts, Stainless Steel",,text
4,5065,Hand wash,,text
4,5066,Automatic,,text
4,5067,false,0.0,boolean
4,5068,9 bar,9.0,bar
4,5069,Nespresso,,text
4,5070,BNV220CRO1BUC1,,text
4,5071,Vertuo by Breville,,text
4,5072,Chrome,,text
4,5073,11.9 in,11.9,in
4,5074,8.3 in,8.3,in
4,5075,11.9 in,11.9,in
4,5076,12.79 lb,12.79,lb
4,5077,Other,,text
4,5078,false,0.0,text
4,5078,No PFAS,,text
4,5079,0.5 seconds,0.5,text
4,5080,false,0.0,text
4,5081,removable_water_reservoir,,text
4,5082,40 oz,40.0,oz
4,5083,true,1.0,boolean
4,5081,false,,text
4,5084,Button,,text
4,5085,true,1.0,boolean
4,5081,removable_drip_tray,,text
4,5081,false,,text
4,5079,auto_shutoff,,text
4,5086,120 V,120.0,v
4,5087,UL Listed,,text
4,5088,1 year,1.0,text
4,5089,1 year,1.0,text
4,5090,021614999825,,text
4,5091,Not Applicable,,text
4,5092,Automatic,,text
4,5093,false,0.0,boolean
4,5094,0 bar,0.0,bar
4,5095,Nespresso,,text
4,5096,ENV300W,,text
4,5097,"Nespresso Vertuo Lattissima by De'Longhi, White",,text
4,5098,White,,text
4,5099,12.4 in,12.4,in
4,5100,7.5 in,7.5,in
4,5101,16 in,16.0,in
4,5102,13.9 lb,13.9,lb
4,5103,Plastic,,text
4,5104,false,0.0,text
4,5104,Not Provided,,text
4,5105,false,0.0,text
4,5106,removable_water_reservoir,,text
4,5107,54 oz,54.0,oz
4,5108,Button,,text
4,5109,false,,text
4,5110,true,1.0,boolean
4,5106,removable_drip_tray,,text
4,5106,false,,text
4,5109,auto_shutoff,,text
4,5111,120 V,120.0,v
4,5112,1500 W,1500.0,w
4,5113,UL Listed,,text
4,5114,2 years,2.0,text
4,5115,2 years,2.0,text
4,5116,044387303002,,text
1,5117,1350 W,1350.0,w
1,5079,Centrifusion extraction technology,,text
1,5082,40 oz,40.0,oz
1,5070,BNV220CRO1BUC1,,text
1,5090,021614999825,,text
1,5118,1.2 Liters,1.2,l
1,5119,"8""D x 12""W x 12""H",,in
1,5076,10.8 lb,10.8,lb
1,5077,"Metal, Plastic",,text
1,5120,Removable Tank,,text
1,5066,Fully Automatic,,text
1,5121,capsules,,text
1,5080,Not Smart Home Compatible,,text
1,5121,"Nespresso Vertuo Coffee (Mug), Nespresso Vertuo Double Espresso, Nespresso Vertuo Espresso, Nespresso Vertuo Gran Lungo",,text
1,5121,Foam,,text
1,5122,Automatic shutoff after 9 minutes of inactivity,,text
1,5079,15-20 seconds,,text
3,5121,Coffee Capsules,,text
3,5123,40 oz,40.0,oz
3,5124,12 Nespresso Capsules,,text
3,5119,11.9 Inches (H) x 8.3 Inches (W) x 11.9 Inches (D),,in
3,5065,Spot or Wipe Clean,,text
3,5076,11 lb,11.0,lb
3,5120,"Removable Water Reservoir, Automatic Shut-Off, Removable Drip Tray",,text
3,5125,"1 Year Limited Warranty. To obtain a copy of the manufacturer's or supplier's warranty for this item prior to purchasing the item, please call Target Guest Services at 1-800-591-3869",,text
3,5126,Freestanding,,text
3,5121,Capsule,,text
3,5080,Nespresso Vertuo Line,,text
3,5077,Plastic,,text
3,5082,1,1.0,oz
3,5127,1350.0 Watts,1350.0,w
3,5090,021614999825,,text
3,5071,"Nespresso Vertuo Chrome Coffee Maker and Espresso Machine by Breville: Removable Reservoir, 12 Capsules, Automatic Shut-Off",,text
3,5069,Nespresso,,text
3,5128,219.99,219.99,text
1,5094,15 bar,15.0,bar
1,5112,1500 W,1500.0,w
1,5109,Thermoblock heating system,,text
1,5107,1.2 liters,40.58,oz
1,5129,Not applicable,,text
1,5096,ENV300W,,text
1,5130,16 x 7.5 x 12.4 inches,,in
1,5102,14 lb,14.0,lb
1,5111,120 V,120.0,v
1,5131,Pods,,text
1,5132,AC adapter,,text
1,5103,Plastic,,text
1,5133,"Auto Shut-Off, Bluetooth, Milk Frother, one-button operation",,text
1,5131,Nespresso Vertuo Espresso,,text
1,5134,1.0 Count,1.0,count
1,5116,00044387303002,,text
1,5116,044387303002,,text
4,4677,"Luxe Caf1 Premier Series 3-in-1 Espresso, Coffee, and Cold Brew Machine with Grinder and Scale, and Hands-Free Frother",,text
4,5135,Not Applicable,,text
4,5136,Automatic,,text
4,5137,false,0.0,boolean
4,5138,0 bar,0.0,bar
4,5139,Nespresso,,text
4,5140,ENV155B,,text
4,5141,VertuoPlus Deluxe Coffee & Espresso Single-Serve Machine in Piano Black with Chrome Detailing,,text
4,5142,Piano Black,,text
4,5143,12.8 in,12.8,in
4,5144,5.6 in,5.6,in
4,5145,16.7 in,16.7,in
4,5146,9.72 lb,9.72,lb
4,5147,Plastic,,text
4,5148,false,0.0,text
4,5148,Not Provided,,text
4,5149,false,0.0,text
4,5150,removable_water_reservoir,,text
4,5151,60 oz,60.0,oz
4,5152,Button,,text
4,5153,programmable,,text
4,5154,false,0.0,boolean
4,5150,removable_drip_tray,,text
4,5150,false,,text
4,5153,auto_shutoff,,text
4,5155,120 V,120.0,v
4,5156,1350 W,1350.0,w
4,5157,UL Listed,,text
4,5158,1 year,,text
4,5159,1 year,,text
4,5160,044387001557,,text
1,5156,1350 W,1350.0,w
1,5153,Centrifusion extraction technology,,text
1,5151,3.8 Pounds,60.8,oz
1,5161,VertuoPlus Deluxe,,text
1,5140,0132193500,,text
1,5160,00044387001557,,text
1,5139,De'Longhi,,text
1,5160,044387001557,,text
1,5162,"5.59""D x 16.88""W x 12.79""H",,in
1,5146,10.3 lb,10.3,lb
1,5136,Fully Automatic,,text
1,5163,capsule,,text
1,5164,AC adapter,,text
1,5163,Nespresso Vertuo Espresso,,text
1,5163,Reusable,,text
1,5165,Programmable,,text
1,5166,Buttons,,text
1,5153,9 minutes,,text
1,5153,15-20 seconds,,text
1,5167,17 capsules,17.0,count
1,5153,"1.35 oz Espresso, 2.7 oz Double Espresso, 5.0 oz Gran Lungo, 7.7 oz Coffee",,text
4,5168,true,1.0,boolean
4,5169,Dolby Atmos,,text
4,5170,Wireless,,text
4,5171,Bluetooth,,text
4,5169,false,,text
4,5172,100 feet,30.48,m
4,5173,false,,text
4,5174,true,1.0,boolean
4,5175,carrying_case,,text
4,5176,Over-the-Ear,,text
4,5177,true,,text
4,5178,16 hours,16.0,hr
4,5179,2 hours,120.0,min
4,5180,"Google Home, Apple Home",,text
4,5181,Beats,,text
4,5182,MQTP3LL/A,,text
4,5183,Studio Pro - Wireless Noise Cancelling Over-the-Ear Headphones,,text
4,5184,Black,,text
4,5185,true,1.0,boolean
4,5186,20 Hz,20.0,hz
4,5187,false,0.0,boolean
4,5188,40 millimeters,40.0,mm
4,5173,false,,text
4,5189,"Track selection, Voice assistant, Volume, Call",,text
4,5169,false,,text
4,5190,false,0.0,boolean
4,5178,40 hours,40.0,hr
4,5191,Sports and Exercise,,text
4,5175,foldable_design,,text
4,5192,true,1.0,boolean
4,5193,Cable,,text
4,5194,Yes,,text
4,5193,USB-C,,text
4,5195,Yes,,text
4,5177,UltraPlush,,text
4,5196,7.125 in,7.125,in
4,5197,3.1 in,3.1,in
4,5198,17.8 in,17.8,in
4,5199,0.57 lb,0.57,lb
4,5200,1 year,1.0,text
4,5201,1 year,1.0,text
4,5202,194253715092,,text
1,5203,Custom Acoustic Platform,,text
1,5204,40 hours,40.0,hr
1,5205,32 ohms,32.0,ohm
1,5206,Active Noise Cancelling,,text
1,5207,9.17 oz / 260 g,0.5731,lb
1,5208,7 in / 17.8 cm,,text
1,5209,3.1 in / 7.8 cm,,text
1,5210,7.125 in / 18.1 cm,,text
1,5211,10 minutes for 4 hours playback,,text
1,5212,"July 19, 2023",,text
1,5213,6 microphones,,text
1,5214,Class 1 Bluetooth,,text
1,5215,USB-C,,text
1,5216,3.5mm audio cable,,text
1,5216,Yes,,text
1,5217,Yes,,text
1,5218,Manufacturer’s warranty can be requested from customer service.,,text
9,5188,Dynamic,,text
9,5178,40 hours,40.0,hr
9,5168,Yes,,text
9,5176,Dual Ear with Headband,,text
9,5175,Yes,,text
9,5176,Over-Ear (Circumaural),,text
9,5168,Yes,,text
9,5219,"Touch, Gyroscope",,text
9,5174,Built-In Mic,,text
9,5194,10 Minutes for 4 Hours,,text
9,5220,Lithium-Ion,,text
9,5193,USB-C,,text
9,5221,7.12 x 7 x 3.1 inches,,in
9,5199,9.1 oz,0.5687,lb
9,5222,5.3,5.3,version
9,5170,"1x 1/8"" / 3.5 mm TRS, 1x USB-C",,text
9,5223,"1/8"" / 3.5 mm, USB-C (Shared with Charging Port)",,text
9,5180,Yes: Android Only,,text
9,5173,No,,text
9,5224,1.35 lb,1.35,lb
9,5221,9.65 x 6.45 x 3.95 inches,,in
9,5202,194253715092,,text
7,5188,40mm,40.0,mm
7,5178,40 hours,40.0,hr
7,5168,Active Noise Cancellation,,text
7,5225,593905,,text
7,5182,7532100,,text
7,5202,194253715092,,text
7,5184,Black,,text
7,5191,Over Ear,,text
7,5180,Bluetooth; 3.5mm,,text
7,5200,1 Year Limited,,text
7,5201,1 Year Limited,,text
7,5226,"Headphones, Carrying Case, Charging Cable, 3.5mm Cable",,text
4,5227,true,1.0,boolean
4,5228,Wireless,,text
4,5229,Bluetooth,,text
4,5230,true,,text
4,5231,true,,text
4,5232,true,1.0,boolean
4,5233,carrying_case,,text
4,5232,Noise cancelling,,text
4,5234,In-Ear,,text
4,5235,45 hours,45.0,hr
4,5236,"Extra small, Small, Medium, Large, Extra large",,text
4,5237,Beats,,text
4,5238,MX723LL/A,,text
4,5239,Powerbeats Pro 2 True Wireless Active Noise Canceling  Earbuds,,text
4,5240,Jet Black,,text
4,5241,true,1.0,boolean
4,5242,"Volume, Call, Track selection",,text
4,5243,Heart rate,,text
4,5244,Sports and Exercise,,text
4,5245,true,1.0,boolean
4,5246,Case,,text
4,5247,Yes,,text
4,5246,Wireless,,text
4,5248,3 in,3.0,in
4,5249,1.3 in,1.3,in
4,5250,3.97 in,3.97,in
4,5251,0.17 lb,0.17,lb
4,5252,1 year,,text
4,5253,1 year,,text
4,5254,195949590849,,text
4,5255,Dolby Atmos,,text
4,5256,Wireless,,text
4,5257,Bluetooth,,text
4,5255,false,,text
4,5258,false,,text
4,5259,true,1.0,boolean
4,5260,carrying_case,,text
4,5261,On-Ear,,text
4,5262,50 hours,50.0,hr
4,5263,Apple Home,,text
4,5264,Beats,,text
4,5265,MUW33LL/A,,text
4,5266,Solo 4 Wireless On-Ear Headphones,,text
4,5267,Cloud Pink,,text
4,5268,Beats Solo 4,,text
4,5269,true,1.0,boolean
4,5270,true,1.0,boolean
4,5271,5.3,5.3,version
4,5272,1,1.0,text
4,5258,false,,text
4,5273,"Volume, Call, Track selection",,text
4,5255,false,,text
4,5262,50 hours,50.0,hr
4,5274,General use,,text
4,5260,foldable_design,,text
4,5275,true,1.0,boolean
4,5276,Cable,,text
4,5277,Yes,,text
4,5276,USB-C,,text
4,5278,Yes,,text
4,5279,UltraPlush,,text
4,5280,2.7 in,2.7,in
4,5281,6.2 in,6.2,in
4,5282,6.9 in,6.9,in
4,5283,0.47 lb,0.47,lb
4,5284,1 year,1.0,text
4,5285,1 year,1.0,text
4,5286,195949121814,,text
1,5203,Dynamic,,text
1,5287,20 Hz - 20 kHz,,text
1,5204,45 hours,45.0,hr
1,5205,37 ohms,37.0,ohm
1,5206,Active Noise Cancelling (ANC),,text
1,5288,"In-Ear, True Wireless",,text
1,5289,69 g,69.0,g
1,5290,8.7 g,8.7,g
1,5207,77.7 g,0.1713,lb
1,5291,7.5 x 6.6 x 3.4 cm,,text
1,5292,4.5 x 4.1 x 2.4 cm,,text
1,5293,Class 1 Wireless Bluetooth®,,text
1,5294,IPX4,,text
1,5215,Wireless Qi charging,,text
1,5295,Apple H2 chip,,text
1,5296,Yes,,text
1,5297,"5 sizes (XS, S, M, L, XL)",,text
1,5298,5-minute charge provides up to 1.5 hours of playback,,text
1,5212,"February 11, 2025",,text
1,5299,MX723LL/A,,text
9,5300,Dynamic,,text
9,5235,10 hours,10.0,hr
9,5227,Yes,,text
9,5234,Dual Ear True Wireless with Ear Clip/Hook,,text
9,5234,Earbud (Intra-Concha),,text
9,5242,Yes (on Earpiece),,text
9,5243,"Heart Rate, Location/Find, Touch",,text
9,5232,3,,text
9,5235,10 hours,10.0,hr
9,5247,5 Minutes for 1.5 Hours,,text
9,5301,Lithium-Ion,,text
9,5235,35 hours,35.0,hr
9,5246,USB-C,,text
9,5302,Yes,,text
9,5231,Water-Resistant (IPX4),,text
9,5303,1.8 x 1.6 x 0.9 inches,,in
9,5304,3 x 2.6 x 1.3 inches,,in
9,5305,0.3 oz,8.5,g
9,5306,2.4 oz,68.04,g
9,5254,195949590849,,text
7,5300,Dynamic,,text
7,5307,20 Hz - 20 kHz,,text
7,5235,45 hours,45.0,hr
7,5308,32 ohms,32.0,ohm
7,5227,Active Noise Cancellation,,text
7,5228,Bluetooth,,text
7,5240,Black,,text
7,5244,Ear-Loop,,text
7,5244,Water-Resistant,,text
7,5246,USB Type-C,,text
7,5231,IPX4,,text
7,5231,IPX4 - Water splashing against the enclosure from any direction shall have no harmful effect.,,text
7,5309,808105,,text
7,5238,14479979,,text
7,5254,195949590849,,text
1,5203,Custom 40mm transducers,40.0,mm
1,5204,50 hours,50.0,hr
1,5206,No Active Noise Cancelling,,text
1,5207,7.65 oz,0.4781,lb
1,5292,6.9 x 6.2 x 2.7 in,,in
1,5293,"Class 1 Wireless Bluetooth®, USB-C audio, 3.5 mm analog input",,text
1,5211,2 hours,120.0,min
1,5298,10-minute charge provides up to 5 hours of playback,,text
1,5212,4/30/2024,,text
1,5216,Yes,,text
1,5213,Two digital beam-forming microphones,,text
1,5297,UltraPlush ear cushions,,text
1,5288,On-Ear,,text
1,5310,Cloud Pink,,text
1,5311,Apple & Android,,text
9,5312,Dynamic,,text
9,5262,50 hours,50.0,hr
9,5270,No,,text
9,5261,Dual Ear with Headband,,text
9,5260,Yes,,text
9,5313,Yes,,text
9,5261,On-Ear (Supra-Aural),,text
9,5273,Yes (on Both Earpieces),,text
9,5314,"Accelerometer/Motion, Gyroscope, Touch",,text
9,5259,Built-In Mic,,text
9,5259,Multiple with Beamforming,,text
9,5257,"Wireless, Bluetooth 5.3, NFC",,text
9,5272,Yes,,text
9,5256,"1x 1/8"" / 3.5 mm TRS, 1x USB-C",,text
9,5315,"1/8"" / 3.5 mm, USB-C (Shared with Charging Port)",,text
9,5277,10 Minutes for 5 Hours,,text
9,5283,7.6 oz / 216 g,0.475,lb
9,5316,"6.9 x 6.2 x 2.7"" / 17.5 x 15.7 x 6.9 cm",,in
9,5267,Cloud Pink,,text
9,5258,No,,text
9,5286,195949121814,,text
7,5312,40mm,40.0,mm
7,5262,50 hours,50.0,hr
7,5317,699306,,text
7,5265,9480425,,text
7,5286,195949121814,,text
7,5256,"Bluetooth, 1/8 in. (3.5 mm)",,text
7,5267,Pink,,text
7,5274,On Ear,,text
7,5276,USB Type-C,,text
7,5284,1 Year Limited,,text
7,5285,1 Year Limited,,text
7,5318,"Headphones, Carrying Case, USB-C Cable, 3.5mm Audio Cable",,text
4,5319,true,1.0,boolean
4,5320,Dolby Atmos,,text
4,5321,Wireless,,text
4,5322,Bluetooth,,text
4,5320,true,1.0,text
4,5323,true,,text
4,5324,true,1.0,boolean
4,5325,carrying_case,,text
4,5324,Noise cancelling,,text
4,5326,In-Ear,,text
4,5327,27 hours,27.0,hr
4,5328,1 hours,60.0,min
4,5329,"Google Home, Apple Home",,text
4,5330,Siri,,text
4,5331,"Extra small, Small, Medium, Large",,text
4,5332,Beats,,text
4,5333,MQLK3LL/A,,text
4,5334,Studio Buds + True Wireless Noise Cancelling Earbuds,,text
4,5335,Transparent,,text
4,5331,false,,text
4,5336,true,1.0,boolean
4,5319,true,1.0,boolean
4,5337,false,,text
4,5337,2,,text
4,5323,false,,text
4,5338,"Track selection, Voice assistant, Volume, Call",,text
4,5339,Not Applicable,,text
4,5320,false,,text
4,5340,false,0.0,boolean
4,5327,9 hours,9.0,hr
4,5341,Sports and Exercise,,text
4,5342,true,1.0,boolean
4,5343,Case,,text
4,5344,Yes,,text
4,5343,USB-C,,text
4,5345,Yes,,text
4,5346,0.6 in,0.6,in
4,5347,0.7 in,0.7,in
4,5348,0.8 in,0.8,in
4,5349,0.4 lb,0.4,lb
4,5350,1 year,1.0,text
4,5351,1 year,1.0,text
4,5352,194253563846,,text
1,5204,36 hours,36.0,hr
1,5205,16 ohms,16.0,ohm
1,5353,In Ear,,text
1,5288,"In Ear, True Wireless",,text
1,5207,3.53 ounces,0.2206,lb
1,5292,2.83 x 2.01 x 1 inches,,in
1,5211,36 hours,2160.0,min
1,5294,IPX4,,text
1,5293,Bluetooth Class 1,,text
1,5213,3,,text
1,5354,"Beats Studio Buds +, pocket-sized charging case, eartips with four size options, USB-C to USB-C charging cable, Quick Start Guide, Warranty card",,text
7,5355,two-layer transducer,,text
7,5327,36 hours,36.0,hr
7,5319,Active Noise Cancellation,,text
7,5356,572792,,text
7,5333,MQLK3LL/A,,text
7,5352,194253563846,,text
7,5335,Clear,,text
7,5341,In Ear,,text
7,5341,Water-Resistant,,text
7,5329,Bluetooth,,text
7,5323,IPX4,,text
7,5323,IPX4 - Water splashing against the enclosure from any direction shall have no harmful effect.,,text
7,5350,1 Year Limited,,text
7,5351,1 Year Limited,,text
4,5357,true,1.0,boolean
4,5358,"Wireless, Wired",,text
4,5359,Bluetooth,,text
4,5360,false,,text
4,5361,32.81 feet,10.0,m
4,5362,true,1.0,boolean
4,5363,carrying_case,,text
4,5364,Over-the-Ear,,text
4,5365,true,,text
4,5366,30 hours,30.0,hr
4,5367,3 hours,180.0,min
4,5368,Sony,,text
4,5369,WH1000XM6/B,,text
4,5370,WH-1000XM6- Best Wireless Noise Cancelling Headphones,,text
4,5371,Black,,text
4,5372,true,1.0,boolean
4,5373,5.3,5.3,version
4,5358,1/8 in. (3.5mm),,text
4,5374,General use,,text
4,5363,foldable_design,,text
4,5375,true,1.0,boolean
4,5376,Cable,,text
4,5376,USB-C,,text
4,5377,10.11 in,10.11,in
4,5378,3.08 in,3.08,in
4,5379,7.87 in,7.87,in
4,5380,0.56 lb,0.56,lb
4,5381,1 year,,text
4,5382,1 year,,text
4,5383,027242930698,,text
1,5384,Dynamic Driver,,text
1,5385,20 Hz - 20 kHz,,text
1,5366,30 hours,30.0,hr
1,5386,48 ohms,48.0,ohm
1,5357,Active Noise Cancellation,,text
1,5384,30 Millimeters,30.0,mm
1,5373,5.3,5.3,version
1,5361,10 Meters,10.0,m
1,5387,103 dB,103.0,db
1,5367,3.5 Hours,3.5,text
1,5380,8.96 Ounces,0.56,lb
1,5388,"Carbon Fiber, Faux Leather",,text
1,5364,Over Ear,,text
1,5389,Detachable,,text
1,5359,Wireless,,text
1,5363,Over Ear,,text
1,5369,WH1000XM6B.UC,,text
1,5383,027242930698,,text
9,5384,Dynamic,,text
9,5385,"20 Hz to 40 kHz (Wireless), 4 Hz to 40 kHz (Wired)",,text
9,5366,30 hours,30.0,hr
9,5386,"48 Ohms (Active), 16 Ohms (Passive)",,text
9,5357,Yes,,text
9,5384,"1.2"" / 30 mm",30.0,mm
9,5387,103 dB,103.0,db
9,5384,1 per Earpiece,,text
9,5362,6 with Beamforming,,text
9,5390,3 Minutes for 1 Hour,,text
9,5367,3.5 Hours,3.5,text
9,5391,Lithium-Ion,,text
9,5380,9 oz / 254 g,0.5625,lb
9,5371,Black,,text
9,5363,Yes,,text
9,5364,Over-Ear (Circumaural),,text
9,5373,5.3,5.3,version
9,5361,32.8' / 10 m (Bluetooth),10.0,m
9,5360,"AAC, LC3, LDAC, SBC",,text
9,5392,2,,text
9,5376,USB-C,,text
9,5393,1.49 lb,1.49,lb
9,5394,"10.05 x 7.85 x 3.1""",,text
9,5383,027242930698,,text
7,5384,30 mm,30.0,text
7,5385,4 Hz - 40 kHz,,text
7,5366,30 hours,30.0,hr
7,5386,48 ohms,48.0,ohm
7,5357,Active Noise Cancellation,,text
7,5376,USB,,text
7,5373,5.3,5.3,version
7,5361,Approx. 10 m,10.0,m
7,5385,2.4 GHz band (2.400 0 GHz - 2.483 5 GHz),,text
7,5360,"SBC, AAC, LDAC, LC3",,text
7,5380,Approx. 254 g,0.56,lb
7,5379,1.2 in,1.2,in
7,5371,Black,,text
7,5374,Over Ear,,text
7,5384,Neodymium,,text
7,5387,103 dB,103.0,db
7,5358,Gold-plated L-shaped stereo mini plug,,text
7,5392,Yes,,text
7,5395,Yes,,text
7,5357,Adaptive NC Optimizer,,text
7,5376,USB Type-C,,text
4,5206,true,1.0,boolean
4,5216,Wireless,,text
4,5293,Bluetooth,,text
4,5217,true,,text
4,5213,true,1.0,boolean
4,5288,carrying_case,,text
4,5353,In-Ear,,text
4,5396,Sony,,text
4,5299,WF1000XM6/S,,text
4,5397,"WF-1000XM6 Best
Truly Wireless Noise Cancelling Earbuds",,text
4,5310,Platinum Silver,,text
4,5398,true,1.0,boolean
4,5399,General use,,text
4,5210,1.6 in,1.6,in
4,5209,1 in,1.0,in
4,5208,2.4 in,2.4,in
4,5207,0.104 lb,0.104,lb
4,5400,1 year,,text
4,5401,1 year,,text
4,5402,027242933477,,text
1,5203,Dynamic Driver,,text
1,5287,"20 Hz - 20,000 Hz",,text
1,5204,8 hours,8.0,hr
1,5205,48 ohms,48.0,ohm
1,5206,Active Noise Cancellation,,text
1,5203,8.4 Millimeters,8.4,mm
1,5214,5.3,5.3,version
1,5403,10 Meters,10.0,m
1,5211,1.5 Hours,1.5,text
1,5207,0.46 Ounces,0.0288,lb
1,5291,61.6 x 41.1 x 26.5 Millimeters,,text
1,5289,1.7 oz / 47 g,47.0,g
1,5404,Plastic,,text
1,5294,Water Resistant,,text
1,5293,Wireless,,text
1,5405,"Business, Entertainment, Travel",,text
1,5405,"Lightweight, Microphone Included, Multipoint Pairing, Noise Cancellation, Sweatproof, Touch Control, Volume Control",,text
1,5299,WF1000XM6S.UC,,text
1,5402,027242933477,,text
3,5204,"Optional, Installed",,text
3,5297,Silicone,,text
3,5293,True Wireless,,text
3,5406,1,1.0,count
3,5207,1 lb,1.0,lb
3,5206,Noise Canceling,,text
3,5294,Sweat-Resistant,,text
3,5218,"1 Year Limited Warranty. To obtain a copy of the manufacturer's or supplier's warranty for this item prior to purchasing the item, please call Target Guest Services at 1-800-591-3869",,text
3,5293,Bluetooth,,text
3,5216,Micro USB,,text
3,5213,Built-In Microphone,,text
3,5402,027242933477,,text
3,5397,Sony WF-1000XM6 True Wireless Bluetooth Noise Cancelling Earbuds - Platinum Silver,,text
3,5396,Sony,,text
3,5407,299.99,299.99,text
7,5203,0.33 inch,0.33,in
7,5287,20 Hz - 40 kHz,,text
7,5204,8 hours,8.0,hr
7,5206,Active Noise Cancellation,,text
7,5207,Approx. 0.23 oz x2 (including earbud tips (M)),0.0144,lb
7,5294,Yes (IPX4),,text
7,5214,Bluetooth Specification Version 5.3,,text
7,5403,32.80 ft,10.0,m
7,5211,1.5 Hours,1.5,text
7,5215,USB charger | Wireless charger (with case),,text
7,5289,Approx. 1.66 oz,47.06,g
7,5291,Approx. 2.43 x 1.62 x 1.04 inches,,in
7,5408,Yes,,text
7,5217,Yes,,text
7,5408,Yes,,text
7,5217,"SBC, AAC, LDAC, LC3",,text
7,5294,IPX4,,text
7,5402,027242933477,,text
7,5299,WF1000XM6/S,,text
9,5203,Dynamic,,text
9,5287,20 Hz to 40 kHz,,text
9,5204,12 hours,12.0,hr
9,5206,Yes,,text
9,5353,Dual Ear True Wireless Earbud,,text
9,5353,Earbud (Intra-Concha),,text
9,5409,Yes (on Both Earpieces),,text
9,5296,"Proximity, Touch",,text
9,5206,Yes,,text
9,5403,32.8' / 10 m,10.0,m
9,5217,"AAC, LC3, LDAC, SBC",,text
9,5410,"A2DP, AVRCP, HFP, HSP, TMAP",,text
9,5408,Yes,,text
9,5408,2,,text
9,5411,Lithium-Ion,,text
9,5215,USB-C,,text
9,5412,Yes,,text
9,5294,Water-Resistant (IPX4),,text
9,5291,"2.4 x 1.6 x 1"" / 6.2 x 4.1 x 2.6 cm",,text
9,5289,1.7 oz / 47 g,47.0,g
9,5290,0.2 oz / 6.5 g (Each),6.5,g
9,5298,5 Minutes for 1 Hour,,text
9,5203,1 per Earpiece,,text
4,5413,true,1.0,boolean
4,5414,Wireless,,text
4,5415,Bluetooth,,text
4,5416,false,,text
4,5417,32.81 feet,10.0,m
4,5418,false,,text
4,5419,true,1.0,boolean
4,5420,carrying_case,,text
4,5419,Noise cancelling,,text
4,5421,Over-the-Ear,,text
4,5422,true,,text
4,5423,30 hours,30.0,hr
4,5424,3 hours,180.0,min
4,5425,"Google Home, Amazon Alexa, Apple Home",,text
4,5426,"Google Assistant, Amazon Alexa",,text
4,5427,Sony,,text
4,5428,WH1000XM5/P,,text
4,5429,WH-1000XM5 Wireless Noise Cancelling Over-the-Ear Headphones,,text
4,5430,Smoky Pink,,text
4,5431,true,1.0,boolean
4,5413,true,1.0,boolean
4,5432,false,0.0,boolean
4,5433,false,,text
4,5434,5.2,5.2,version
4,5433,2,,text
4,5418,false,,text
4,5435,"Volume, Track selection, Mute, Call",,text
4,5436,Not Applicable,,text
4,5437,None,,text
4,5416,false,,text
4,5438,General use,,text
4,5420,foldable_design,,text
4,5439,true,1.0,boolean
4,5440,Cable,,text
4,5440,USB,,text
4,5441,Yes,,text
4,5442,10.36 in,10.36,in
4,5443,8.85 in,8.85,in
4,5444,3.03 in,3.03,in
4,5445,0.551 lb,0.551,lb
4,5446,1 year,,text
4,5447,1 year,,text
4,5448,027242931510,,text
1,5449,Dynamic Driver,,text
1,5450,"20 Hz - 20,000 Hz",,text
1,5423,30 hours,30.0,hr
1,5451,48 ohms,48.0,ohm
1,5413,Active Noise Cancellation,,text
1,5428,WH-1000XM5/P,,text
1,5434,5.2,5.2,version
1,5417,100 Meters,100.0,m
1,5452,102 dB,102.0,db
1,5449,30 Millimeters,30.0,mm
1,5445,8.82 Ounces,0.5513,lb
1,5453,2 Ounces,56.7,g
1,5424,3 minutes,3.0,text
1,5454,"Carbon Fiber, Leather",,text
1,5421,Over Ear,,text
1,5444,1.2 m (47.25 in.),,text
1,5444,20 cm (7.88 in.),,text
1,5430,Smoky Pink,,text
1,5420,Over Ear,,text
1,5433,Yes,,text
1,5435,Yes,,text
1,5433,Yes,,text
1,5413,Yes,,text
1,5420,Yes,,text
1,5448,027242931510,,text
4,5455,Wireless,,text
4,5456,Bluetooth,,text
4,5457,true,,text
4,5458,Clip on,,text
4,5459,Sony,,text
4,5460,WFLC900/G,,text
4,5461,LinkBuds Clip Truly Wireless Open Earbuds,,text
4,5462,Green,,text
4,5463,false,0.0,boolean
4,5464,Sports and Exercise,,text
4,5465,1.3 in,1.3,in
4,5466,2 in,2.0,in
4,5467,2 in,2.0,in
4,5468,0.12 lb,0.12,lb
4,5469,1 year,,text
4,5470,1 year,,text
4,5471,027242934184,,text
4,5472,true,1.0,boolean
4,5473,Wireless,,text
4,5474,Bluetooth,,text
4,5475,false,0.0,text
4,5476,32.81 feet,10.0,m
4,5477,false,,text
4,5478,true,1.0,boolean
4,5479,carrying_case,,text
4,5478,Noise cancelling,,text
4,5480,Over-the-Ear,,text
4,5481,true,,text
4,5482,30 hours,30.0,hr
4,5483,3 hours,180.0,min
4,5484,"Google Home, Amazon Alexa, Apple Home",,text
4,5485,"Google Assistant, Amazon Alexa",,text
4,5486,Sony,,text
4,5487,WH1000XM5/B,,text
4,5488,WH-1000XM5 Wireless Noise Cancelling Over-the-Ear Headphones,,text
4,5489,Black,,text
4,5490,true,1.0,boolean
4,5472,true,1.0,boolean
4,5491,false,0.0,boolean
4,5492,false,,text
4,5493,5.2,5.2,version
4,5492,2,,text
4,5477,false,,text
4,5494,"Volume, Track selection, Mute, Call",,text
4,5495,Not Applicable,,text
4,5496,None,,text
4,5475,false,0.0,text
4,5497,General use,,text
4,5479,foldable_design,,text
4,5498,true,1.0,boolean
4,5499,Cable,,text
4,5499,USB,,text
4,5500,Yes,,text
4,5501,10.36 in,10.36,in
4,5502,8.85 in,8.85,in
4,5503,8.65 in,8.65,in
4,5504,0.551 lb,0.551,lb
4,5505,1 year,,text
4,5506,1 year,,text
4,5507,027242923232,,text
1,5508,Dynamic,,text
1,5509,20 Hz - 20 kHz,,text
1,5510,37 hours,37.0,hr
1,5511,16 ohms,16.0,ohm
1,5512,None,,text
1,5468,55 grams,0.1213,lb
1,5513,5,5.0,version
1,5514,IPX4,,text
1,5515,3 min,3.0,min
1,5458,Open Ear,,text
1,5516,Clip-On,,text
1,5517,"Standard, Voice Boost, Sound Leakage Reduction",,text
1,5517,Yes,,text
1,5517,Yes,,text
1,5460,WFLC900G.UC,,text
1,5471,027242934184,,text
1,5518,Dynamic Driver,,text
1,5519,"20 Hz to 40 kHz (Wireless), 4 Hz to 40 kHz (Wired)",,text
1,5482,30 hours,30.0,hr
1,5520,48 ohms,48.0,ohm
1,5472,Active Noise Cancellation,,text
1,5504,250 Grams,0.5512,lb
1,5493,5.2,5.2,version
1,5483,3 minutes,3.0,text
1,5521,Fabric,,text
1,5489,Black,,text
1,5497,"Contemporary, Minimalist, High-Fidelity",,text
1,5522,Black,,text
1,5474,Wireless,,text
1,5523,"Calling, Music, commuting",,text
1,5524,false,0.0,text
1,5497,Over Ear,,text
1,5479,Over Ear,,text
1,5487,WH1000XM5B,,text
1,5507,027242923232,,text
9,5518,Dynamic,,text
9,5519,"20 Hz to 40 kHz (Wireless), 4 Hz to 40 kHz (Wired)",,text
9,5482,30 hours,30.0,hr
9,5520,"48 Ohms (Active), 16 Ohms (Passive)",,text
9,5472,Yes,,text
9,5518,"1.2"" / 30 mm",30.0,mm
9,5518,1 per Earpiece,,text
9,5504,8.8 oz / 249 g,0.55,lb
9,5483,3.5 Hours,3.5,text
9,5525,3 Minutes for 3 Hours,,text
9,5493,Bluetooth 5.2,,text
9,5476,32.8' / 10 m,10.0,m
9,5475,"AAC, LDAC, SBC",,text
9,5492,Yes,,text
9,5492,2,,text
9,5473,"1x 1/8"" / 3.5 mm Right-Angled",,text
9,5503,3.94' / 1.2 m,,text
9,5480,Over-Ear (Circumaural),,text
9,5490,Closed-Back,,text
9,5494,Yes (on Earpiece),,text
9,5495,Touch,,text
9,5472,Yes,,text
9,5478,4 with Beamforming,,text
9,5489,Black,,text
9,5477,No,,text
9,5526,1.6 lb,1.6,lb
9,5527,"9.7 x 8.9 x 2.8""",,in
9,5507,027242923232,,text
7,5528,30mm,30.0,mm
7,5529,"4 Hz–40,000 Hz",,text
7,5530,30 hours,30.0,hr
7,5531,48 ohms,48.0,ohm
7,5532,Active Noise Cancellation,,text
7,5533,Approx. 8.82 oz,0.5513,lb
7,5534,3.94 in,3.94,in
7,5535,Bluetooth Specification Version 5.2,,text
7,5536,32.81 ft,10.0,m
7,5537,Approx. 3.5 hrs,3.5,text
7,5538,Yes,,text
7,5539,Yes,,text
7,5528,Neodymium,,text
7,5538,Touch Sensor,,text
7,5540,Stereo Mini Jack,,text
7,5541,Over Ear,,text
7,5542,Yes,,text
7,5543,Yes,,text
7,5544,USB,,text
7,5542,"SBC, AAC, LDAC",,text
7,5545,SCMS-T,,text
7,5532,Auto NC Optimizer,,text
7,5546,Yes,,text
4,5547,true,1.0,boolean
4,5548,Wireless,,text
4,5549,Bluetooth,,text
4,5550,true,1.0,text
4,5551,true,1.0,boolean
4,5552,carrying_case,,text
4,5553,In-Ear,,text
4,5554,Sony,,text
4,5555,WF1000XM6/B,,text
4,5556,"WF-1000XM6 Best
Truly Wireless Noise Cancelling Earbuds",,text
4,5557,Black,,text
4,5558,true,1.0,boolean
4,5559,General use,,text
4,5560,1.6 in,1.6,in
4,5561,1 in,1.0,in
4,5562,2.4 in,2.4,in
4,5563,0.104 lb,0.104,lb
4,5564,1 year,,text
4,5565,1 year,,text
4,5566,027242933460,,text
1,5567,Dynamic Driver,,text
1,5568,"20 Hz - 20,000 Hz",,text
1,5569,8 hours,8.0,hr
1,5570,48 ohms,48.0,ohm
1,5547,Active Noise Cancellation,,text
1,5567,8.4 Millimeters,8.4,mm
1,5571,5.3,5.3,version
1,5572,10 Meters,10.0,m
1,5573,1.5 Hours,1.5,text
1,5563,0.46 Ounces,0.0288,lb
1,5574,61.6 x 41.1 x 26.5 Millimeters,,text
1,5575,1.7 oz / 47 g,47.0,g
1,5576,Water Resistant,,text
1,5577,Plastic,,text
1,5578,"Business, Entertainment, Travel",,text
1,5579,"Touch Control, Voice",,text
1,5578,"Lightweight, Microphone Included, Multipoint Pairing, Noise Cancellation, Sweatproof, Touch Control, Volume Control",,text
1,5555,WF1000XM6B.UC,,text
1,5566,027242933460,,text
3,5580,Silicone,,text
3,5549,True Wireless,,text
3,5581,1,1.0,count
3,5569,"Required, Installed",,text
3,5547,Noise Canceling,,text
3,5576,Sweat-Resistant,,text
3,5582,"1 Year Limited Warranty. To obtain a copy of the manufacturer's or supplier's warranty for this item prior to purchasing the item, please call Target Guest Services at 1-800-591-3869",,text
3,5549,Bluetooth,,text
3,5563,.37 Ounces,0.0231,lb
3,5548,Micro USB,,text
3,5551,Built-In Microphone,,text
3,5566,027242933460,,text
3,5556,Sony WF-1000XM6 True Wireless Bluetooth Noise Cancelling Earbuds - Black,,text
3,5554,Sony,,text
3,5583,299.99,299.99,text
9,5567,Dynamic,,text
9,5568,20 Hz to 40 kHz,,text
9,5569,12 hours,12.0,hr
9,5547,Yes,,text
9,5553,Dual Ear True Wireless Earbud,,text
9,5553,Earbud (Intra-Concha),,text
9,5579,Yes (on Both Earpieces),,text
9,5584,"Proximity, Touch",,text
9,5551,Built-In Mic,,text
9,5572,32.8' / 10 m,10.0,m
9,5571,Bluetooth 5.3,,text
9,5550,"AAC, LC3, LDAC, SBC",,text
9,5585,Lithium-Ion,,text
9,5569,12 hours,12.0,hr
9,5586,USB-C,,text
9,5587,Yes,,text
9,5576,Water-Resistant (IPX4),,text
9,5574,"2.4 x 1.6 x 1"" / 6.2 x 4.1 x 2.6 cm",,text
9,5575,1.7 oz / 47 g,47.0,g
9,5588,0.2 oz / 6.5 g (Each),6.5,g
9,5566,027242933460,,text
7,5567,True Wireless,,text
7,5568,20 Hz - 40 kHz,,text
7,5569,8 hours,8.0,hr
7,5547,Active Noise Cancellation,,text
7,5563,Approx. 0.23 oz x2 (including earbud tips (M)),0.0144,lb
7,5576,IPX4,,text
7,5571,Bluetooth Specification Version 5.3,,text
7,5573,1.5 Hours,1.5,text
7,5586,"USB charger, Wireless charger (with case)",,text
7,5572,32.80 ft,10.0,m
7,5589,Yes,,text
7,5550,Yes,,text
7,5590,Yes,,text
7,5575,Approx. 1.66 oz,47.06,g
7,5574,Approx. 2.43 x 1.62 x 1.04 inches,,in
7,5550,"SBC, AAC, LDAC, LC3",,text
7,5591,SCMS-T,,text
7,5557,Black,,text
7,5559,In Ear,,text
7,5559,Water-Resistant,,text
7,5548,Bluetooth,,text
7,5576,IPX4 - Water splashing against the enclosure from any direction shall have no harmful effect.,,text
4,5592,true,1.0,boolean
4,5593,Stereo,,text
4,5594,Wireless,,text
4,5595,Bluetooth,,text
4,5593,false,0.0,text
4,5596,32 feet,9.75,m
4,5597,false,,text
4,5598,true,1.0,boolean
4,5599,carrying_case,,text
4,5598,Noise cancelling,,text
4,5600,"On-Ear, Over-the-Ear",,text
4,5601,true,,text
4,5602,30 hours,30.0,hr
4,5603,3.5 hours,210.0,min
4,5604,"Google Home, Apple Home, Amazon Alexa",,text
4,5605,"Google Assistant, Amazon Alexa",,text
4,5606,Sony,,text
4,5607,WHULT900N/B,,text
4,5608,ULT WEAR Wireless Noise Cancelling Headphones,,text
4,5609,Black,,text
4,5610,true,1.0,boolean
4,5592,true,1.0,boolean
4,5611,20 kilohertz,20.0,text
4,5612,true,,text
4,5613,5.2,5.2,version
4,5597,false,,text
4,5614,Not Applicable,,text
4,5593,false,0.0,text
4,5615,None,,text
4,5602,30 hours,30.0,hr
4,5616,General use,,text
4,5599,foldable_design,,text
4,5617,true,1.0,boolean
4,5618,30 milliampere hours,30.0,mah
4,5619,Cable,,text
4,5619,USB-C,,text
4,5620,10.3 in,10.3,in
4,5621,8.6 in,8.6,in
4,5622,8 in,8.0,in
4,5623,0.56 lb,0.56,lb
4,5624,1 year,1.0,text
4,5625,1 year,1.0,text
4,5626,027242928688,,text
9,5627,Dynamic,,text
9,5611,5 Hz to 20 kHz,,text
9,5602,30 hours,30.0,hr
9,5628,314 ohms,314.0,ohm
9,5592,Yes,,text
9,5600,Dual Ear with Headband,,text
9,5600,Over-Ear (Circumaural),,text
9,5610,Closed-Back,,text
9,5593,Stereo,,text
9,5629,"110 dB/mW (Active), 100 dB/mW (Passive)",,db
9,5595,Bluetooth 5.2,,text
9,5596,32.8' / 10 m,10.0,m
9,5593,"AAC, LDAC, SBC",,text
9,5630,"A2DP, AVRCP, HFP, HSP",,text
9,5612,Yes,,text
9,5612,2,,text
9,5594,"1x 1/8"" / 3.5 mm TRS",,text
9,5623,9 oz / 255 g,0.5625,lb
9,5631,10 Minutes for 5 Hours,,text
9,5609,Black,,text
9,5632,1.51 lb,1.51,lb
9,5633,"9.5 x 8.2 x 2.8""",,in
9,5626,027242928688,,text
7,5627,40mm (Dome Type),40.0,mm
7,5611,5 Hz - 20 kHz,,text
7,5602,30 hours,30.0,hr
7,5628,32 ohms,32.0,ohm
7,5592,Active Noise Cancellation,,text
7,5600,Closed Dynamic,,text
7,5627,Neodymium,,text
7,5600,Circum Aural,,text
7,5629,110 dB/mW,110.0,db
7,5622,1.2 in,1.2,in
7,5634,Single-sided (detachable),,text
7,5594,Gold-plated L-shaped stereo mini plug,,text
7,5619,USB,,text
7,5613,Version 5.2,,text
7,5596,Approx. 10 m,10.0,m
7,5611,2.4 GHz band (2.400 0 GHz - 2.483 5 GHz),,text
7,5593,"SBC, AAC, LDAC",,text
7,5612,Yes,,text
7,5623,Approx. 255 g,0.5622,lb
7,5609,Black,,text
7,5616,Over Ear,,text
7,5619,USB Type-C,,text
4,5635,true,1.0,boolean
4,5636,Wireless,,text
4,5637,Bluetooth,,text
4,5638,true,1.0,text
4,5639,true,,text
4,5640,true,1.0,boolean
4,5641,carrying_case,,text
4,5640,Noise cancelling,,text
4,5642,In-Ear,,text
4,5643,36 hours,36.0,hr
4,5644,2 hours,120.0,min
4,5645,"Small, Medium, Large",,text
4,5646,JBL,,text
4,5647,JBLT245NCTWSBLKAM,,text
4,5648,Tune 245NC True Wireless Noise Cancelling Earbuds,,text
4,5649,Black,,text
4,5650,true,1.0,boolean
4,5635,true,1.0,boolean
4,5651,20 Hz,20.0,hz
4,5652,16 ohms,16.0,ohm
4,5653,97 decibels adjusted,97.0,db
4,5654,6 millimeters,6.0,mm
4,5655,5.3,5.3,version
4,5639,false,,text
4,5638,false,,text
4,5656,General use,,text
4,5657,true,1.0,boolean
4,5659,"Case, Cable",,text
4,5660,15m=4hrs,,text
4,5659,USB-C,,text
4,5661,1.5 in,1.5,in
4,5662,1 in,1.0,in
4,5663,1 in,1.0,in
4,5664,0.25 lb,0.25,lb
4,5665,1 year limited,,text
4,5666,1 year limited,,text
4,5667,050036411974,,text
4,5668,true,1.0,boolean
4,5669,Wireless,,text
4,5670,Bluetooth,,text
4,5671,true,1.0,text
4,5672,true,,text
4,5673,true,1.0,boolean
4,5674,carrying_case,,text
4,5675,In-Ear,,text
4,5676,40 hours,40.0,hr
4,5677,2 hours,120.0,min
4,5678,JBL,,text
4,5679,JBLVBEAM2BLKAM,,text
4,5680,Vibe Beam 2 Noise Cancelling Earbuds - 2025,,text
4,5681,Black,,text
4,5682,true,1.0,boolean
4,5668,true,1.0,boolean
4,5683,20 Hz,20.0,hz
4,5684,16 ohms,16.0,ohm
4,5685,100 decibels adjusted,100.0,db
4,5686,8 millimeters,8.0,mm
4,5687,5.3,5.3,version
4,5688,2,,text
4,5672,true,,text
4,5689,General use,,text
4,5690,true,1.0,boolean
4,5691,"Cable, Case",,text
4,5692,10min=3hrs,,text
4,5691,USB-C,,text
4,5693,0.92 in,0.92,in
4,5694,0.87 in,0.87,in
4,5695,1.27 in,1.27,in
4,5696,0.28 lb,0.28,lb
4,5697,1 year limited,,text
4,5698,1 year limited,,text
4,5699,050036405041,,text
4,5700,false,0.0,boolean
4,5701,Wireless,,text
4,5702,Bluetooth,,text
4,5703,false,,text
4,5704,false,,text
4,5705,true,1.0,boolean
4,5706,false,,text
4,5707,On-Ear,,text
4,5708,true,,text
4,5709,57 hours,57.0,hr
4,5710,2 hours,120.0,min
4,5711,"Apple Home, Google Home",,text
4,5712,JBL,,text
4,5713,JBLT520BTBLKAM,,text
4,5714,TUNE520BT wireless on-ear headphones - 2024,,text
4,5715,Black,,text
4,5716,false,0.0,boolean
4,5700,false,0.0,boolean
4,5717,20 kilohertz,20.0,text
4,5718,30 ohms,30.0,ohm
4,5719,102 decibels adjusted,102.0,db
4,5720,33 millimeters,33.0,mm
4,5721,5.3,5.3,version
4,5704,false,,text
4,5722,Volume,,text
4,5703,false,,text
4,5723,Studio,,text
4,5706,foldable_design,,text
4,5724,true,1.0,boolean
4,5726,Cable,,text
4,5727,5min=3hrs,,text
4,5726,USB-C,,text
4,5728,6.5 in,6.5,in
4,5729,5 in,5.0,in
4,5730,2.89 in,2.89,in
4,5731,6.5 lb,6.5,lb
4,5732,1 year Limited,,text
4,5733,1 year limited,,text
4,5734,050036394925,,text
21,5686,8mm dynamic drivers,8.0,mm
21,5683,20 Hz - 20 kHz,,text
21,5676,40 hours,40.0,hr
21,5684,16 ohms,16.0,ohm
21,5668,Yes,,text
21,5673,4,,text
21,5685,100 decibels adjusted,100.0,db
21,5696,49.6 g,0.1093,lb
21,5735,1.4 oz / 41 g,41.0,g
21,5736,0.2 oz / 4.3 g (Each),4.3,g
21,5687,5.3,5.3,version
21,5737,2.4 GHz – 2.4835 GHz,2.4,ghz
21,5677,2,2.0,text
21,5676,10 hours,10.0,hr
21,5676,8 hours,8.0,hr
21,5676,6 hours,6.0,hr
21,5672,IP54,,text
21,5688,Yes,,text
21,5688,Yes,,text
21,5738,Yes,,text
21,5671,Yes,,text
21,5677,3,3.0,text
7,5686,8mm,8.0,mm
7,5683,20 Hz - 20 kHz,,text
7,5676,40 hours,40.0,hr
7,5684,16 ohms,16.0,ohm
7,5668,Active Noise Cancellation,,text
7,5669,Bluetooth,,text
7,5681,Black,,text
7,5689,In Ear,,text
7,5689,Water-Resistant,,text
7,5691,USB Type-C,,text
7,5672,IP54,,text
7,5672,IP54 - Protected from limited Dust ingress. Water splashing against the enclosure from any direction shall have no harmful effect.,,text
7,5739,814491,,text
7,5679,JBLVBEAM2BLKAM,,text
7,5699,050036405041,,text
9,5686,Dynamic,,text
9,5683,20 Hz to 20 kHz,,text
9,5676,10 hours,10.0,hr
9,5684,16 ohms,16.0,ohm
9,5668,Yes,,text
9,5675,Dual Ear True Wireless Earbud,,text
9,5675,Earbud (Intra-Concha),,text
9,5685,100 decibels adjusted,100.0,db
9,5685,95 dB,95.0,db
9,5673,4,,text
9,5687,5.3,5.3,version
9,5740,50 mAh,50.0,mah
9,5741,550 mAh,550.0,mah
9,5691,USB-C,,text
9,5742,1.3 x 0.9 x 0.9 in / 3.2 x 2.3 x 2.2 cm (Each),,text
9,5743,2.5 x 1.9 x 1 in / 6.4 x 4.8 x 2.6 cm,,text
9,5736,0.2 oz / 4.3 g (Each),4.3,g
9,5735,1.4 oz / 41 g,41.0,g
9,5672,IP54,,text
9,5677,2,2.0,text
9,5692,10 Minutes for 3 Hours,,text
9,5744,Yes: Android & iOS,,text
9,5745,JBL Headphones,,text
9,5688,Yes,,text
9,5688,2,,text
9,5668,Yes,,text
1,5720,Dynamic Driver,,text
1,5717,20 Hz - 20 kHz,,text
1,5709,57 hours,57.0,hr
1,5718,30 ohms,30.0,ohm
1,5700,No,,text
1,5721,5.3,5.3,version
1,5710,2 Hours,2.0,text
1,5719,102 decibels adjusted,102.0,db
1,5731,5.5 Ounces,0.3438,lb
1,5707,On Ear,,text
1,5702,Wireless,,text
1,5746,10 Meters,10.0,m
1,5747,Plastic,,text
1,5706,On Ear,,text
1,5722,Voice Control,,text
1,5722,Touch,,text
1,5713,JBLT520BTBLKAM,,text
1,5734,050036394925,,text
7,5720,33mm,33.0,mm
7,5717,20 Hz - 20 kHz,,text
7,5709,57 hours,57.0,hr
7,5718,30 ohms,30.0,ohm
7,5700,No,,text
7,5701,Bluetooth,,text
7,5748,"Google Assistant, Apple Siri",,text
7,5715,Black,,text
7,5723,On Ear,,text
7,5726,USB Type-C,,text
7,5749,667717,,text
7,5713,JBLT520BTBLKAM,,text
7,5734,050036394925,,text
9,5720,Dynamic,,text
9,5717,20 Hz to 20 kHz,,text
9,5709,57 hours,57.0,hr
9,5718,30 ohms,30.0,ohm
9,5700,No,,text
9,5707,Dual Ear with Headband,,text
9,5706,Yes,,text
9,5750,Yes,,text
9,5707,On-Ear (Supra-Aural),,text
9,5716,Closed-Back,,text
9,5703,Stereo,,text
9,5720,1 per Earpiece,,text
9,5719,102 decibels adjusted,102.0,db
9,5719,95 dB,95.0,db
9,5722,Yes (on Right Earpiece),,text
9,5705,Built-In Mic,,text
9,5700,Yes,,text
9,5721,5.3,5.3,version
9,5751,"A2DP, AVRCP, HFP",,text
9,5752,Yes,,text
9,5752,2,,text
9,5753,Lithium-Ion,,text
9,5726,USB-C,,text
9,5727,5 Minutes for 3 Hours,,text
9,5710,2 Hours,2.0,text
9,5754,2.9 x 2.9 inches,,in
9,5755,0.805 lb,0.805,lb
9,5754,9.2 x 8 x 2 inches,,in
9,5734,050036394925,,text
4,5756,false,0.0,boolean
4,5757,Wireless,,text
4,5758,Bluetooth,,text
4,5759,true,1.0,text
4,5760,800 feet,243.84,m
4,5761,true,,text
4,5762,true,1.0,boolean
4,5763,carrying_case,,text
4,5764,"In-Ear, Clip on",,text
4,5765,40 hours,40.0,hr
4,5766,2 hours,120.0,min
4,5767,"Large, Medium, Small",,text
4,5768,JBL,,text
4,5769,JBLENDURPEAK3BLKAM,,text
4,5770,Endurance Peak 3 Dust and Waterproof True Wireless Active Earbuds - 2023,,text
4,5771,Black,,text
4,5772,false,0.0,boolean
4,5756,true,1.0,boolean
4,5773,20 Hz,20.0,hz
4,5774,16 ohms,16.0,ohm
4,5775,102 decibels adjusted,102.0,db
4,5776,10 millimeters,10.0,mm
4,5777,5.2,5.2,version
4,5761,true,,text
4,5759,false,,text
4,5765,5.5 hours,5.5,hr
4,5778,Sports and Exercise,,text
4,5779,true,1.0,boolean
4,5780,70 milliampere hours,70.0,mah
4,5781,"Cable, Case",,text
4,5782,10min=1hr,,text
4,5781,USB-C,,text
4,5783,3.58 in,3.58,in
4,5784,2.28 in,2.28,in
4,5785,1.4 in,1.4,in
4,5786,3.58 lb,3.58,lb
4,5787,1 year limited,,text
4,5788,1 year limited,,text
4,5789,050036390095,,text
4,5790,"Wireless, Wired",,text
4,5791,Bluetooth,,text
4,5792,false,0.0,text
4,5793,false,,text
4,5794,true,1.0,boolean
4,5795,carrying_case,,text
4,5794,"Fixed, Noise cancelling, Voice Activated",,text
4,5796,Over-the-Ear,,text
4,5797,true,,text
4,5798,20 hours,20.0,hr
4,5799,Siri,,text
4,5800,Apple,,text
4,5801,MHWK4AM/A,,text
4,5802,AirPods Max 2 (USB-C),,text
4,5803,Midnight,,text
4,5804,AirPods Max 2,,text
4,5805,true,1.0,boolean
4,5806,true,1.0,boolean
4,5807,5.3,5.3,version
4,5790,USB-C,,text
4,5808,"Call, Mute, Track selection, Voice assistant, Volume",,text
4,5792,false,0.0,text
4,5809,Language translation,,text
4,5810,Pro,,text
4,5795,false,0.0,text
4,5811,true,1.0,boolean
4,5812,"Cable, Case",,text
4,5812,USB-C,,text
4,5797,Breathable knit mesh with stainless steel frame,,text
4,5813,7.37 in,7.37,in
4,5814,3.28 in,3.28,in
4,5815,6.64 in,6.64,in
4,5816,0.85 lb,0.85,lb
4,5817,Apple One (1) Year Limited Warranty,,text
4,5818,Apple One (1) Year Limited Warranty,,text
4,5819,195951039060,,text
1,5776,Dynamic Driver,,text
1,5773,20 Hz - 20 kHz,,text
1,5765,10 hours,10.0,hr
1,5774,16 ohms,16.0,ohm
1,5756,Active Noise Cancellation,,text
1,5777,5.2,5.2,version
1,5760,10 Meters,10.0,m
1,5766,2 Hours,2.0,text
1,5766,2 Hours,2.0,text
1,5786,3.6 Ounces,0.225,lb
1,5820,76 Grams,76.0,g
1,5761,IP68,,text
1,5776,10 Millimeters,10.0,text
1,5775,97 dB,97.0,db
1,5821,"Aluminum, Plastic",,text
1,5764,In Ear,,text
1,5763,In Ear,,text
1,5778,Headphones,,text
1,5822,Yes,,text
1,5822,Yes,,text
1,5769,JBLENDURPEAK3BLKAM,,text
1,5789,050036390095,,text
9,5776,Dynamic,,text
9,5773,20 Hz to 20 kHz,,text
9,5765,10 hours,10.0,hr
9,5774,16 ohms,16.0,ohm
9,5756,No,,text
9,5764,Dual Ear True Wireless with Ear Clip/Hook,,text
9,5764,In-Ear (Intra-Aural),,text
9,5776,1 per Earpiece,,text
9,5775,102 decibels adjusted,102.0,db
9,5775,93 dB,93.0,db
9,5762,4 with Beamforming,,text
9,5823,Lithium-Ion Polymer (LiPo),,text
9,5780,70 milliampere hours,70.0,mah
9,5824,950 mAh,950.0,mah
9,5781,USB-C,,text
9,5825,2.04 x 1.6 x 1.16 inches,,in
9,5826,3.58 x 2.28 x 1.4 inches,,in
9,5827,0.4 oz,11.34,g
9,5820,2.7 oz,76.54,g
9,5761,IP68,,text
9,5777,5.2,5.2,version
9,5782,10 Minutes for 1 Hour,,text
9,5765,50 hours,50.0,hr
9,5789,050036390095,,text
7,5776,10mm,10.0,mm
7,5773,20 Hz - 20 kHz,,text
7,5765,50 hours,50.0,hr
7,5774,16 ohms,16.0,ohm
7,5756,No,,text
7,5771,Black,,text
7,5778,In Ear,,text
7,5778,"Waterproof, Dustproof",,text
7,5828,Bluetooth,,text
7,5761,IP68,,text
7,5761,IPX8 - The equipment is suitable for continuous immersion in water under conditions which shall be specified by the manufacturer.,,text
7,5829,536755,,text
7,5769,JBLENDURPEAK3BL,,text
7,5789,050036390095,,text
1,5830,Apple-designed dynamic driver,,text
1,5831,Lossless Audio and ultra-low latency audio via USB‑C,,text
1,5832,20 hours,20.0,hr
1,5833,Active Noise Cancellation,,text
1,5834,13.6 ounces,0.85,lb
1,5835,9.59 x 9.44 x 3.19 inches,,in
1,5836,Bluetooth 5.3,,text
1,5837,"Nine microphones total: Eight microphones for Active Noise Cancellation, Three microphones for voice pickup",,text
1,5838,Apple H2 headphone chip,,text
1,5839,1 Lithium Ion batteries required,,text
1,5840,Smart Case,,text
1,5841,USB-C,,text
9,5842,Dynamic,,text
9,5843,24-bit / 48 kHz,,text
9,5798,20 hours,20.0,hr
9,5844,Yes,,text
9,5796,Dual Ear with Headband,,text
9,5795,No,,text
9,5845,Yes,,text
9,5796,Over-Ear (Circumaural),,text
9,5808,"Yes (on Right Earpiece): Mute, Volume",,text
9,5846,"Accelerometer/Motion, Location/Find, Touch",,text
9,5794,3,,text
9,5847,5 Minutes for 1.5 Hour,,text
9,5812,USB-C,,text
9,5848,9.59 x 9.44 x 3.2 inches,,in
9,5849,3.4 lb,3.4,lb
9,5848,12.1 x 10.6 x 3.9 inches,,in
9,5819,195951039060,,text
7,5842,Dynamic,,text
7,5843,20 Hz - 20 kHz,,text
7,5798,20 hours,20.0,hr
7,5850,32 ohms,32.0,ohm
7,5844,Active Noise Cancellation,,text
7,5851,013466,,text
7,5801,MHWK4AM/A,,text
7,5819,195951039060,,text
7,5790,"Bluetooth, USB Type-C",,text
7,5803,Midnight,,text
7,5810,Over Ear,,text
7,5812,USB Type-C,,text
7,5816,0.85 lb,0.85,lb
7,5817,1 Year Limited,,text
7,5818,1 Year Limited,,text
7,5852,"Headphones, Smart Case, USB Cable",,text
4,5853,true,1.0,boolean
4,5854,Wireless,,text
4,5855,Bluetooth,,text
4,5856,true,1.0,text
4,5857,true,,text
4,5858,true,1.0,boolean
4,5859,carrying_case,,text
4,5860,In-Ear,,text
4,5861,24 hours,24.0,hr
4,5862,Apple Home,,text
4,5863,"Extra small, Small, Medium, Large",,text
4,5864,Apple,,text
4,5865,MFHP4LL/A,,text
4,5866,"AirPods Pro 3, Wireless Active Noise Cancelling Earbuds with Heart Rate Sensing Feature",,text
4,5867,White,,text
4,5863,false,,text
4,5868,Airpods Pro 3,,text
4,5869,true,1.0,boolean
4,5853,true,1.0,boolean
4,5870,5.3,5.3,version
4,5871,"Call, Mute, Track selection, Voice assistant, Volume",,text
4,5872,Heart rate,,text
4,5856,false,,text
4,5873,Language translation,,text
4,5874,General use,,text
4,5875,true,1.0,boolean
4,5876,Case,,text
4,5877,5 minutes in the case provides around 1 hour of listening time,,text
4,5876,USB-C,,text
4,5878,1.22 in,1.22,in
4,5879,0.76 in,0.76,in
4,5880,1.06 in,1.06,in
4,5881,0.2 lb,0.2,lb
4,5882,1 year limited,,text
4,5883,1 year limited,,text
4,5884,195950543698,,text
1,5830,Custom Apple driver,,text
1,5831,20 Hz - 20 kHz,,text
1,5832,8 hours,8.0,hr
1,5885,16 ohms,16.0,ohm
1,5834,2.56 ounces,0.16,lb
1,5835,1.1 x 0.8 x 1.2 inches,,in
1,5886,Wireless Charging Case,,text
1,5839,3 Lithium Ion batteries,,text
1,5887,Five sizes,,text
1,5888,Yes,,text
1,5889,Yes,,text
1,5890,Yes,,text
1,5891,Yes,,text
1,5892,Yes,,text
1,5893,Yes,,text
3,5857,Sweat-Resistant,,text
3,5853,Noise Canceling,,text
3,5861,1 hour,1.0,hr
3,5894,"1 Year Limited Warranty. To obtain a copy of the manufacturer's or supplier's warranty for this item prior to purchasing the item, please call Target Guest Services at 1-800-591-3869",,text
3,5863,ABS (Acrylonitrile Butadiene Styrene),,text
3,5872,Heart Rate,,text
3,5855,Bluetooth,,text
3,5858,Built-In Microphone,,text
3,5854,USB-C,,text
3,5895,"Live Translation, Volume Control, Wireless Charging, Adjustable Ear Buds",,text
3,5855,True Wireless,,text
3,5896,1,1.0,count
3,5881,1.55 Ounces,0.0969,lb
3,5884,195950543698,,text
3,5866,Apple AirPods Pro 3 Wireless Earbuds with Active Noise Cancellation,,text
3,5864,Apple,,text
3,5897,199.99,199.99,text
9,5898,Dynamic,,text
9,5861,8 hours,8.0,hr
9,5853,Yes,,text
9,5860,Dual Ear True Wireless Earbud,,text
9,5860,Earbud (Intra-Concha),,text
9,5853,Yes,,text
9,5871,"Yes (on Both Earpieces): Next Track, Play/Pause, Previous Track, Volume, Virtual Assistant",,text
9,5872,"Accelerometer/Motion, Heart Rate, Location/Find, Touch",,text
9,5858,2,,text
9,5855,"Wireless, Bluetooth 5.3",,text
9,5899,Yes,,text
9,5899,2,,text
9,5876,USB-C,,text
9,5900,Yes,,text
9,5857,Dust/Water-Resistant (IP57),,text
9,5901,1.22 x 1.06 x 0.76 inches / 3.1 x 2.69 x 1.93 cm (Each),,in
9,5902,2.45 x 1.86 x 0.86 inches / 6.22 x 4.72 x 2.18 cm,,in
9,5903,0.2 oz / 6 g (Each),5.67,g
9,5904,1.5 oz / 43 g,42.52,g
9,5861,24 hours,24.0,hr
9,5877,5 Minutes for 1 Hour,,text
9,5884,195950543698,,text
7,5898,Dynamic,,text
7,5905,20 Hz - 20 kHz,,text
7,5861,24 hours,24.0,hr
7,5906,16 ohms,16.0,ohm
7,5853,Active Noise Cancellation,,text
7,5907,924506,,text
7,5865,MFHP4LL/A,,text
7,5884,195950543698,,text
7,5854,Bluetooth,,text
7,5867,White,,text
7,5874,In Ear,,text
7,5876,USB Type-C,,text
7,5857,IP57,,text
7,5857,IP57 - Protected from limited Dust ingress. Complete protection against contact. Ingress of water in harmful quantity shall not be possible when the enclosure is immersed in water under defined conditions of pressure and time (up to 1 m of submersion).,,text
7,5882,1 Year Limited,,text
7,5883,1 Year Limited,,text
4,5908,false,0.0,boolean
4,5909,Wireless,,text
4,5910,Bluetooth,,text
4,5911,true,1.0,text
4,5912,true,,text
4,5913,true,1.0,boolean
4,5914,carrying_case,,text
4,5915,In-Ear,,text
4,5916,30 hours,30.0,hr
4,5917,Apple Home,,text
4,5918,Apple,,text
4,5919,MXP63LL/A,,text
4,5920,AirPods 4,,text
4,5921,White,,text
4,5922,AirPods 4,,text
4,5923,true,1.0,boolean
4,5924,5.3,5.3,version
4,5925,"Call, Mute, Voice assistant",,text
4,5926,General use,,text
4,5927,true,1.0,boolean
4,5928,Case,,text
4,5928,USB-C,,text
4,5929,1.19 in,1.19,in
4,5930,0.72 in,0.72,in
4,5931,3.2 in,3.2,in
4,5932,0.0094 lb,0.009375,lb
4,5933,Apple One (1) Year Limited Warranty,,text
4,5934,Apple One (1) Year Limited Warranty,,text
4,5935,195949688522,,text
4,5936,true,1.0,boolean
4,5937,Wireless,,text
4,5938,Bluetooth,,text
4,5939,true,,text
4,5940,true,,text
4,5941,true,1.0,boolean
4,5942,carrying_case,,text
4,5943,In-Ear,,text
4,5944,20 hours,20.0,hr
4,5945,Apple Home,,text
4,5946,Apple,,text
4,5947,MXP93LL/A,,text
4,5948,AirPods 4 with Active Noise Cancellation,,text
4,5949,White,,text
4,5950,AirPods 4 Active Noise Cancellation,,text
4,5951,true,1.0,boolean
4,5936,true,1.0,boolean
4,5952,5.3,5.3,version
4,5953,"Call, Mute, Voice assistant",,text
4,5954,General use,,text
4,5955,true,1.0,boolean
4,5956,Case,,text
4,5956,USB-C,,text
4,5957,1.19 in,1.19,in
4,5958,0.72 in,0.72,in
4,5959,3.2 in,3.2,in
4,5960,0.0094 lb,0.009375,lb
4,5961,Apple One (1) Year Limited Warranty,,text
4,5962,Apple One (1) Year Limited Warranty,,text
4,5963,195949689604,,text
1,5830,Custom high-excursion Apple driver,,text
1,5832,30 hours,30.0,hr
1,5964,1.19 inches (30.2 mm),,in
1,5965,0.72 inch (18.3 mm),,in
1,5966,0.71 inch (18.1 mm),,in
1,5834,0.15 ounce (4.3 grams),0.0094,lb
1,5967,1.82 inches (46.2 mm),,in
1,5968,1.97 inches (50.1 mm),,in
1,5969,0.83 inch (21.2 mm),,in
1,5970,1.14 ounces (32.3 grams),32.3,g
1,5971,IP54,,text
1,5838,H2 headphone chip,,text
1,5973,MXP63LL/A,,text
1,5834,4.16 ounces,0.26,lb
1,5835,8.19 x 8.19 x 3.33 inches,,in
9,5974,Dynamic,,text
9,5916,5 hours,5.0,hr
9,5908,No,,text
9,5915,Dual Ear True Wireless Earbud,,text
9,5915,In-Ear (Intra-Aural),,text
9,5925,Yes (on Left Earpiece/Right Earpiece),,text
9,5975,"Accelerometer/Motion, Location/Find, Touch",,text
9,5913,true,1.0,boolean
9,5910,"Wireless, Bluetooth 5.3",,text
9,5976,Yes,,text
9,5976,2,,text
9,5928,USB-C,,text
9,5916,25 hours,25.0,hr
9,5977,5 Minutes for 1 Hour,,text
9,5912,Dust/Water-Resistant (IP54),,text
9,5978,"0.05 x 0.03 x 0.03"" / 1.19 x 0.72 x 0.71 mm",,text
9,5979,"2 x 1.8 x 0.8"" / 50.1 x 46.2 x 21.2 mm",,text
9,5980,0.2 oz / 4.3 g,4.3,g
9,5981,1.1 oz / 32.3 g,32.3,g
9,5935,195949688522,,text
7,5974,Apple-designed H2 chip,,text
7,5916,30 hours,30.0,hr
7,5908,Voice Isolation improves the quality of phone calls in loud conditions.,,text
7,5982,757419,,text
7,5919,MXP63LL/A,,text
7,5935,195949688522,,text
7,5909,Bluetooth,,text
7,5921,White,,text
7,5926,In Ear,,text
7,5926,"Water-Resistant, Dust-Resistant",,text
7,5928,USB Type-C,,text
7,5912,IP54,,text
7,5912,IP54 - Protected from limited Dust ingress. Water splashing against the enclosure from any direction shall have no harmful effect.,,text
7,5933,1 Year Limited,,text
7,5934,1 Year Limited,,text
1,5832,30 hours,30.0,hr
1,5885,32 ohms,32.0,ohm
1,5971,IP54,,text
1,5832,20 hours,20.0,hr
1,5832,5 hours,5.0,hr
1,5832,4.5 hours,4.5,hr
1,5983,5 minutes in the case provides around 1 hour of listening time,,text
9,5984,Dynamic,,text
9,5944,5 hours,5.0,hr
9,5936,Yes,,text
9,5943,Dual Ear True Wireless Earbud,,text
9,5943,In-Ear (Intra-Aural),,text
9,5953,Yes (on Left Earpiece/Right Earpiece),,text
9,5985,"Accelerometer/Motion, Location/Find, Touch",,text
9,5936,Yes,,text
9,5941,true,1.0,boolean
9,5952,Bluetooth 5.3,,text
9,5986,Yes,,text
9,5986,2,,text
9,5956,USB-C,,text
9,5987,Yes,,text
9,5940,Dust/Water-Resistant (IP54),,text
9,5988,1.2 x 0.7 x 0.7 inches / 30.2 x 18.3 x 18.1 mm,,in
9,5989,2 x 1.8 x 0.8 inches / 50.1 x 46.2 x 21.2 mm,,in
9,5990,0.2 oz / 4.3 g,5.67,g
9,5991,1.2 oz / 34.7 g,34.02,g
9,5963,195949689604,,text
7,5984,Dynamic,,text
7,5992,20 Hz - 20 kHz,,text
7,5944,30 hours,30.0,hr
7,5993,16 ohms,16.0,ohm
7,5936,Active Noise Cancellation,,text
7,5994,757427,,text
7,5947,MXP93LL/A,,text
7,5963,195949689604,,text
7,5937,Bluetooth,,text
7,5949,White,,text
7,5954,In Ear,,text
7,5956,USB Type-C,,text
7,5940,IP54,,text
7,5940,IP54 - Protected from limited Dust ingress. Water splashing against the enclosure from any direction shall have no harmful effect.,,text
7,5961,1 Year Limited,,text
7,5962,1 Year Limited,,text
4,5995,Anker,,text
4,5996,A1259,,text
4,5997,"Nano 10,000mAh Portable Power Bank, Charger with Built-in USB-C Cable, 30W Recharging, 30W Max Output with USB-C&A",,text
4,5998,Shell White,,text
4,6000,Lithium-ion,,text
4,6001,"1 x USB-C, 1 x USB-A",,text
4,6002,1 x USB-C,,text
4,6003,4.09 in,4.09,in
4,6004,1.02 in,1.02,in
4,6005,2.06 in,2.06,in
4,6006,0.47 lb,0.47,lb
4,6007,24_month,24.0,month
4,6008,194644148744,,text
4,6009,Anker,,text
4,6010,A1363H11-1,,text
4,6011,PowerCore Select 20k mAh Power Bank Dual-Port Portable Phone Charger,,text
4,6012,Black,,text
4,6014,Lithium-ion,,text
4,6015,Wireless,,text
4,6016,1 x USB-C,,text
4,6017,3.85 V,3.85,v
4,6018,6.3 in,6.3,in
4,6019,1 in,1.0,in
4,6020,2.68 in,2.68,in
4,6021,0.53 lb,0.53,lb
4,6022,18 months,,text
4,6023,lifetime technical support,,text
4,6024,848061058178,,text
22,6025,"10,000mAh",10000.0,mah
22,6026,30 W,30.0,w
22,6027,3,,text
22,6026,30 W,30.0,w
22,6028,30W Max,30.0,w
22,6029,24W Max,24.0,w
22,6030,30,30.0,count
22,6031,22.5,22.5,count
22,6032,4.09 × 2.06 × 1.02 inches,,in
22,6033,7.58 oz (215 g),0.4738,lb
22,6034,A1259,,text
7,6013,20000 mAh,20000.0,mah
7,6035,2 x USB-A,,text
7,6036,18 W,18.0,w
7,6017,"2.2 A @ 5 VDC, 2 A @ 9 VDC",,text
7,6017,"3A @ 5V, 2A @ 9V, 1.5A @ 12V",,text
7,6037,451575,,text
7,6010,A1363H11-1,,text
7,6024,848061058178,,text
7,6038,Portable Power Pack,,text
7,6022,18 Months Limited,,text
7,6023,18 Months Limited,,text
4,6039,Anker,,text
4,6040,A1339111-1,,text
4,6041,"Prime Power Bank (9.6K, 65W, Fusion)",,text
4,6042,Black,,text
4,6044,Lithium-ion,,text
4,6045,2 x USB-C,,text
4,6046,1 x USB-C,,text
4,6047,1.71 in,1.71,in
4,6048,1.65 in,1.65,in
4,6049,4.53 in,4.53,in
4,6050,1.05 lb,1.05,lb
4,6051,2 years,,text
4,6052,2 years,,text
4,6053,194644294663,,text
4,6054,Anker,,text
4,6055,A1638,,text
4,6056,Anker Nano Portable Charger,,text
4,6057,Green,,text
4,6058,10000 milliampere hours,10000.0,mah
4,6059,Lithium-ion,,text
4,6060,true,,text
4,6061,2 x USB-C,,text
4,6062,5 V,5.0,v
4,6063,"1 x Micro-USB A, 1 x USB-C",,text
4,6064,3.21 in,3.21,in
4,6065,1.42 in,1.42,in
4,6066,2 in,2.0,in
4,6067,0.51 lb,0.51,lb
4,6068,24-month warranty,,text
4,6069,24-month warranty,,text
4,6070,194644213930,,text
22,6071,9600 mAh,9600.0,mah
22,6072,65 W,65.0,w
22,6073,6,,text
22,6072,100 W,100.0,w
22,6074,10.76 oz,0.6725,lb
22,6075,1.3-inch smart LCD,,text
22,6076,"Anker USB-C to USB-C Cable (3.3 ft, 100W, Braided), travel pouch, welcome guide",,text
22,6077,24_month,24.0,month
22,6078,MultiProtect and ActiveShield 3.0,,text
22,5972,"10,000mAh",10000.0,mah
22,6079,45 W,45.0,w
22,6080,"USB-C, USB-A",,text
22,6079,45 W,45.0,w
22,6080,USB-C Cable / Port: 5V×3A / 9V×3A / 12V×2.5A / 15V×2A (30W Max),,text
22,6081,22.5W Max,22.5,w
22,5835,3.21 × 1.99 × 1.42 in,,in
22,5834,0.51 lb,0.51,lb
22,5973,A1638,,text
22,5833,ActiveShield 3.0,,text
22,6082,Patented Anker InstaCord,,text
22,6083,Conducting 6 million temperature checks daily,,text
3,6084,Rechargeable,,text
3,6085,65 W,65.0,w
3,6044,"1 Non-Universal Lithium Ion, Required, Included",,text
3,6086,"1 Year Limited Warranty. To obtain a copy of the manufacturer's or supplier's warranty for this item prior to purchasing the item, please call Target Guest Services at 1-800-591-3869",,text
3,6087,2 (max),,text
3,6050,1.05 lb,1.05,lb
3,6088,240 V,240.0,v
3,6089,1,1.0,count
3,6090,4.53 Inches (H) x 1.65 Inches (W) x 1.71 Inches (D),,in
3,6053,194644294663,,text
3,6041,"Anker 9600mAh 65W Prime Power Bank Fusion - Black: Dual Device Charging, 240V Output",,text
3,6039,Anker,,text
3,6091,69.99,69.99,text
7,6085,65 W,65.0,w
7,6092,2 x USB-C,,text
7,6085,65 W,65.0,w
7,6088,100 - 240 VAC 50 - 60Hz,,text
7,6088,Up to 12 Volts @ 3 Amps for USB Type-C,,text
7,6087,1 or 2 devices,,text
7,6042,Black,,text
7,6093,Portable Power Pack,,text
7,6094,765255,,text
7,6040,A1339111-1,,text
7,6053,194644294663,,text
1,6058,10000 milliampere hours,10000.0,mah
1,6095,45 W,45.0,w
1,6096,3,,text
1,6095,45 W,45.0,w
1,6097,3.21 × 1.99 × 1.42 inches,,in
1,6067,8.2 oz,0.5125,lb
1,6062,5 V,5.0,v
1,6059,Lithium Polymer,,text
1,6098,Fast Charging,,text
1,6055,A1638,,text
1,6070,194644213930,,text
1,6099,Built-in C Cable*1+1C1A,,text
1,6100,Yes,,text
1,6060,Yes,,text
1,6101,Yes,,text
1,6102,ClimatePartner certified,,text
1,6103,743M8T,,text
1,6071,9600 mAh,9600.0,mah
1,6072,65 W,65.0,w
1,6073,2,,text
1,6072,30 W,30.0,w
1,6074,10.76 oz,0.6725,lb
1,6104,4.53 x 1.65 x 1.71 in,,in
1,6105,5 V,5.0,v
1,6106,Corded Electric,,text
1,6107,5 A,5.0,a
1,6108,2 Hours,2.0,text
1,6109,Lithium Polymer,,text
1,6110,A1339,,text
1,6111,194644199692,,text
1,6112,ClimatePartner certified,,text
1,6078,"Built In Wall Plug, Fast Charging",,text
1,6079,45 W,45.0,w
1,6080,3,,text
1,6079,45 W,45.0,w
1,5835,3.21 × 1.99 × 1.42 in,,in
1,5834,8.2 oz,0.5125,lb
1,6113,5 V,5.0,v
1,5839,Lithium Polymer,,text
1,5973,A1638,,text
1,6114,194644213947,,text
1,6115,Fast Charging,,text
1,6116,2.3 in,2.3,in
1,6117,Yes,,text
1,6118,Yes,,text
1,6117,24/7 battery protection,,text
1,6119,ClimatePartner certified,,text
1,6120,743M8T,,text
4,6121,Anker,,text
4,6122,A1112H11-1,,text
4,6123,"321 Power Bank (5000mAh, 12W, 2-Port)",,text
4,6124,Black,,text
4,6126,Lithium-ion,,text
4,6127,1 x USB-A,,text
4,6128,1 x USB-C,,text
4,6129,1.78 in,1.78,in
4,6130,3.78 in,3.78,in
4,6131,0.91 in,0.91,in
4,6132,0.28 lb,0.28,lb
4,6133,2 years,2.0,text
4,6134,2 years,2.0,text
4,6135,194644101046,,text
4,6136,Anker,,text
4,6137,A110BH11-1,,text
4,6138,"Anker Prime Power Bank (20K, 220W)",,text
4,6139,Black,,text
4,6141,Lithium-ion,,text
4,6142,1 x USB-C,,text
4,6143,1 x USB-C,,text
4,6144,5.79 in,5.79,in
4,6145,1.99 in,1.99,in
4,6146,1.75 in,1.75,in
4,6147,1.65 lb,1.65,lb
4,6148,2 years,,text
4,6149,2 years,,text
4,6150,194644260088,,text
3,6151,12 W,12.0,w
3,6152,Rechargeable,,text
3,6125,5000 mAh,5000.0,mah
3,6153,3.78 Inches (H) x 1.78 Inches (W) x .9 Inches (D),,in
3,6154,5 V,5.0,v
3,6155,"1 Year Limited Warranty. To obtain a copy of the manufacturer's or supplier's warranty for this item prior to purchasing the item, please call Target Guest Services at 1-800-591-3869",,text
3,6156,2 (max),,text
3,6126,1 Non-Universal Lithium Ion,,text
3,6157,USB-C,,text
3,6132,28 lb,28.0,lb
3,6158,1,1.0,count
3,6159,Smart Charging,,text
3,6135,194644101046,,text
3,6123,"Anker 5000mAh Power Bank PowerCore 5K 12W 1A1C - Black: Dual Output, USB &#38; USB-C",,text
3,6121,Anker,,text
3,6160,25.99,25.99,text
7,6125,5000 mAh,5000.0,mah
7,6151,12 W,12.0,w
7,6161,1 x USB-C; 1 x USB-A,,text
7,6151,12 W,12.0,w
7,6162,Power Bank,,text
7,6154,5 V,5.0,v
7,6156,1 or 2 devices,,text
7,6131,3.78 in. (96.01 mm),,in
7,6132,4.48 oz. (127.01 g),0.28,lb
7,6163,1.78 in. (45.21 mm),,in
7,6130,0.91 in. (23.11 mm),,in
7,6164,541938,,text
7,6122,A1112H11-1,,text
7,6135,194644101046,,text
7,6159,"Portable and Lightweight, Small Size, Big Power, Charge 2 Devices At Once, Superior Safety",,text
7,6133,1 Year Limited,,text
7,6134,1 Year Limited,,text
4,6165,Anker,,text
4,6166,A110DH11-1,,text
4,6167,"Power Bank (10K, 22.5W, Built-In USB-C Cable)",,text
4,6168,Black,,text
4,6169,10000 mAh,10000.0,mah
4,6170,Lithium-ion,,text
4,6171,"2 x USB-C, 1 x USB-A",,text
4,6172,1 x USB-C,,text
4,6173,5.51 in,5.51,in
4,6174,2.83 in,2.83,in
4,6175,0.61 in,0.61,in
4,6176,0.77 lb,0.77,lb
4,6177,18_month,18.0,month
4,6178,18_month,18.0,month
4,6179,194644277710,,text
9,6169,"10,000 mAh",10000.0,mah
9,6180,22.5 W,22.5,w
9,6181,2 x USB-C & 1 x USB-A Ports,,text
9,6180,22.5 W,22.5,w
9,6176,8.1 oz,0.5062,lb
9,6173,"7"" / 17.8 cm",,text
9,6182,0.62 lb,0.62,lb
9,6183,"6.9 x 5.1 x 1.1""",,text
9,6166,A110DH11-1,,text
9,6179,194644277710,,text
9,6184,Yes,,text
9,6185,Yes,,text
7,6169,10000 mAh,10000.0,mah
7,6180,22.5 W,22.5,w
7,6181,USB-C,,text
7,6180,22.5 W,22.5,w
7,6186,998955,,text
7,6166,A110DH11-1,,text
7,6179,194644277710,,text
4,6187,Anker,,text
4,6188,A1636H11,,text
4,6189,"Power Bank (5,000mAh, 30W) Fusion w/ Built-In USB-C Cable",,text
4,6190,Black,,text
4,6191,5000 milliampere hours,5000.0,mah
4,6192,Lithium-ion,,text
4,6193,"1 x USB-C, 1 x USB-C",,text
4,6194,1 x USB-C,,text
4,6195,3.23 in,3.23,in
4,6196,1.95 in,1.95,in
4,6197,1.22 in,1.22,in
4,6198,0.44 lb,0.44,lb
4,6199,18 months,,text
4,6200,lifetime technical support,,text
4,6201,194644035198,,text
4,6202,Anker,,text
4,6203,A1654,,text
4,6204,"MagGo Power Bank, 15W Ultra-Fast MagSafe-Compatible Portable Charger",,text
4,6205,Blue,,text
4,6206,10000 milliampere hours,10000.0,mah
4,6207,Lithium-polymer,,text
4,6208,"Wireless, 1 x USB-C",,text
4,6209,1 x USB-C,,text
4,6210,3.94 in,3.94,in
4,6211,0.79 in,0.79,in
4,6212,2.76 in,2.76,in
4,6213,0.55 lb,0.55,lb
4,6214,24-month,,text
4,6215,194644156664,,text
22,6216,10000 mAh,10000.0,mah
22,6217,38.5 W,38.5,w
22,6218,1,,text
22,6217,15 W,15.0,w
22,6219,5V×3A / 9V×2.22A,,text
22,6220,5V×3A / 9V×3A,,text
22,6221,4.21 x 2.71 x 0.87 inches,,in
22,6222,8.82 oz,0.5513,lb
22,6223,165 min,165.0,min
22,6224,60 in,60.0,in
22,6225,A1654,,text
22,6226,iPhone 15 / 14 / 13 / 12 Series,,text
22,6227,Black Stone,,text
22,6228,Anker's proprietary ActiveShield safety system,,text
22,6229,Wireless PowerIQ™,,text
1,6206,10000 milliampere hours,10000.0,mah
1,6230,15 W,15.0,w
1,6231,1× USB-C,,text
1,6230,15 W,15.0,w
1,6203,A1654,,text
1,6215,194644156664,,text
1,6213,8.8 ounces,0.55,lb
1,6232,4.22 x 2.71 x 0.78 inches,,in
1,6207,Lithium Polymer,,text
1,6233,9 V,9.0,v
1,6234,2.22 A,2.22,a
1,6235,"MagSafe, Qi",,text
1,6236,Wireless Charging,,text
1,6237,ClimatePartner certified,,text
1,6238,743M8T,,text
1,6216,10000 mAh,10000.0,mah
1,6217,15 W,15.0,w
1,6218,1× USB-C,,text
1,6217,15 W,15.0,w
1,6225,A1654,,text
1,6239,194644156640,,text
1,6222,8.8 ounces,0.55,lb
1,6221,4.22 x 2.71 x 0.78 inches,,in
1,6240,Lithium Polymer,,text
1,6241,9 V,9.0,v
1,6242,3 A,3.0,a
1,6229,"MagSafe, Qi",,text
1,6243,Wireless Charging,,text
1,6244,ClimatePartner certified,,text
1,6245,743M8T,,text
4,6246,Anker,,text
4,6247,A1695,,text
4,6248,"Anker Laptop Power Bank, 25,000mAh Portable Charger with Triple 100W USB-C Ports",,text
4,6249,Silver,,text
4,6251,Lithium-ion,,text
4,6252,true,,text
4,6253,"3 x USB-C, 1 x USB-A",,text
4,6254,1 x USB-C,,text
4,6255,6.18 in,6.18,in
4,6256,1.93 in,1.93,in
4,6257,2.13 in,2.13,in
4,6258,1.31 lb,1.31,lb
4,6259,18-month warranty,,text
4,6260,18-month warranty,,text
4,6261,194644286217,,text
22,6262,25000 mAh,25000.0,mah
22,6263,165 W,165.0,w
22,6264,"USB-C Cable / Port: 3-11V×3A / 5V×3A / 9V×2A / 12V×1.5A (33W Max), USB-A Output: 3-11V×3A / 5V×3A / 9V×2A / 12V×1.5A (33W Max)",,text
22,6263,100 W,100.0,w
22,6264,USB-C Cable / Port: 3-11V×3A / 5V×3A / 9V×3A / 10V×2.25A / 12V×3A / 15V×3A / 20V×5A (100W Max),,text
22,6265,6.18 × 2.12 × 1.93 in (156.97 × 53.85 × 49.02 mm),,in
22,6266,21.0 oz (595 g),1.3125,lb
22,6267,A1695,,text
22,6268,ActiveShield 2.0,,text
4,6269,Anker,,text
4,6270,A1384H11-1,,text
4,6271,"Power Bank (20,000mAh, 30W)",,text
4,6272,Black,,text
4,6273,20000 milliampere hours,20000.0,mah
4,6274,Lithium-ion,,text
4,6275,"2 x USB-C, 1 x USB-A",,text
4,6276,1 x USB-C,,text
4,6277,6.04 in,6.04,in
4,6278,2.82 in,2.82,in
4,6279,1.11 in,1.11,in
4,6280,1.02 lb,1.02,lb
4,6281,18 months,,text
4,6282,lifetime technical support,,text
4,6283,194644183448,,text
1,6262,25000 mAh,25000.0,mah
1,6263,165 W,165.0,w
1,6264,USB-C*3+USB-A*1,,text
1,6263,100 W,100.0,w
1,6284,"Built In Cable, Digital Display, Fast Charging",,text
1,6285,20 V,20.0,v
1,6286,5 A,5.0,a
1,6287,5,5.0,count
1,6288,2 Hours,2.0,text
1,6289,Lithium Polymer,,text
1,6266,1.31 lb,1.31,lb
1,6265,6.18 x 2.12 x 1.93 inches,,in
1,6267,A1695,,text
1,6290,194644209476,,text
1,6291,ANATEL:04185-25-16934,,text
1,6291,ClimatePartner certified,,text
1,6292,743M8T,,text
3,6293,Rechargeable,,text
3,6285,5 V,5.0,v
3,6289,"1 Non-Universal Lithium Ion, Required, Installed",,text
3,6263,165 W,165.0,w
3,6266,1.29 lb,1.29,lb
3,6262,25000 mAh,25000.0,mah
3,6265,1.93 Inches (H) x 2.13 Inches (W) x 6.18 Inches (D),,in
3,6294,4 (max),,text
3,6295,"2 Year Limited Warranty. To obtain a copy of the manufacturer's or supplier's warranty for this item prior to purchasing the item, please call Target Guest Services at 1-800-591-3869",,text
3,6296,1,1.0,count
3,6290,194644209476,,text
3,6297,Anker Power Bank 25K 165W Built-In and Retractable Cable: Charges 4 Devices Simultaneously,,text
3,6298,Anker,,text
3,6299,119.99,119.99,text
9,6262,25000 mAh,25000.0,mah
9,6263,165 W,165.0,w
9,6264,"3 x USB-C, 1 x USB-A",,text
9,6263,100 W,100.0,w
9,6264,"2x USB-C Input/Output (165 W Max), 1x USB-C Input/Output (165 W Max), 1x USB-A Output (33 W Max)",,text
9,6300,0.1 to 2.3' / 3 to 70.1 cm (Retractable),,text
9,6265,6.18 x 2.12 x 1.93 in / 15.7 x 5.38 x 4.9 cm,,text
9,6266,21.0 oz (595 g),1.3125,lb
9,6301,1.66 lb,1.66,lb
9,6265,7 x 5.3 x 2.6 in,,in
9,6290,194644209476,,text
9,6302,Real-Time Smart Display,,text
9,6303,2 built-in USB-C cables,,text
9,6294,Yes,,text
7,6262,"20,000 mAh",20000.0,mah
7,6263,65 W,65.0,w
7,6264,2,,text
7,6263,65 W,65.0,w
7,6304,875799,,text
7,6267,A1695H11,,text
7,6290,194644209476,,text
7,6265,6.3 x 3.1 x 0.9 inches,,in
7,6266,1.2 lb,1.2,lb
7,6303,Yes,,text
7,6305,Huge Compatibility,,text
3,6306,"Built-In Cable, Charge Indicator Light",,text
3,6307,1.11 Inches (H) x 2.82 Inches (W) x 6.04 Inches (D),,in
3,6308,USB-C Cable,,text
3,6309,1,1.0,count
3,6310,Rechargeable,,text
3,6274,"1 Non-Universal Lithium Ion, Required, Installed",,text
3,6311,2 (max),,text
3,6312,"18 Month Limited Warranty. To obtain a copy of the manufacturer's or supplier's warranty for this item prior to purchasing the item, please call Target Guest Services at 1-800-591-3869",,text
3,6313,30 W,30.0,w
3,6314,USB-C,,text
3,6315,20 V,20.0,v
3,6273,20000 milliampere hours,20000.0,mah
3,6280,1.02 lb,1.02,lb
3,6283,194644183448,,text
3,6271,"Anker 20000mAh 30W Power Bank - Black: USB-C &#38; USB Ports, Built-In Cable, Rechargeable",,text
3,6269,Anker,,text
3,6316,49.99,49.99,text
4,6317,Anker,,text
4,6318,A1653H11-1,,text
4,6319,"Nano Power Bank (5,000mAh, 22.5W) w/ Built-in Foldable USB-C Connector",,text
4,6320,Black,,text
4,6321,5000 milliampere hours,5000.0,mah
4,6322,Lithium-ion,,text
4,6323,2 x USB-C,,text
4,6324,1 x USB-C,,text
4,6325,3.85 V,3.85,v
4,6326,3.03 in,3.03,in
4,6327,0.98 in,0.98,in
4,6328,1.45 in,1.45,in
4,6329,0.15 lb,0.15,lb
4,6330,2 years,,text
4,6331,18 months,,text
4,6332,194644136543,,text
9,6321,5000 milliampere hours,5000.0,mah
9,6333,22.5 W,22.5,w
9,6334,2,,text
9,6333,22.5 W,22.5,w
9,6329,3.5 oz,0.2188,lb
9,6326,2' / 0.6 m,,text
9,6335,5.6 x 4.6 x 1.4 inches,,in
9,6336,75% post-consumer recycled materials,,text
9,6332,194644136543,,text
7,6321,5000 milliampere hours,5000.0,mah
7,6333,22.5 W,22.5,w
7,6334,1 x USB-C,,text
7,6328,3.03 in. (76.96 mm),,in
7,6329,3.52 oz. (99.79 g),0.22,lb
7,6337,1.45 in. (36.83 mm),,in
7,6327,0.98 in. (24.89 mm),,in
7,6338,664862,,text
7,6318,A1653H11-1,,text
7,6332,194644136543,,text
7,6320,Black,,text
7,6339,"Streamlined Foldable Design, High-Velocity Technology, Elegant and Ultra-Compact, Unrivaled Compatibility",,text
7,6333,22.5 W,22.5,w
7,6340,PowerIQ 3.0 Technology,,text
7,6336,crafted from recycled PCR materials,,text
4,6341,Belkin,,text
4,6342,BPB020ttBK/BPB020btBK,,text
4,6343,"BOOST↑CHARGE Pro 3-Port Laptop Power Bank 20k Portable Charger, 65W for MacBook, iPhone, Nintendo Switch 2 & More",,text
4,6344,Black,,text
4,6345,20000 mAh,20000.0,mah
4,6346,Lithium-ion,,text
4,6347,3,,text
4,6348,"2 x USB-C, 1 x USB-A",,text
4,6349,1 x USB-C,,text
4,6350,1.012 in,1.012,in
4,6351,5.155 in,5.155,in
4,6352,3.362 in,3.362,in
4,6353,0.84 lb,0.84,lb
4,6354,2 years,,text
4,6355,2 years,,text
4,6356,745883932412,,text
4,6357,Belkin,,text
4,6358,BPB011btRG,,text
4,6359,BOOST↑CHARGE USB-C Portable Charger 10K Power Bank with 1 USB-C Port and 2 USB-A Ports & Included USB-C to USB-A Cable,,text
4,6360,Rose Gold,,text
4,6361,10000 milliampere hours,10000.0,mah
4,6362,Lithium-ion,,text
4,6363,3,,text
4,6364,"1 x USB-C, 2 x USB-A",,text
4,6364,3 watts,3.0,w
4,6365,1 x USB-C,,text
4,6366,5 V,5.0,v
4,6365,3 watts,3.0,w
4,6367,0.62 in,0.62,in
4,6368,5.19 in,5.19,in
4,6369,2.69 in,2.69,in
4,6370,0.49 lb,0.49,lb
4,6371,2 years,,text
4,6372,2 years,,text
4,6373,745883823505,,text
1,6345,20000 mAh,20000.0,mah
1,6374,65 W,65.0,w
1,6375,"2x USB-C, 1x USB-A",,text
1,6374,"45W from USB-C, 15W from USB-A",,w
1,6376,5.2 x 3.4 x 1 inches,,in
1,6353,450 grams,0.9921,lb
1,6349,USB-C PD 45W max,,text
1,6348,USB-C1 + USB-C2: PD 45W + PD 20W (total 65W max),45.0,w
1,6377,"Apple iPhone 12–17 series, Samsung Galaxy S21–S25 series, iPad Pro 12.9"" (5th gen), iPad Pro 11"" (3rd gen), iPad Air (5th gen), iPad (10th gen), iPad Mini (6th gen), Nintendo Switch & Switch 2, Google Pixel 10 and more.",,text
1,6378,Made with post-consumer recycled materials and 100% plastic-free packaging,,text
1,6379,2-year warranty,2.0,text
1,6342,BPB020,,text
1,6356,745883932412,,text
7,6345,"20,000mAh",20000.0,mah
7,6374,65 W,65.0,w
7,6375,2 x USB-C; 1 x USB-A,,text
7,6374,65 W,65.0,w
7,6380,100-240 VAC,,text
7,6344,Black,,text
7,6347,Up to 3 devices,,text
7,6381,938191,,text
7,6342,BPB020ttBK,,text
7,6356,745883932412,,text
9,6361,"10,000 mAh",10000.0,mah
9,6382,15 W,15.0,w
9,6383,2 x USB-A | 1 x USB-C,,text
9,6382,15 W,15.0,w
9,6383,"2x USB-A Output (12 W Max), 1x USB-C Input/Output (15 W Max)",,text
9,6384,Yes: USB Power Delivery up to 15 W,,text
9,6385,Yes: USB-C,,text
9,6367,"6"" / 15.2 cm",15.2,text
9,6386,Plastic,,text
9,6387,"REACH, RoHS",,text
9,6388,"5.19 x 2.69 x 0.62"" / 131.83 x 68.33 x 15.75 mm",,in
9,6370,0.5 lb,0.5,lb
9,6389,0.6 lb,0.6,lb
9,6388,"6.4 x 4.1 x 1.1""",,in
9,6373,745883823505,,text
8,6361,10000 milliampere hours,10000.0,mah
8,6382,15 W,15.0,w
8,6383,2 USB-A ports and 1 USB-C port,,text
8,6382,15 W,15.0,w
8,6357,Belkin,,text
8,6358,BPB011BTRG,,text
8,6373,745883823505,,text
8,6390,Designed in California,,text
8,6386,72% post-consumer recycled plastic,,text
8,6391,Yes,,text
8,6385,USB-A to USB-C cable,,text
8,6392,40 hours,40.0,hr
4,6393,Belkin,,text
4,6394,BPB006btBLU,,text
4,6395,"10,000mAh Portable Charger 23W with Built-In Lightning & USB-C Cables for iPhone 17, Galaxy S25 & Pixel 10",,text
4,6396,Blue,,text
4,6397,10000 milliampere hours,10000.0,mah
4,6398,Lithium-ion,,text
4,6399,3,,text
4,6400,"1 x Lightning, 1 x USB-C",,text
4,6401,1 x USB-C,,text
4,6402,6.2 in,6.2,in
4,6403,2.81 in,2.81,in
4,6404,0.59 in,0.59,in
4,6405,0.52 lb,0.52,lb
4,6406,2 years,,text
4,6407,2 years,,text
4,6408,745883815388,,text
4,6409,Belkin,,text
4,6410,BPB024fqBK,,text
4,6411,"BoostCharge Portable Power Bank with Integrated Cable 20K, Fast Charge USB-C Power Delivery, 30W",,text
4,6412,Black,,text
4,6413,20000 milliampere hours,20000.0,mah
4,6414,Lithium-ion,,text
4,6415,3,,text
4,6416,"1 x USB-C, 1 x USB-A",,text
4,6417,1 x USB-C,,text
4,6418,6.1 in,6.1,in
4,6419,0.99 in,0.99,in
4,6420,3 in,3.0,in
4,6421,0.88 lb,0.88,lb
4,6422,2 years,,text
4,6423,2 years,,text
4,6424,745883898893,,text
23,6397,10000 milliampere hours,10000.0,mah
23,6425,23 W,23.0,w
23,6426,1 USB-C port,,text
23,6425,18 W,18.0,w
23,6402,5 in / 0.12 m,,in
23,6427,6.1 in x 2.9 in x 0.7 in,,in
23,6405,245 lb,245.0,lb
23,6428,"$2,500",2500.0,text
23,6428,2-Year Warranty,2.0,text
23,6429,Yes,,text
23,6413,20000 milliampere hours,20000.0,mah
23,6430,30 W,30.0,w
23,6431,2x USB-C and 1x USB-A,,text
23,6430,30 W,30.0,w
23,6418,4.7in/12cm,,text
23,6432,6.1in x 3in x 1in,,in
23,6421,0.6 lb,0.6,lb
23,6433,72% PCR materials,,text
23,6415,Yes,,text
23,6415,Yes,,text
23,6434,2-Year Warranty,,text
23,6434,"$2,500",,text
23,6435,BPB024fqBK,,text
1,6397,10000 milliampere hours,10000.0,mah
1,6425,23 W,23.0,w
1,6426,2,,text
1,6425,18 W,18.0,w
1,6436,USB Type A,,text
1,6437,"Integrated Cables, Travel, Universal",,text
1,6438,220 V,220.0,v
1,6439,"Battery Powered, Corded Electric",,text
1,6440,"Apple iPhone 17 Series, iPhone 16 Series, iPhone 15 Series, iPhone 14 Series, Samsung Galaxy S25 Series, Galaxy S24 Series, Galaxy S23 Series, Google Pixel, iPad Pro, Tablet, MacBook Pro, and more",,text
1,6405,10.2 Ounces,0.6375,lb
1,6427,6.1 x 2.9 x 0.9 inches,,in
1,6398,Lithium Ion,,text
1,6394,BPB006,,text
1,6408,745883815388,,text
1,6394,BPB006btBLU,,text
1,6428,2 year limited,,text
1,6413,20000 milliampere hours,20000.0,mah
1,6430,30 W,30.0,w
1,6431,"3 (USB-C built-in cable, USB-C, USB-A)",,text
1,6430,30 W,30.0,w
1,6410,BPB024,,text
1,6424,00745883898893,,text
1,6424,745883898893,,text
1,6432,6.1 x 3.03 x 1.1 inches,,in
1,6421,0.4 kg,0.8818,lb
1,6414,Lithium Ion,,text
1,6441,9 V,9.0,v
1,6442,3,3.0,count
1,6443,"Built In Cable, Fast Charging, LED Indicator Lights, Lightweight, Pass Through Charging",,text
1,6444,"Compatible with iPhone 17, iPhone Air, iPhone 17 Pro, iPhone 17 Pro Max, iPad Pro, Galaxy S25, and more",,text
1,6445,ClimatePartner certified,,text
1,6446,IKEPGK,,text
9,6413,20000 milliampere hours,20000.0,mah
9,6430,30 W,30.0,w
9,6431,3,,text
9,6430,30 W,30.0,w
9,6447,30,30.0,count
9,6447,30,30.0,count
9,6448,18,18.0,count
9,6449,PPS up to 30 W,,text
9,6433,Plastic,,text
9,6432,6.1 x 3 x 0.99 inches,,in
9,6421,0.985 lb,0.985,lb
9,6418,4.7 in,4.7,in
9,6450,Yes,,text
9,6415,Yes,,text
9,6424,745883898893,,text
5,6451,Refrigerator,,text
5,6451,MAGIC CHEF RETRO,,text
5,6451,Compact Refrigerator,,text
5,6452,Black,,text
5,6452,Black,,text
5,6453,3.2 cu ft,3.2,cu_ft
5,6454,Top Door Freezer,,text
5,6455,"Flat-back Design,Interior Light,Retro",,text
5,6456,Counter Depth,,text
5,6457,2 Door,,text
5,6455,Dial Temperature Control,,text
5,6458,No Dispenser,,text
5,6459,90-Day,,text
5,6460,"Can Dispenser,Crisper Drawer,Removable Shelves",,text
5,6461,Retro,,text
5,6462,UL Certified,,text
5,6463,1 Year Parts nd Labor 5 Years Compressor (Part Only),,text
5,6464,20.1 in,20.1,in
5,6465,17.1 in,17.1,in
5,6466,33.5 in,33.5,in
5,6467,33.5 in,33.5,in
5,6464,20.1 in,20.1,in
5,6468,33.5 in,33.5,in
5,6469,19.1 in,19.1,in
5,6469,19.1 in,19.1,in
13,6453,3.2 cu ft,3.2,cu_ft
13,6470,true,1.0,text
13,6471,323 kWh/yr,323.0,kwh_per_year
13,6471,359 kWh/yr,359.0,kwh_per_year
13,6468,33.3 in,33.3,in
13,6469,18.9 in,18.9,in
13,6456,Yes,,text
13,6472,05/31/2018,,text
13,6473,06/11/2018,,text
13,6455,United States,,text
13,6474,2321139,,text
13,6475,Automatic,,text
13,6456,No,,text
13,6458,No,,text
13,6476,No,,text
1,6453,3.2 cu ft,3.2,cu_ft
1,6477,3.2 cu. ft.,3.2,cu_ft
1,6470,true,1.0,text
1,6478,"20.1""D x 19.5""W x 33.5""H",,in
1,6457,2,,text
1,6475,Electric defrost,,text
1,6452,Matte,,text
1,6456,Tabletop,,text
1,6479,Compressor,,text
1,6460,3,3.0,count
1,6480,Yes,,text
1,6457,left-hand or right-hand,,text
1,6481,HMCR320BE,,text
1,6482,665679006991,,text
5,6483,Refrigerator,,text
5,6483,MAGIC CHEF RETRO,,text
5,6483,Compact Refrigerator,,text
5,6484,Mint Green,,text
5,6484,Green,,text
5,6485,3.2 cu ft,3.2,cu_ft
5,6486,Top Door Freezer,,text
5,6487,"Flat-back Design,Retro",,text
5,6488,Counter Depth,,text
5,6489,2 Door,,text
5,6487,Dial Temperature Control,,text
5,6490,No Dispenser,,text
5,6491,90-Day,,text
5,6492,"Can Dispenser,Crisper Drawer,Removable Shelves",,text
5,6493,Retro,,text
5,6494,"UL Certified,UL Certified",,text
5,6495,1 Year Parts and Labor 5 Years Compressor (Part Only),,text
5,6496,20.1 in,20.1,in
5,6497,17.1 in,17.1,in
5,6498,33.5 in,33.5,in
5,6499,33.5 in,33.5,in
5,6496,20.1 in,20.1,in
5,6500,33.5 in,33.5,in
5,6501,19.1 in,19.1,in
5,6501,19.1 in,19.1,in
5,6502,Refrigerator,,text
5,6502,Not Applicable,,text
5,6502,Compact Refrigerator,,text
5,6503,Black,,text
5,6503,Black,,text
5,6504,4.4 cu ft,4.4,cu_ft
5,6505,Compact-in Fridge,,text
5,6506,"Flat-back Design,Interior Light",,text
5,6507,Counter Depth,,text
5,6508,1 Door,,text
5,6506,Dial Temperature Control,,text
5,6509,No Dispenser,,text
5,6510,90-Day,,text
5,6511,"Crisper Drawer,Removable Shelves",,text
5,6512,"1-year parts and labor, 5 years on compressor (parts only); carry-in service",,text
5,6513,22.7 in,22.7,in
5,6514,20.7 in,20.7,in
5,6515,32.9 in,32.9,in
5,6516,32.5 in,32.5,in
5,6513,22.7 in,22.7,in
5,6517,32.9 in,32.9,in
5,6518,19.1 in,19.1,in
5,6518,19.1 in,19.1,in
13,6504,4.4 cu ft,4.4,cu_ft
13,6519,true,1.0,text
13,6520,228 kWh/yr,228.0,kwh_per_year
13,6520,254 kWh/yr,254.0,kwh_per_year
13,6517,32.9 in,32.9,in
13,6518,18.9 in,18.9,in
13,6507,Yes,,text
13,6521,Manual,,text
13,6507,No,,text
13,6509,No,,text
13,6522,No,,text
13,6523,Not Available,,text
13,6524,03/12/2025,,text
13,6525,03/14/2025,,text
13,6506,"United States, Canada",,text
13,6526,4000168,,text
13,6527,665679006625,,text
1,6504,4.4 cu ft,4.4,cu_ft
1,6528,3.9 cu. ft.,3.9,cu_ft
1,6529,0.5 cu ft,0.5,cu_ft
1,6519,true,1.0,text
1,6530,59.5 lb,59.5,lb
1,6520,228 kWh/yr,228.0,kwh_per_year
1,6531,22.7 x 19.1 x 32.9 inches,,in
1,6508,1,,text
1,6521,Manual,,text
1,6507,Freestanding,,text
1,6532,Corded Electric,,text
1,6503,Matte,,text
1,6533,HMR440BE,,text
1,6527,665679006625,,text
1,6506,"Adjustable Settings, Compact, Energy Efficient, Freezer",,text
1,6511,3,3.0,count
1,6534,Yes,,text
1,6508,Reversible,,text
5,6535,Refrigerator,,text
5,6535,Not Applicable,,text
5,6535,Compact Refrigerator,,text
5,6536,White,,text
5,6536,White,,text
5,6537,2.6 cu ft,2.6,cu_ft
5,6538,Compact-in Fridge,,text
5,6539,"Flat-back Design,Reversible Door Hinge",,text
5,6540,Counter Depth,,text
5,6541,1 Door,,text
5,6539,Dial Temperature Control,,text
5,6542,No Dispenser,,text
5,6543,90-Day,,text
5,6544,Can Dispenser,,text
5,6545,cUL Listed,,text
5,6546,"1 year part and labor, 5 years compressor (part only)",,text
5,6547,19.3 in,19.3,in
5,6548,18.1 in,18.1,in
5,6549,25 in,25.0,in
5,6550,25 in,25.0,in
5,6547,19.3 in,19.3,in
5,6551,25 in,25.0,in
5,6552,17.5 in,17.5,in
5,6552,17.5 in,17.5,in
5,6553,Refrigerator,,text
5,6553,Not Applicable,,text
5,6553,Compact Refrigerator,,text
5,6554,Stainless,,text
5,6554,Stainless Steel,,text
5,6555,2.6 cu ft,2.6,cu_ft
5,6556,No Freezer,,text
5,6557,No Additional Features,,text
5,6558,Counter Depth,,text
5,6559,1 Door,,text
5,6557,Dial Temperature Control,,text
5,6560,No Dispenser,,text
5,6561,90-Day,,text
5,6562,Removable Shelves,,text
5,6563,UL Certified,,text
5,6564,1 Year Parts and Labor; 5 Years Compressor (Part Only),,text
5,6565,19.3 in,19.3,in
5,6566,18.1 in,18.1,in
5,6567,25 in,25.0,in
5,6568,25 in,25.0,in
5,6565,19.3 in,19.3,in
5,6569,25 in,25.0,in
5,6570,17.5 in,17.5,in
5,6570,17.5 in,17.5,in
13,6555,2.6 cu ft,2.6,cu_ft
13,6571,true,1.0,text
13,6572,215 kWh/yr,215.0,kwh_per_year
13,6572,239 kWh/yr,239.0,kwh_per_year
13,6569,25 in,25.0,in
13,6570,17.5 in,17.5,in
13,6558,Yes,,text
13,6573,10/11/2021,,text
13,6574,10/18/2021,,text
13,6575,2386112,,text
13,6576,665679007592,,text
13,6577,Manual,,text
13,6558,No,,text
13,6560,No,,text
13,6578,No,,text
1,6555,2.6 cu ft,2.6,cu_ft
1,6579,2.6 cu. ft.,2.6,cu_ft
1,6580,0 cu ft,0.0,cu_ft
1,6571,true,1.0,text
1,6581,"19.3""D x 17.5""W x 25""H",,in
1,6582,38.6 lb,38.6,lb
1,6572,215 kWh/yr,215.0,kwh_per_year
1,6559,1,,text
1,6577,Manual,,text
1,6583,Compact,,text
1,6562,2,2.0,count
1,6584,Yes,,text
1,6559,Reversible,,text
1,6585,No,,text
1,6586,Yes,,text
1,6587,Not Smart Home Compatible,,text
1,6586,Corded Electric,,text
1,6588,HMAR265SE,,text
1,6576,665679007592,,text
1,6589,Magic Chef,,text
1,6558,Freestanding,,text
1,6557,"Adjustable Settings, Compact, Energy Efficient",,text
5,6590,Refrigerator,,text
5,6590,Not Applicable,,text
5,6590,Compact Refrigerator,,text
5,6591,Stainless,,text
5,6591,Stainless Steel,,text
5,6592,3.2 cu ft,3.2,cu_ft
5,6593,No Freezer,,text
5,6594,Reversible Door Hinge,,text
5,6595,Counter Depth,,text
5,6596,1 Door,,text
5,6594,Dial Temperature Control,,text
5,6597,No Dispenser,,text
5,6598,Non-Returnable,,text
5,6599,"Adjustable Door Storage,Adjustable Shelves/Racks",,text
5,6600,CSA Certified,,text
5,6601,"Warranty is 1-Year Parts and Labor, 5-years compressor (part only) carry-in service",,text
5,6602,17.5 in,17.5,in
5,6603,17.5 in,17.5,in
5,6604,33.4 in,33.4,in
5,6605,33.4 in,33.4,in
5,6602,17.5 in,17.5,in
5,6606,33.4 in,33.4,in
5,6607,18.5 in,18.5,in
5,6607,18.5 in,18.5,in
5,6608,Refrigerator,,text
5,6608,Not Applicable,,text
5,6608,Compact Refrigerator,,text
5,6609,Black,,text
5,6609,Black,,text
5,6610,2.4 cu ft,2.4,cu_ft
5,6611,Compact-in Fridge,,text
5,6612,"Flat-back Design,Interior Light",,text
5,6613,Counter Depth,,text
5,6614,1 Door,,text
5,6612,Independent Refrigerator Cooling,,text
5,6615,No Dispenser,,text
5,6616,90-Day,,text
5,6617,Removable Shelves,,text
5,6618,CSA Certified,,text
5,6619,"1 Year Parts and Labor, 5 Years on Compressor (Part Only) Carry- In Service",,text
5,6620,17.7 in,17.7,in
5,6621,15.35 in,15.35,in
5,6622,24.9 in,24.9,in
5,6623,24.9 in,24.9,in
5,6620,17.7 in,17.7,in
5,6624,24.9 in,24.9,in
5,6625,18.5 in,18.5,in
5,6625,17.7 in,17.7,in
13,6592,3.2 cu ft,3.2,cu_ft
13,6626,true,1.0,text
13,6627,259 kWh/yr,259.0,kwh_per_year
13,6627,289 kWh/yr,289.0,kwh_per_year
13,6606,33.4 in,33.4,in
13,6607,18.5 in,18.5,in
13,6595,Yes,,text
13,6628,12/30/2022,,text
13,6629,12/30/2022,,text
13,6594,"United States, Canada",,text
13,6630,2406472,,text
13,6631,665679008377,,text
13,6632,Automatic,,text
13,6595,No,,text
13,6597,No,,text
13,6633,No,,text
1,6592,3.2 cu ft,3.2,cu_ft
1,6634,3.2 cu. ft.,3.2,cu_ft
1,6635,0 cu ft,0.0,cu_ft
1,6626,true,1.0,text
1,6636,"17.5""D x 18.5""W x 33.4""H",,in
1,6637,18.5 lb,18.5,lb
1,6627,259 kWh/yr,259.0,kwh_per_year
1,6638,115 V,115.0,v
1,6632,Manual,,text
1,6599,Glass,,text
1,6639,Compressor,,text
1,6599,3,3.0,count
1,6640,Yes,,text
1,6596,Reversible,,text
1,6641,Type A - 2 pin (North American),,text
1,6591,Matte,,text
1,6596,Platinum Steel,,text
1,6642,MCAR32PSE,,text
1,6631,665679008377,,text
1,6643,MC APPLIANCE CORP,,text
1,6601,1 year,,text
1,6644,3.5 cu ft,3.5,cu_ft
1,6645,3.5 cu. ft.,3.5,cu_ft
1,6646,0.32 cu ft,0.32,cu_ft
1,6647,true,1.0,text
1,6648,"19.4""D x 18.5""W x 32.5""H",,in
1,6649,18.5 lb,18.5,lb
1,6650,245 Kilowatt Hours Per Year,245.0,kwh_per_year
1,6651,115 V,115.0,v
1,6652,Manual,,text
1,6653,Compressor,,text
1,6654,reciprocating,,text
1,6655,3,3.0,count
1,6656,Reversible,,text
1,6655,Glass,,text
1,6657,Countertop,,text
1,6658,"mini fridge/freezer, 3 glass shelves, ice tray, drip shelf, manual, warranty",,text
1,6659,MCBR350B2,,text
1,6660,722651301311,,text
5,6661,Refrigerator,,text
5,6661,Not Applicable,,text
5,6661,Compact Refrigerator,,text
5,6662,White,,text
5,6662,White,,text
5,6663,3.3 cu ft,3.3,cu_ft
5,6664,Compact-in Fridge,,text
5,6665,"Flat-back Design,Interior Light",,text
5,6666,Counter Depth,,text
5,6667,1 Door,,text
5,6665,Dial Temperature Control,,text
5,6668,No Dispenser,,text
5,6669,90-Day,,text
5,6670,Removable Shelves,,text
5,6671,1 Year Parts and Labor; 5 Years Compressor (Part Only),,text
5,6672,17.7 in,17.7,in
5,6673,15.7 in,15.7,in
5,6674,32.9 in,32.9,in
5,6675,32.5 in,32.5,in
5,6672,17.7 in,17.7,in
5,6676,32.9 in,32.9,in
5,6677,19.1 in,19.1,in
5,6677,19.1 in,19.1,in
5,6678,Refrigerator,,text
5,6678,Not Applicable,,text
5,6678,Compact Refrigerator,,text
5,6679,Black,,text
5,6679,Black,,text
5,6680,1.7 cu ft,1.7,cu_ft
5,6681,Compact-in Fridge,,text
5,6682,"Flat-back Design,Reversible Door Hinge",,text
5,6683,Counter Depth,,text
5,6684,1 Door,,text
5,6682,Dial Temperature Control,,text
5,6685,No Dispenser,,text
5,6686,90-Day,,text
5,6687,Removable Shelves,,text
5,6688,UL Listed,,text
5,6689,1 year parts and labor; 5 Years compressor (part only) Carry in Service,,text
5,6690,18.9 in,18.9,in
5,6691,17.5 in,17.5,in
5,6692,19.5 in,19.5,in
5,6693,19.5 in,19.5,in
5,6690,18.9 in,18.9,in
5,6694,19.5 in,19.5,in
5,6695,17.3 in,17.3,in
5,6695,17.3 in,17.3,in
13,6680,1.7 cu ft,1.7,cu_ft
13,6696,true,1.0,text
13,6697,208 kWh/yr,208.0,kwh_per_year
13,6697,232 kWh/yr,232.0,kwh_per_year
13,6694,19.5 in,19.5,in
13,6695,17.3 in,17.3,in
13,6683,Yes,,text
13,6698,Manual,,text
13,6683,No,,text
13,6685,No,,text
13,6699,No,,text
13,6700,Not Available,,text
13,6701,03/12/2025,,text
13,6702,03/14/2025,,text
13,6682,"United States, Canada",,text
13,6703,4000161,,text
13,6704,665679006441,,text
1,6663,3.3 cu ft,3.3,cu_ft
1,6705,true,1.0,text
1,6706,184566,,text
1,6707,665679006595,,text
1,6708,Magic Chef,,text
1,6706,HMR330WE,,text
1,6709,1.0 Count,1.0,count
1,6680,1.7 cu ft,1.7,cu_ft
1,6710,1.7 cu. ft.,1.7,cu_ft
1,6711,0.16 cu ft,0.16,cu_ft
1,6696,true,1.0,text
1,6712,18.9 x 17.3 x 19.5 inches,,in
1,6713,17.3 lb,17.3,lb
1,6714,115 V,115.0,v
1,6698,Manual,,text
1,6715,Compressor,,text
1,6687,Wire,,text
1,6687,1,1.0,count
1,6684,Reversible,,text
1,6716,Plug-In,,text
1,6717,MCR170BE,,text
1,6704,665679006441,,text
1,6697,245 Kilowatt Hours Per Year,245.0,kwh_per_year
1,6683,Yes,,text
1,6683,Yes,,text
5,6718,Refrigerator,,text
5,6718,Not Applicable,,text
5,6718,Compact Refrigerator,,text
5,6719,Black,,text
5,6719,Black,,text
5,6720,2.6 cu ft,2.6,cu_ft
5,6721,Compact-in Fridge,,text
5,6722,"Flat-back Design,Interior Light",,text
5,6723,Counter Depth,,text
5,6724,1 Door,,text
5,6722,Dial Temperature Control,,text
5,6725,No Dispenser,,text
5,6726,90-Day,,text
5,6727,Can Dispenser,,text
5,6728,"1 Year Parts and Labor, 5 Years Compressor (part)",,text
5,6729,19.3 in,19.3,in
5,6730,18.1 in,18.1,in
5,6731,25 in,25.0,in
5,6732,25 in,25.0,in
5,6729,19.3 in,19.3,in
5,6733,25 in,25.0,in
5,6734,17.5 in,17.5,in
5,6734,17.5 in,17.5,in
5,6735,Refrigerator,,text
5,6735,Not Applicable,,text
5,6735,Compact Refrigerator,,text
5,6736,Stainless,,text
5,6736,Stainless Look,,text
5,6737,2.4 cu ft,2.4,cu_ft
5,6738,No Freezer,,text
5,6739,"Flat-back Design,Reversible Door Hinge",,text
5,6740,Counter Depth,,text
5,6741,1 Door,,text
5,6739,Dial Temperature Control,,text
5,6742,No Dispenser,,text
5,6743,90-Day,,text
5,6744,Removable Shelves,,text
5,6745,ETL Listed,,text
5,6746,1 Year Parts and Labor 5 Years Compressor (part only) Carry in Service,,text
5,6747,17.7 in,17.7,in
5,6748,15.35 in,15.35,in
5,6749,24.9 in,24.9,in
5,6750,24.9 in,24.9,in
5,6747,17.7 in,17.7,in
5,6751,24.9 in,24.9,in
5,6752,18.5 in,18.5,in
5,6752,18.5 in,18.5,in
1,6720,2.6 cu ft,2.6,cu_ft
1,6753,2.6 cu. ft.,2.6,cu_ft
1,6754,true,1.0,text
1,6755,"17.5""D x 19.3""W x 25""H",,in
1,6756,42 lb,42.0,lb
1,6757,Compact Freezer-on-Top,,text
1,6719,black,,text
1,6723,Freestanding,,text
1,6724,1,,text
1,6758,Manual,,text
1,6759,Compact,,text
1,6760,Compressor,,text
1,6727,3,3.0,count
1,6761,Yes,,text
1,6724,Reversible,,text
1,6762,Yes,,text
1,6763,Not Smart Home Compatible,,text
1,6764,Electronic,,text
1,6765,HMBR265BE,,text
1,6766,665679004744,,text
1,6737,2.4 cu ft,2.4,cu_ft
1,6767,2.4 cu. ft.,2.4,cu_ft
1,6768,0 cu ft,0.0,cu_ft
1,6769,true,1.0,text
1,6770,17.7 x 18.5 x 24.9 inches,,in
1,6771,18.5 lb,18.5,lb
1,6772,241 Kilowatt Hours Per Year,241.0,kwh_per_year
1,6773,115 V,115.0,v
1,6774,Compressor,,text
1,6775,Manual,,text
1,6744,2,2.0,count
1,6744,Wire,,text
1,6741,Reversible,,text
1,6776,Rotary scroll,,text
1,6740,Countertop,,text
1,6777,MCAR240SE2,,text
1,6778,665679006397,,text
5,6779,Refrigerator,,text
5,6779,Not Applicable,,text
5,6779,Compact Refrigerator,,text
5,6780,Black,,text
5,6780,Black,,text
5,6781,1.7 cu ft,1.7,cu_ft
5,6782,No Freezer,,text
5,6783,"Flat-back Design,Reversible Door Hinge",,text
5,6784,Counter Depth,,text
5,6785,1 Door,,text
5,6783,Dial Temperature Control,,text
5,6786,No Dispenser,,text
5,6787,90-Day,,text
5,6788,Removable Shelves,,text
5,6789,"Energy Star,UL Listed",,text
5,6790,1 Year Parts and Labor; 5 years compressor (Part Only),,text
5,6791,18.9 in,18.9,in
5,6792,15.35 in,15.35,in
5,6793,19.5 in,19.5,in
5,6794,19.5 in,19.5,in
5,6791,18.9 in,18.9,in
5,6795,19.5 in,19.5,in
5,6796,17.7 in,17.7,in
5,6796,17.7 in,17.7,in
4,6797,Stainless steel look,,text
4,6798,46.88 in,46.88,in
4,6799,18.5 in,18.5,in
4,6800,46.85 in,46.85,in
4,6801,4.5 cubic feet,4.5,cu_ft
4,6802,3.1 cubic feet,3.1,cu_ft
4,6803,LED,,text
4,6804,No,,text
4,6805,false,0.0,text
4,6806,Insignia™,,text
4,6807,NS-CF45TMSS26L,,text
4,6808,4.5 Cu. Ft. Mini Fridge with Top Freezer and ENERGY STAR Certification,,text
4,6797,Stainless Steel Look,,text
4,6809,20.1 in,20.1,in
4,6810,false,,text
4,6811,62.8 lb,62.8,lb
4,6812,1.4 cu ft,1.4,cu_ft
4,6813,Freestanding,,text
4,6810,false,,text
4,6814,false,0.0,boolean
4,6810,false,,text
4,6815,false,,text
4,6810,false,,text
4,6816,Dial,,text
4,6817,None,,text
4,6818,Manual,,text
4,6815,true,,text
4,6815,false,,text
4,6819,None,,text
4,6815,2,,text
4,6820,3,3.0,count
4,6820,"Adjustable, Slide-In, Removable",,text
4,6821,1,,text
4,6821,Removable,,text
4,6820,Glass,,text
4,6821,true,1.0,text
4,6821,Swing Door,,text
4,6821,Glass,,text
4,6821,false,,text
4,6822,0.9 A,0.9,a
4,6823,115 V,115.0,v
4,6824,329 kilowatt hours,329.0,kwh
4,6824,46 United States dollars,46.0,text
4,6825,true,1.0,boolean
4,6810,true,,text
4,6826,CEE Tier 1,,text
4,6827,1 year limited,,text
4,6828,1 year limited,,text
4,6829,600603318726,,text
13,6781,1.7 cu ft,1.7,cu_ft
13,6830,true,1.0,text
13,6831,245 kWh/yr,245.0,kwh_per_year
13,6831,275 kWh/yr,275.0,kwh_per_year
13,6795,19.5 in,19.5,in
13,6796,17.3 in,17.3,in
13,6784,Yes,,text
13,6832,03/12/2025,,text
13,6833,03/14/2025,,text
13,6783,"United States, Canada",,text
13,6834,4000163,,text
13,6835,665679006410,,text
13,6836,with compressor B35C5B,,text
13,6837,Automatic,,text
13,6784,No,,text
13,6786,No,,text
13,6838,No,,text
13,6839,4.5 cu ft,4.5,cu_ft
13,6825,true,1.0,text
13,6824,329 kilowatt hours,329.0,kwh
13,6824,369 kWh/yr,369.0,kwh_per_year
13,6798,46.9 in,46.9,in
13,6799,18.5 in,18.5,in
13,6810,Yes,,text
13,6840,08/06/2024,,text
13,6841,08/06/2024,,text
13,6842,"United States, Canada",,text
13,6843,4478526,,text
13,6829,600603318726,,text
13,6818,Automatic,,text
13,6810,No,,text
13,6844,No,,text
13,6804,No,,text
1,6781,1.7 cu ft,1.7,cu_ft
1,6845,1.7 cu. ft.,1.7,cu_ft
1,6846,0 cu ft,0.0,cu_ft
1,6830,true,1.0,text
1,6847,"18.9""D x 17.7""W x 19.5""H",,in
1,6848,17.7 lb,17.7,lb
1,6831,245 kWh/yr,245.0,kwh_per_year
1,6849,115 V,115.0,v
1,6837,Manual,,text
1,6850,Compressor,,text
1,6851,rotary_scroll,,text
1,6785,Reversible,,text
1,6788,Wire,,text
1,6788,1,1.0,count
1,6785,1,,text
1,6852,Plug-In,,text
1,6836,MCAR170BE,,text
1,6835,665679006410,,text
4,6853,Black,,text
4,6854,33.86 in,33.86,in
4,6855,19.69 in,19.69,in
4,6856,33.5 in,33.5,in
4,6857,33.86 in,33.86,in
4,6858,4.4 cubic feet,4.4,cu_ft
4,6859,4.4 cubic feet,4.4,cu_ft
4,6860,Incandescent,,text
4,6861,No,,text
4,6862,false,0.0,text
4,6863,Insignia™,,text
4,6864,NS-CF44BK6,,text
4,6865,4.4 Cu. Ft. Mini Fridge with Door Storage and ENERGY STAR Certification,,text
4,6853,Black,,text
4,6866,21.26 in,21.26,in
4,6867,false,,text
4,6866,19.49 in,19.49,in
4,6866,39.1 in,39.1,in
4,6868,51.81 lb,51.81,lb
4,6869,43.86 in,43.86,in
4,6870,27.69 in,27.69,in
4,6871,25.26 in,25.26,in
4,6872,Freestanding,,text
4,6867,false,,text
4,6867,false,,text
4,6867,false,,text
4,6873,Dial,,text
4,6874,None,,text
4,6875,Automatic,,text
4,6876,true,,text
4,6876,false,,text
4,6876,1,,text
4,6877,3,3.0,count
4,6877,"Adjustable, Fixed",,text
4,6877,false,0.0,text
4,6877,false,0.0,text
4,6877,Tempered glass,,text
4,6878,false,,text
4,6879,1.25 A,1.25,a
4,6880,115 V,115.0,v
4,6881,269 kilowatt hours,269.0,kwh
4,6881,38 United States dollars,38.0,text
4,6882,true,1.0,boolean
4,6867,true,,text
4,6883,CEE Tier 1,,text
4,6884,R600a,,text
4,6885,1 year limited,,text
4,6886,1 year limited,,text
4,6887,600603315275,,text
4,6888,Black,,text
4,6889,19.29 in,19.29,in
4,6890,18.58 in,18.58,in
4,6891,18.94 in,18.94,in
4,6892,19.29 in,19.29,in
4,6893,1.7 cubic feet,1.7,cu_ft
4,6894,1.7 cubic feet,1.7,cu_ft
4,6895,Not Applicable,,text
4,6896,No,,text
4,6897,false,0.0,text
4,6898,Insignia™,,text
4,6899,NS-CF17BK26,,text
4,6900,1.7 Cu. Ft. Mini Fridge with Door Storage and ENERGY STAR Certification,,text
4,6888,Black,,text
4,6901,17.56 in,17.56,in
4,6902,false,,text
4,6901,15.35 in,15.35,in
4,6901,34.61 in,34.61,in
4,6903,31.42 lb,31.42,lb
4,6904,29.29 in,29.29,in
4,6905,26.58 in,26.58,in
4,6906,21.56 in,21.56,in
4,6907,Freestanding,,text
4,6902,false,,text
4,6902,false,,text
4,6902,false,,text
4,6908,Dial,,text
4,6909,None,,text
4,6910,Automatic,,text
4,6911,true,,text
4,6911,false,,text
4,6911,1,1.0,text
4,6912,1,1.0,count
4,6912,Fixed,,text
4,6912,false,0.0,count
4,6912,false,0.0,count
4,6912,Tempered glass,,text
4,6913,false,,text
4,6914,0.85 A,0.85,a
4,6915,115 V,115.0,v
4,6916,246 kilowatt hours,246.0,kwh
4,6916,35 United States dollars,35.0,text
4,6917,true,1.0,boolean
4,6902,true,,text
4,6918,CEE Tier 1,,text
4,6919,R600a,,text
4,6920,1 year limited,,text
4,6921,1 year limited,,text
4,6922,600603315220,,text
4,6923,Black,,text
4,6924,27.37 in,27.37,in
4,6925,18.58 in,18.58,in
4,6926,27 in,27.0,in
4,6927,27.37 in,27.37,in
4,6928,2.7 cubic feet,2.7,cu_ft
4,6929,2.7 cubic feet,2.7,cu_ft
4,6930,Not Applicable,,text
4,6931,No,,text
4,6932,false,0.0,text
4,6933,Insignia™,,text
4,6934,NS-CF27BK6,,text
4,6935,2.7 Cu. Ft. Mini Fridge with Door Storage and ENERGY STAR Certification,,text
4,6923,Black,,text
4,6936,17.56 in,17.56,in
4,6937,false,,text
4,6936,15.35 in,15.35,in
4,6936,34.39 in,34.39,in
4,6938,38.91 lb,38.91,lb
4,6939,37.56 in,37.56,in
4,6940,26.58 in,26.58,in
4,6941,21.56 in,21.56,in
4,6942,Freestanding,,text
4,6937,false,,text
4,6937,false,,text
4,6937,false,,text
4,6943,Dial,,text
4,6944,None,,text
4,6945,Automatic,,text
4,6946,true,,text
4,6946,false,,text
4,6946,1,1.0,text
4,6947,2,2.0,count
4,6947,"Adjustable, Fixed",,text
4,6947,false,0.0,count
4,6947,false,0.0,count
4,6947,Tempered glass,,text
4,6948,false,,text
4,6949,1 A,1.0,a
4,6950,115 V,115.0,v
4,6951,255 kilowatt hours,255.0,kwh
4,6951,36 United States dollars,36.0,text
4,6952,true,1.0,boolean
4,6937,true,,text
4,6953,CEE Tier 1,,text
4,6954,R600a,,text
4,6955,1 year limited,,text
4,6956,1 year limited,,text
4,6957,600603315237,,text
13,6958,1.7 cu ft,1.7,cu_ft
13,6917,true,1.0,text
13,6916,246 kilowatt hours,246.0,kwh
13,6916,275 kWh/yr,275.0,kwh_per_year
13,6889,19.3 in,19.3,in
13,6890,18.6 in,18.6,in
13,6902,Yes,,text
13,6959,05/15/2025,,text
13,6960,05/15/2025,,text
13,6961,United States,,text
13,6962,4046740,,text
13,6922,600603315220,,text
13,6910,Automatic,,text
13,6902,No,,text
13,6963,No,,text
13,6896,No,,text
13,6964,2.7 cu ft,2.7,cu_ft
13,6952,true,1.0,text
13,6951,255 kilowatt hours,255.0,kwh
13,6951,284 kWh/yr,284.0,kwh_per_year
13,6924,27.4 in,27.4,in
13,6925,18.6 in,18.6,in
13,6937,Yes,,text
13,6965,05/15/2025,,text
13,6966,05/15/2025,,text
13,6967,"United States, Canada",,text
13,6968,4158359,,text
13,6957,600603315237,,text
13,6945,Automatic,,text
13,6937,No,,text
13,6969,No,,text
13,6931,No,,text
13,6970,Not Available,,text
13,6937,No,,text
13,6932,No,,text
13,6954,No,,text
4,6971,Dishwasher-safe parts,,text
4,6972,Automatic,,text
4,6973,"Espresso, Latte macchiato, Cappuccino, Americano, Iced coffee",,text
4,6974,true,1.0,boolean
4,6974,true,1.0,boolean
4,6974,13,13.0,text
4,6975,15 bar,15.0,bar
4,6976,De'Longhi,,text
4,6977,ECAM32070SB,,text
4,6978,Magnifica Plus Fully Automatic Espresso Machine,,text
4,6979,Silver,,text
4,6980,14 in,14.0,in
4,6981,9.5 in,9.5,in
4,6982,17.5 in,17.5,in
4,6983,21.16 lb,21.16,lb
4,6984,NA,,text
4,6985,0.55 pounds,249.48,g
4,6986,removable_water_reservoir,,text
4,6987,60 oz,60.0,oz
4,6988,"Beans, Grounds",,text
4,6986,decalcification_indicator,,text
4,6989,Touchscreen,,text
4,6990,programmable,,text
4,6991,true,1.0,boolean
4,6986,removable_drip_tray,,text
4,6990,auto_shutoff,,text
4,6992,120 V,120.0,v
4,6993,1250 W,1250.0,w
4,6994,UL Listed,,text
4,6995,2 years,2.0,text
4,6996,2 years,2.0,text
4,6997,044387320702,,text
4,6998,Not Applicable,,text
4,6999,Automatic,,text
4,7000,false,0.0,boolean
4,7001,15 bar,15.0,bar
4,7002,Nespresso,,text
4,7003,EN640W,,text
4,7004,"Nespresso Gran Lattissima, White",,text
4,7005,White,,text
4,7006,10.8 in,10.8,in
4,7007,14.4 in,14.4,in
4,7008,7.9 in,7.9,in
4,7009,9.2 lb,9.2,lb
4,7010,Plastic,,text
4,7011,false,0.0,text
4,7011,Not Provided,,text
4,7012,false,0.0,text
4,7013,removable_water_reservoir,,text
4,7014,44 oz,44.0,oz
4,7015,Button,,text
4,7016,true,1.0,boolean
4,7013,removable_drip_tray,,text
4,7017,auto_shutoff,,text
4,7018,120 V,120.0,v
4,7019,1450 W,1450.0,w
4,7020,None,,text
4,7021,2 years,2.0,text
4,7022,None,,text
4,7023,044387106405,,text
1,6975,15 bar,15.0,bar
1,6993,1250 W,1250.0,w
1,6990,Thermoblock,,text
1,6987,60 oz,60.0,oz
1,6985,8.8 ounces,8.8,oz
1,6977,ECAM32070SB,,text
1,7024,17.5 x 9.5 x 14 inches,,in
1,6983,21.16 lb,21.16,lb
1,6992,120 V,120.0,v
1,7025,Plastic,,text
1,7026,4,,text
1,6974,Built-in Conical Burr Grinder,,text
1,7027,13 settings,13.0,settings
1,6991,LatteCrema Hot System,,text
1,6991,3,,text
1,7028,3.5 TFT full-touch & color display,,text
1,6986,Removable and dishwasher-safe parts,,text
1,6994,UL Certified,,text
1,6997,044387320702,,text
3,7025,Stainless Steel,,text
3,7029,Freestanding,,text
3,6993,Electric,,text
3,6983,21.16 lb,21.16,lb
3,7030,"15 Bars of Pressure, Adjustable Cup Shelf, Automatic Shut-Off, Milk Frother, Grind and Brew, Hot Water Dispenser",,text
3,7031,60 oz,60.0,oz
3,7024,14 Inches (H) x 9.5 Inches (W) x 17.5 Inches (D),,in
3,7032,"2 Year Limited Warranty. To obtain a copy of the manufacturer's or supplier's warranty for this item prior to purchasing the item, please call Target Guest Services at 1-800-591-3869",,text
3,7033,1250 Watts,1250.0,w
3,7034,Automatic Shut-Off,,text
3,6971,Dishwasher-Safe Parts,,text
3,6988,"Ground Espresso, Whole Beans",,text
3,7035,"Cleaning Brush, Coffee Scoop",,text
3,6997,044387320702,,text
3,6978,DeLonghi Magnifica Plus Fully Automatic Espresso Machine,,text
3,6976,DeLonghi,,text
3,7036,1299.99,1299.99,text
4,7037,Anker,,text
4,7038,A110A,,text
4,7039,"Prime Power Bank, 26,250mAh 3-Port Portable Charger with 300W Max Output, Two-Way Charging",,text
4,7041,Lithium-polymer,,text
4,7042,"2 x USB-C, 1 x USB-A",,text
4,7043,1 x USB-C,,text
4,7044,6.3 in,6.3,in
4,7045,1.5 in,1.5,in
4,7046,2.5 in,2.5,in
4,7047,1.32 lb,1.32,lb
4,7048,24-month,,text
4,7049,194644239299,,text
4,7050,Anker,,text
4,6225,A1654,,text
4,7051,"MagGo Power Bank, 15W Ultra-Fast MagSafe-Compatible Portable Charger",,text
4,6227,Black,,text
4,6216,10000 mAh,10000.0,mah
4,6240,Lithium-polymer,,text
4,6220,"1 x USB-C, Wireless",,text
4,6219,1 x USB-C,,text
4,6224,3.94 in,3.94,in
4,7052,0.79 in,0.79,in
4,7053,2.76 in,2.76,in
4,6222,0.55 lb,0.55,lb
4,7054,24-month,,text
4,6239,194644156640,,text
22,7040,"26,250mAh",26250.0,mah
22,7055,300 W,300.0,w
22,7056,"2 USB-C, 1 USB-A",,text
22,7055,140 W,140.0,w
22,7056,USB-C/USB-C Cable Input (100W Max),,text
22,7043,5V×3A /9V×2A /12V×1.5A /15V×3A /20V×5A,,text
22,7057,5V×3A / 9V×3A / 12V×3A / 15V×3A / 20V×5A / 28V×5A (140W Max),,text
22,7058,5V×3A / 9V×2A / 10V×2.25A / 12V×1.5A (22.5W Max),,text
22,7059,6.3 × 1.5 × 2.5 inches,,in
22,7047,1.32 lb,1.32,lb
22,7038,A110A,,text
22,7060,Recharge to 50% in Just 13 Minutes,,text
22,7061,ActiveShield™ 4.0,,text
22,7062,PowerIQ™ 4.0,,text
22,7063,"10,000,000+ Temperature Checks per Day",,text
1,7055,300 W,300.0,w
1,7056,3,,text
1,7055,140 W,140.0,w
1,7038,A110A,,text
1,7064,Phantom Gray,,text
1,7065,"Digital Display, Fast Charging",,text
1,7066,28 V,28.0,v
1,7067,Corded Electric,,text
1,7068,5 A,5.0,a
1,7068,5 A,5.0,a
1,7069,1 Hours,1.0,text
1,7067,No,,text
1,7067,Yes,,text
1,7070,"For Laptop, MacBook, Smartphone, Camera, Tablet, Gaming Console; For iPhone 17, iPhone 17 Plus, iPhone 17 Pro, iPhone 17 Pro Max, iPhone 16, iPhone 16 Plus, iPhone 16 Pro, iPhone 16 Pro Max and More",,text
1,7041,Lithium Polymer,,text
1,7047,600 Grams,1.3228,lb
1,7059,6.3 x 2.5 x 1.5 inches,,in
1,7049,194644239299,,text
1,7063,ClimatePartner certified,,text
9,7055,300 W,300.0,w
9,7056,2 x USB-C & 1 x USB-A,,text
9,7055,140 W,140.0,w
9,7055,250 W,250.0,w
9,7062,PowerIQ 4.0,,text
9,7061,ActiveShield 4.0,,text
9,7059,6.3 x 2.5 x 1.5 in / 159.9 x 62.7 x 38 mm,,text
9,7047,1.3 lb,1.3,lb
9,7044,3.3' / 1 m,,text
9,7049,194644239299,,text
4,7071,Anker,,text
4,7072,A1383H11-1,,text
4,7073,"Power Bank (20K, 87W, Built-In USB-C Cable)",,text
4,7074,Black,,text
4,7075,20000 milliampere hours,20000.0,mah
4,7076,Lithium-ion,,text
4,7077,"1 x USB-C, 1 x USB-A",,text
4,7078,1 x USB-C,,text
4,7079,6.2 in,6.2,in
4,7080,2.89 in,2.89,in
4,7081,1.02 in,1.02,in
4,7082,0.97 lb,0.97,lb
4,7083,18_month,18.0,month
4,7084,18_month,18.0,month
4,7085,194644269715,,text
4,7086,true,1.0,boolean
4,7087,Stereo,,text
4,7088,"Wireless, Wired",,text
4,7089,Bluetooth,,text
4,7087,true,,text
4,7090,33 feet,10.06,m
4,7091,false,,text
4,7092,true,1.0,boolean
4,7093,carrying_case,,text
4,7092,Noise cancelling,,text
4,7094,In-Ear,,text
4,7095,30 hours,30.0,hr
4,7096,2 hours,120.0,min
4,7097,"Google Home, Amazon Alexa, Apple Home, SmartThings",,text
4,7098,"Google Assistant, Amazon Alexa",,text
4,7099,"Extra large, Large, Medium, Small, Extra small",,text
4,7100,JBL,,text
4,7101,JBLTOURPRO3BLKAM,,text
4,7102,Tour Pro 3 True Wireless Noise Cancelling Earbuds - 2024,,text
4,7103,Black,,text
4,7099,true,,text
4,7104,true,1.0,boolean
4,7086,true,1.0,boolean
4,7105,40 kilohertz,40.0,text
4,7106,32 ohms,32.0,ohm
4,7107,104 decibels adjusted,104.0,db
4,7108,true,1.0,boolean
4,7109,true,,text
4,7110,10.2 millimeters,10.2,mm
4,7111,5.3,5.3,version
4,7109,1,1.0,text
4,7088,USB-C,,text
4,7112,false,0.0,boolean
4,7113,"Call, Track selection, Voice assistant, Volume",,text
4,7087,false,,text
4,7095,8 hours,8.0,hr
4,7087,TRUE,1.0,text
4,7114,Studio,,text
4,7115,true,1.0,boolean
4,7117,"Case, Cable",,text
4,7118,10min=4hrs,,text
4,7117,USB-C,,text
4,7119,Yes,,text
4,7120,1.57 in,1.57,in
4,7121,0.6 in,0.6,in
4,7122,0.6 in,0.6,in
4,7123,0.17 lb,0.17,lb
4,7124,1 year limited,,text
4,7125,1 year limited,,text
4,7126,050036402392,,text
1,7110,Hybrid Driver,,text
1,7105,"20 Hz - 20,000 Hz",,text
1,7095,40 hours,40.0,hr
1,7106,32 ohms,32.0,ohm
1,7086,Adaptive Noise Cancellation,,text
1,7111,5,5.0,version
1,7090,33 Feet,33.0,ft
1,7096,11 min,11.0,min
1,7107,104 decibels adjusted,104.0,db
1,7127,Plastic,,text
1,7123,83 Grams,0.183,lb
1,7091,Waterproof,,text
1,7094,In Ear,,text
1,7128,rigid plastic,,text
1,7118,Yes,,text
1,7109,Yes,,text
1,7113,Yes,,text
1,7129,Yes,,text
1,7101,JBLTOURPRO3BLKAM,,text
1,7126,050036402392,,text
9,7110,Dynamic,,text
9,7105,20 Hz to 40 kHz,,text
9,7095,10 hours,10.0,hr
9,7106,32 ohms,32.0,ohm
9,7086,Yes,,text
9,7094,Dual Ear True Wireless Earbud,,text
9,7094,In-Ear (Intra-Aural),,text
9,7107,104 decibels adjusted,104.0,db
9,7107,95 dB,95.0,db
9,7110,2 per Earpiece,,text
9,7118,10 Minutes for 3 Hours,,text
9,7096,2 Hours,2.0,text
9,7130,Lithium-Ion,,text
9,7095,30 hours,30.0,hr
9,7117,USB-C,,text
9,7129,Yes,,text
9,7131,0.2 oz / 5.6 g (Each),5.6,g
9,7132,2.5 oz / 71.8 g,71.8,g
9,7111,Bluetooth 5.3,,text
9,7087,LDAC,,text
9,7097,Yes: Android & iOS,,text
9,7133,JBL Headphones,,text
9,7134,"Adjust Settings, Firmware Update",,text
9,7092,6 with Beamforming,,text
9,7086,Yes,,text
9,7135,Touch,,text
9,7103,Black,,text
9,7091,No,,text
9,7136,0.585 lb,0.585,lb
9,7137,6.3 x 4.9 x 1.7 inches,,in
9,7126,050036402392,,text
7,7110,Dynamic,,text
7,7105,20 Hz - 40 kHz,,text
7,7095,44 hours,44.0,hr
7,7106,32 ohms,32.0,ohm
7,7086,Active Noise Cancellation,,text
7,7088,Bluetooth,,text
7,7103,Black,,text
7,7114,In Ear,,text
7,7117,USB Type-C,,text
7,7138,917088,,text
7,7101,JBLTOURPRO3BLKA,,text
7,7126,050036402392,,text
7,7124,1 Year Limited,,text
7,7125,1 Year Limited,,text
7,7139,"Earbuds, Charging Case, Charging Cable, USB Type-C to 3.5mm Audio Cable, USB Type-C Audio Cable, Ear Tips",,text
4,5532,true,1.0,boolean
4,5542,"Simulated Surround, Stereo",,text
4,7140,"Wireless, Wired",,text
4,7141,Bluetooth,,text
4,5542,false,,text
4,5536,33 feet,10.06,m
4,7142,false,,text
4,7143,true,1.0,boolean
4,7144,carrying_case,,text
4,7143,Noise cancelling,,text
4,5541,Over-the-Ear,,text
4,7145,true,,text
4,5530,70 hours,70.0,hr
4,5545,"Amazon Alexa, Apple Home, SmartThings, Google Home",,text
4,7146,"Amazon Alexa, Google Assistant",,text
4,7147,JBL,,text
4,7148,JBLTOM3AVIBLKAM,,text
4,7149,Tour One M3 Aviator - 2025,,text
4,7150,Black,,text
4,5543,true,1.0,boolean
4,5532,true,1.0,boolean
4,5529,40 kilohertz,40.0,text
4,5531,18 ohms,18.0,ohm
4,7151,122 decibels adjusted,,db
4,7152,true,1.0,boolean
4,5538,true,,text
4,5535,5.3,5.3,version
4,5538,1,1.0,text
4,7140,USB-C,,text
4,7142,false,,text
4,7153,"Voice assistant, Volume, Track selection, Call",,text
4,5542,false,,text
4,5542,Yes,,text
4,7154,Studio,,text
4,7155,true,1.0,boolean
4,5544,Cable,,text
4,7156,Five minutes+5 Hours,,text
4,5544,USB-C,,text
4,7157,Yes,,text
4,7145,Leather,,text
4,7158,9.57 in,9.57,in
4,7159,8.27 in,8.27,in
4,5534,2.95 in,2.95,in
4,5533,2.19 lb,2.19,lb
4,7160,1 year,,text
4,7161,1 year,,text
4,7162,050036414029,,text
1,5528,Dynamic Driver,,text
1,5529,20 Hz to 40 kHz,,text
1,5530,70 hours,70.0,hr
1,5531,18 ohms,18.0,ohm
1,5532,Adaptive Noise Cancellation,,text
1,5528,40 Millimeters,40.0,mm
1,7151,122 dB,122.0,db
1,5535,5.3,5.3,version
1,5537,2 Hours,2.0,text
1,5533,278 Grams,0.6129,lb
1,7163,Metal,,text
1,5541,Over Ear,,text
1,7144,Over Ear,,text
1,7164,Detachable,,text
1,7142,Water Resistant,,text
1,7165,JBL Smart Tx,,text
1,7148,JBLTOM3AVIBLKAM,,text
1,7162,050036414029,,text
1,7162,11200130025119,,text
9,5528,Dynamic,,text
9,5529,10 Hz to 40 kHz,,text
9,5530,70 hours,70.0,hr
9,5531,18 ohms,18.0,ohm
9,5532,Yes,,text
9,5541,Dual Ear with Headband,,text
9,5541,Over-Ear (Circumaural),,text
9,5528,1 per Earpiece,,text
9,5528,"1.6"" / 40 mm",40.0,mm
9,7151,122 dB,122.0,db
9,7151,94 dB,94.0,db
9,7143,4 with Beamforming,,text
9,7151,-38 dBV/Pa,-38.0,dbv_pa
9,5535,Bluetooth 5.3,,text
9,5542,"AAC, LC3, LDAC, SBC",,text
9,7166,850 mAh,850.0,mah
9,7156,5 Minutes for 5 Hours,,text
9,5537,2 Hours,2.0,text
9,7150,Black,,text
9,7167,2.13 lb,2.13,lb
9,7168,"9.7 x 8.3 x 3.1""",,text
7,5528,40mm,40.0,mm
7,5529,10 Hz - 40 kHz,,text
7,5530,70 hours,70.0,hr
7,5531,18 ohms,18.0,ohm
7,7140,"Bluetooth, 1/8 in. (3.5 mm), USB Type C",,text
7,7150,Black,,text
7,7154,Over Ear,,text
7,5544,USB Type-C,,text
7,7169,914473,,text
7,7148,JBLTOM3STX,,text
7,7162,050036414029,,text
4,7170,true,1.0,boolean
4,7171,"Simulated Surround, Stereo",,text
4,7172,Wireless,,text
4,7173,Bluetooth,,text
4,7171,true,,text
4,7174,33 feet,10.06,m
4,7175,true,,text
4,7176,true,1.0,boolean
4,7177,carrying_case,,text
4,7176,Noise cancelling,,text
4,7178,In-Ear,,text
4,7179,"Amazon Alexa, Apple Home, SmartThings",,text
4,7180,"Small, Medium, Large",,text
4,7181,JBL,,text
4,7182,JBLTFLEX2BLKAM,,text
4,7183,Tune Flex 2 True Wireless Noise Cancelling Earbuds - 2025,,text
4,7184,Black,,text
4,7180,true,,text
4,7185,true,1.0,boolean
4,7170,true,1.0,boolean
4,7186,20 Hz,20.0,hz
4,7187,13 ohms,13.0,ohm
4,7188,98 decibels adjusted,98.0,db
4,7189,true,1.0,boolean
4,7190,true,,text
4,7191,12 millimeters,12.0,mm
4,7192,5.3,5.3,version
4,7190,2,,text
4,7175,false,,text
4,7193,"Call, Track selection, Voice assistant, Volume",,text
4,7171,false,,text
4,7194,Studio,,text
4,7195,true,1.0,boolean
4,7196,"Case, Cable",,text
4,7196,USB-C,,text
4,7197,0.8 in,0.8,in
4,7198,0.79 in,0.79,in
4,7199,1.37 in,1.37,in
4,7200,0.021 lb,0.021,lb
4,7201,1 year,,text
4,7202,1 year,,text
4,7203,050036405614,,text
4,7204,Wireless,,text
4,7205,Bluetooth,,text
4,7206,true,,text
4,7207,true,,text
4,7208,true,1.0,boolean
4,7209,carrying_case,,text
4,7210,In-Ear,,text
4,7211,24 hours,24.0,hr
4,7212,2 hours,120.0,min
4,7213,JBL,,text
4,7214,JBLENDUZONEWHTAM,,text
4,7215,Endurance Zone - TRUE Wireless Bluethooth Open-ear Sport headphones - 2025,,text
4,7216,White,,text
4,7217,true,,text
4,7218,true,1.0,boolean
4,7219,20 kilohertz,20.0,text
4,7220,32 ohms,32.0,ohm
4,7221,98 decibels adjusted,98.0,db
4,7222,18 millimeters,18.0,mm
4,7223,5.2,5.2,version
4,7207,true,,text
4,7224,Sports and Exercise,,text
4,7225,true,1.0,boolean
4,7226,32 milliampere hours,32.0,mah
4,7227,Cable,,text
4,7228,10min=3hrs,,text
4,7229,6.3 in,6.3,in
4,7230,3.94 in,3.94,in
4,7231,1.38 in,1.38,in
4,7232,0.41 lb,0.41,lb
4,7233,1 year,,text
4,7234,1 year,,text
4,7235,050036413794,,text
21,7191,Dynamic,,text
21,7186,20 Hz - 20 kHz,,text
21,7236,48 hours,48.0,hr
21,7187,13 ohms,13.0,ohm
21,7170,Adaptive Noise Canceling,,text
21,7176,6,,text
21,7200,41.7,0.0919,lb
21,7237,1.2 oz / 32.9 g,32.9,g
21,7238,0.2 oz / 4.4 g,4.4,g
21,7192,5.3,5.3,version
21,7239,2.4 GHz - 2.4835 GHz,,ghz
21,7240,2,2.0,text
21,7236,8 hours,8.0,hr
21,7236,5 hours,5.0,hr
21,7175,IP54,,text
21,7190,Yes,,text
21,7190,Yes,,text
21,7241,Yes,,text
1,7191,Dynamic Driver,,text
1,7186,"20 Hz - 20,000 Hz",,text
1,7236,48 hours,48.0,hr
1,7187,13 ohms,13.0,ohm
1,7170,Adaptive Noise Cancellation,,text
1,7188,98 decibels adjusted,98.0,db
1,7191,12 Millimeters,12.0,text
1,7192,5.3,5.3,version
1,7240,2,2.0,text
1,7242,545 Milliamp Hours,545.0,mah
1,7243,24 Hours,24.0,hr
1,7240,2,2.0,text
1,7175,IP54,,text
1,7244,"Rubber, Silicone",,text
1,7178,In Ear,,text
1,7177,True Wireless,,text
1,7182,JBLTFLEX2BLKAM,,text
1,7203,050036405614,,text
1,7200,41.7,0.0919,lb
1,7237,32 Grams,32.0,g
1,7245,51.43 x 47 x 29.14 Millimeters,,text
9,7191,Dynamic,,text
9,7186,20 Hz to 20 kHz,,text
9,7236,8 hours,8.0,hr
9,7187,13 ohms,13.0,ohm
9,7170,Yes,,text
9,7178,Dual Ear True Wireless Earbud,,text
9,7178,In-Ear (Intra-Aural),,text
9,7191,1 per Earpiece,,text
9,7191,"0.5"" / 12 mm",12.0,mm
9,7188,98 dB at 1 kHz / 1 mW,,db
9,7192,Bluetooth 5.4,,text
9,7246,"A2DP 1.4, AVRCP 1.6, HFP 1.8",,text
9,7190,Yes,,text
9,7190,2,,text
9,7196,USB-C,,text
9,7236,36 hours,36.0,hr
9,7240,2,2.0,text
9,7247,"1.4 x 0.8 x 0.8"" / 34.6 x 20.3 x 19.5 mm",,text
9,7245,"2 x 1.9 x 1.1"" / 51.4 x 47 x 29.1 mm",,text
9,7238,0.2 oz / 4.4 g,4.4,g
9,7237,1.2 oz / 32.9 g,32.9,g
9,7175,IP54,,text
9,7203,050036405614,,text
7,7191,12 mm,12.0,mm
7,7186,20 Hz - 20 kHz,,text
7,7236,48 hours,48.0,hr
7,7187,13 ohms,13.0,ohm
7,7170,Active Noise Cancellation,,text
7,7172,Bluetooth,,text
7,7184,Black,,text
7,7194,In Ear,,text
7,7194,"Water-Resistant, Dust-Resistant",,text
7,7196,USB Type-C,,text
7,7175,IP54,,text
7,7175,IP54 - Protected from limited Dust ingress. Water splashing against the enclosure from any direction shall have no harmful effect.,,text
7,7248,814541,,text
7,7182,JBLTFLEX2BLKAM,,text
7,7203,050036405614,,text
1,7222,Dynamic Driver,,text
1,7211,32 hours,32.0,hr
1,7220,32 ohms,32.0,ohm
1,7249,None,,text
1,7214,JBLENDUZONEWHTAM,,text
1,7235,050036413794,,text
1,7210,Open Ear,,text
1,7209,Open Ear,,text
1,7222,11 mm,11.0,mm
1,7207,IP68,,text
1,7212,2 hours,120.0,min
1,7232,3.2 ounces,0.2,lb
1,7223,5.3,5.3,version
1,7250,Silicone,,text
1,7205,Wireless,,text
1,7251,"Rugged, scratch-resistant material",,text
1,7217,High-grade liquid silicone,,text
1,7208,4,,text
1,7211,8 hours,8.0,hr
1,7211,24 hours,24.0,hr
1,7228,10 minutes,,text
9,7222,Dynamic,,text
9,7219,20 Hz to 20 kHz,,text
9,7211,8 hours,8.0,hr
9,7220,32 ohms,32.0,ohm
9,7249,Yes,,text
9,7222,"0.7"" / 18 mm",18.0,mm
9,7221,105 dB at 1 kHz / 1 mW,,db
9,7221,-38 dBV at 1 kHz,-38.0,dbv
9,7223,5.3,5.3,version
9,7226,58 mAh,58.0,mah
9,7252,520 mAh,520.0,mah
9,7227,USB-C,,text
9,7253,0.4 oz / 10 g (Each),10.0,g
9,7254,2.4 oz / 67.3 g,67.3,g
9,7207,Dust/Salt/Weather/Water-Resistant (IP68),,text
9,7228,10 Minutes for 3 Hours,,text
9,7212,2 Hours,2.0,text
9,7211,24 hours,24.0,hr
9,7208,4 with Beamforming,4.0,text
9,7255,Yes,,text
9,7256,Yes: Android & iOS,,text
9,7257,JBL Headphones,,text
9,7258,Adjust Settings,,text
9,7216,White,,text
9,7210,Dual Ear True Wireless Earbud,,text
9,7210,Open-Ear,,text
4,7259,true,1.0,boolean
4,7260,Wireless,,text
4,7261,Bluetooth,,text
4,7262,true,,text
4,7263,true,1.0,boolean
4,7264,carrying_case,,text
4,7263,Noise cancelling,,text
4,7265,In-Ear,,text
4,7266,36 hours,36.0,hr
4,7267,2 hours,120.0,min
4,7268,JBL,,text
4,7269,JBLLIVEBEAM3SILAM,,text
4,7270,Live Beam 3 True Wireless Noise Cancelling Earbuds - 2024,,text
4,7271,Silver,,text
4,7272,true,1.0,boolean
4,7259,true,1.0,boolean
4,7273,40 kilohertz,40.0,text
4,7274,16 ohms,16.0,ohm
4,7275,100 decibels adjusted,100.0,db
4,7276,5.3,5.3,version
4,7277,true,,text
4,7262,false,,text
4,7262,TRUE,1.0,text
4,7278,General use,,text
4,7279,true,1.0,boolean
4,7281,"Cable, Case",,text
4,7282,10min=4hrs,,text
4,7281,USB-C,,text
4,7283,0.9 in,0.9,in
4,7284,1.2 in,1.2,in
4,7285,0.9 in,0.9,in
4,7286,0.9 lb,0.9,lb
4,7287,1 year limited,,text
4,7288,1 year limited,,text
4,7289,050036401227,,text
21,7290,Dynamic,,text
21,7291,20 Hz - 20 kHz,,text
21,7292,10 hours,10.0,hr
21,7293,16 ohms,16.0,ohm
21,7294,Yes,,text
21,7295,JBLSENSEPROGRYAM,,text
21,7296,IN_STOCK,,text
21,7297,$199.98,199.98,text
21,7297,$249.98,249.98,text
21,7298,0.5 ounces,0.0312,lb
21,7299,2.5 x 1.5 x 1.0 inches,,in
21,7300,Bluetooth 5.0,,text
21,7301,Smart Charging Case™,,text
21,7302,IPX4,,text
1,7303,Dynamic Driver,,text
1,7273,"20 Hz - 40,000 Hz",,text
1,7266,48 hours,48.0,hr
1,7274,16 ohms,16.0,ohm
1,7259,True Adaptive Noise Cancelling,,text
1,7276,5.3,5.3,version
1,7304,10 Meters,10.0,m
1,7267,10 min,10.0,min
1,7277,IP55 waterproof and dustproof,,text
1,7263,6 Mics,,text
1,7265,In Ear,,text
1,7286,82 Grams,0.1808,lb
1,7305,82 Grams,82.0,g
1,7306,61 x 51 x 30 Millimeters,,text
1,7275,100 decibels adjusted,100.0,db
1,7307,Plastic Silicone,,text
1,7308,Touch Control,,text
1,7308,Touch,,text
1,7278,Live Beam 3,,text
1,7269,JBLLIVEBEAM3SILAM,,text
1,7289,050036401227,,text
3,7277,Water-Resistant,,text
3,7259,Noise Canceling,,text
3,7309,1,1.0,count
3,7260,No Wired Connection Ports,,text
3,7261,Wireless,,text
3,7310,New,,text
3,7311,"1 Year Limited Warranty. To obtain a copy of the manufacturer's or supplier's warranty for this item prior to purchasing the item, please call Target Guest Services at 1-800-591-3869",,text
3,7312,"Android, Apple iOS",,text
3,7286,15 lb,15.0,lb
3,7263,Built-In Microphone,,text
3,7313,Silicone,,text
3,7266,1 hour,1.0,hr
3,7314,No Voice Assistant Built-In,,text
3,7315,"Call Functionality, In-Ear Speaker, Lightweight Design, Volume Control",,text
3,7261,No Wireless Technology,,text
3,7289,050036401227,,text
3,7270,JBL Live Beam 3 Noise-Cancelling Earbuds with Smart Case (Silver),,text
3,7268,JBL,,text
3,7316,229.95,229.95,text
9,7303,Dynamic,,text
9,7273,20 Hz to 40 kHz,,text
9,7266,12 hours,12.0,hr
9,7274,16 ohms,16.0,ohm
9,7259,Yes,,text
9,7303,10 mm,10.0,mm
9,7275,98 dB SPL at 1 kHz,,db
9,7275,96 dB,96.0,db
9,7263,6,6.0,text
9,7276,5.3,5.3,version
9,7280,68 mAh,68.0,mah
9,7317,680 mAh,680.0,mah
9,7281,USB-C,,text
9,7318,Yes,,text
9,7319,"1.22 x 0.9 x 0.9"" / 3.1 x 2.3 x 2.2 cm (Each)",,in
9,7306,"2.4 x 2 x 1.2"" / 6.1 x 5.1 x 3 cm",,in
9,7320,0.2 oz / 5 g (Each),5.0,g
9,7305,2.5 oz / 72 g,72.0,g
9,7277,Dust/Water-Resistant (IP55),,text
9,7289,050036401227,,text
7,7303,10mm,10.0,mm
7,7273,20 Hz - 40 kHz,,text
7,7266,48 hours,48.0,hr
7,7274,16 ohms,16.0,ohm
7,7259,Active Noise Cancellation,,text
7,7260,Bluetooth,,text
7,7271,Silver,,text
7,7278,In Ear,,text
7,7275,98 dB,98.0,db
7,7275,96 dB,96.0,db
7,7281,USB Type-C,,text
7,7266,12 hours,12.0,hr
7,7266,6 hours,6.0,hr
7,7321,768630,,text
7,7269,JBLLIVEBEAM3SIL,,text
7,7289,050036401227,,text
4,7322,Anker,,text
4,7323,A1654,,text
4,7324,"MagGo Power Bank, 15W Ultra-Fast MagSafe-Compatible Portable Charger",,text
4,7325,Pink,,text
4,7326,10000 milliampere hours,10000.0,mah
4,7327,Lithium-polymer,,text
4,7328,"Wireless, 1 x USB-C",,text
4,7329,1 x USB-C,,text
4,7330,3.94 in,3.94,in
4,7331,0.79 in,0.79,in
4,7332,2.76 in,2.76,in
4,7333,0.55 lb,0.55,lb
4,7334,24-month,,text
4,7335,194644156688,,text
22,6224,60 in,60.0,in
1,7326,10000 milliampere hours,10000.0,mah
1,7336,15 W,15.0,w
1,7337,1× USB-C,,text
1,7336,27 W,27.0,w
1,7323,A1654,,text
1,7335,194644156688,,text
1,7333,8.8 ounces,0.55,lb
1,7338,4.22 x 2.71 x 0.78 inches,,in
1,7327,Lithium Polymer,,text
1,7339,9 V,9.0,v
1,7340,Wireless Charging,,text
1,7341,ClimatePartner certified,,text
1,7341,Global Recycled Standard,,text
1,7342,2 Hours,2.0,text
1,7343,Rechargeable,,text
1,7344,"MagSafe, Qi",,text
1,7345,iPhone 15/14/13 Series,,text
4,7346,Anker,,text
4,7347,A110B,,text
4,7348,"Anker Prime Power Bank, 20,100mAh 3-Port Portable Charger with 220W Max Output",,text
4,7349,Black,,text
4,7351,Lithium-ion,,text
4,7352,"2 x USB-C, 1 x USB-A",,text
4,7353,1 x USB-C,,text
4,7354,5.78 in,5.78,in
4,7355,1.96 in,1.96,in
4,7356,1.75 in,1.75,in
4,7357,1.12 lb,1.12,lb
4,7358,24-month,,text
4,7359,194644309169,,text
22,7360,20000 mAh,20000.0,mah
22,7361,220 W,220.0,w
22,7361,140 W,140.0,w
22,7362,"USB-C, USB-A",,text
22,7363,A110B,,text
22,7364,40W,,text
22,7365,140W,140.0,w
22,7366,PowerIQ 4.0,,text
22,7367,ActiveShield 4.0,,text
3,7368,Rechargeable,,text
3,7369,1,1.0,count
3,7348,"Anker Prime Power Bank, 20,100mAh 3-Port Portable Charger with 220W Max Output",,text
3,7370,220 W,220.0,w
3,7351,"1 Non-Universal Lithium, Required, Installed",,text
3,7371,1 (max),,text
3,7372,1.74 inches (H) x 1.98 inches (W) x 5.78 inches (D),,in
3,7373,20 V,20.0,v
3,7357,1.12 lb,1.12,lb
3,7374,"2 Year Limited Warranty. To obtain a copy of the manufacturer's or supplier's warranty for this item prior to purchasing the item, please call Target Guest Services at 1-800-591-3869",,text
3,7359,194644309169,,text
3,7348,"Anker Prime Power Bank, 20,100mAh 3-Port Portable Charger with 220W Max Output",,text
3,7346,Anker,,text
3,7375,125.99,125.99,text
1,7360,20100 mAh,20100.0,mah
1,7361,220 W,220.0,w
1,7362,3,,text
1,7361,140 W,140.0,w
1,7376,12 V,12.0,v
1,7377,Lithium Polymer,,text
1,7378,510 grams,1.1244,lb
1,7379,5.78 x 1.75 x 1.96 inches,,in
1,7380,"Digital Display, Fast Charging",,text
1,7381,1.5 Hours,1.5,text
1,7382,Phantom Gray,,text
1,7363,A110B,,text
1,7383,194644239350,,text
1,7363,A110B,,text
1,7384,ClimatePartner certified,,text
9,7360,"20,100 mAh",20100.0,mah
9,7361,220 W,220.0,w
9,7362,"2 x USB-C Input/Output, 1 x USB-A Output",,text
9,7361,140 W,140.0,w
9,7364,Yes,,text
9,7364,100W,,text
9,7366,"20,100mAh (72.36Wh)",,text
9,7364,140W,,text
9,7362,"2x USB-C Input/Output, 1x USB-A Output",,text
9,7363,A110BH11,,text
9,7383,194644239350,,text
4,7385,Wireless,,text
4,7386,Bluetooth,,text
4,7387,true,,text
4,7388,Clip on,,text
4,7389,Sony,,text
4,7390,WFLC900/C,,text
4,7391,LinkBuds Clip Truly Wireless Open Earbuds,,text
4,7392,Greige,,text
4,7393,false,0.0,boolean
4,7394,Sports and Exercise,,text
4,7395,1.3 in,1.3,in
4,7396,2 in,2.0,in
4,7397,2 in,2.0,in
4,7398,0.12 lb,0.12,lb
4,7399,1 year,,text
4,7400,1 year,,text
4,7401,027242934177,,text
1,7402,Dynamic Driver,,text
1,7403,2.4 Hz,2.4,hz
1,7404,37 hours,37.0,hr
1,7405,Active Noise Cancellation,,text
1,7390,WFLC900C.UC,,text
1,7401,027242934177,,text
1,7388,Open Ear,,text
1,7406,Open Ear,,text
1,7407,IPX4,,text
1,7408,5.3,5.3,version
1,7409,10 Meters,10.0,m
1,7410,3 min,3.0,min
1,7402,10 Millimeters,10.0,mm
1,7398,0.06 Kilograms,0.1323,lb
1,7411,1.98 x 1.98 x 1.28 Inches,,in
1,7412,1.5 Ounces,42.52,g
1,7413,1,1.0,count
1,7414,"Versatile, Work, Exercise/Sports",,text
1,7386,Wireless,,text
1,7415,Touch,,text
1,7416,Yes,,text
7,146,Apple M5 chip,,text
7,148,16 GB,16.0,gb
7,147,512 GB,512.0,gb
7,169,3.3 lb,3.3,lb
7,228,500 nits,500.0,nit
7,144,2880 x 1864,,text
7,151,66.5 Wh,66.5,wh
7,7417,Notebook Mac,,text
7,7418,MacBook Air,,text
7,154,MDVH4LL/A,,text
7,156,Midnight,,text
7,163,macOS,,text
7,7419,M5,,text
7,159,10,10.0,count
7,147,512 GB,512.0,gb
7,229,,,text
7,7420,IPS,,text
7,165,Yes,,text
7,7421,12.0 Megapixel,12.0,mp
7,7422,1080p HD Video,,text
7,145,false,0.0,boolean
7,161,Apple M5 Chip 10-core GPU,,text
7,7423,Shared,,text
7,7424,Six-Speaker Sound System with Force-Cancelling Woofers,,text
7,7425,Three-Mic Array with Directional Beamforming,,text
7,231,Wi-Fi 7,,text
7,232,Bluetooth 6.0,,text
7,230,MagSafe 3 x1,,text
7,164,Thunderbolt 4 x2,2.0,count
7,7426,3.5mm Headphone x1,,text
7,152,Backlit Keyboard,,text
7,152,Magic Keyboard,,text
7,7427,Force Touch Trackpad,,text
7,234,40 W with Magsafe,40.0,w
7,7428,18 hours,18.0,hr
7,170,true,1.0,text
7,167,13.40 in. (340.36 mm),,in
7,168,9.35 in. (237.49 mm),,in
7,166,0.45 in. (11.43 mm),,in
7,174,195950697087,,text
1,5686,Dynamic Driver,,text
1,5683,"20Hz - 20,000Hz",,text
1,5676,40 hours,40.0,hr
1,5684,16 ohms,16.0,ohm
1,5668,Active Noise Cancellation,,text
1,5685,100 decibels adjusted,100.0,db
1,5686,8 Millimeters,8.0,text
1,5687,5.3,5.3,version
1,7429,10 Meters,10.0,m
1,5677,2,2.0,text
1,5696,49.6 g,0.1093,lb
1,5735,1.4 oz / 41 g,41.0,g
1,5743,64.3 x 25.8 x 48 Millimeters,,text
1,7430,Plastic,,text
1,5672,IP54,,text
1,5738,Touch,,text
1,5675,In Ear,,text
1,5674,True Wireless,,text
1,5679,JBLVBEAM2BLKAM,,text
1,5699,050036405041,,text
2,7431,3 qt,3.0,qt
2,7432,No,,text
2,7433,White Icing,,text
2,7434,"Aluminum, Electricals, etc",,text
2,7435,6.61 lb,6.61,lb
2,7436,1,,text
2,7437,3,3.0,count
2,7438,Beautiful,,text
2,7439,Crisping tray and basket,,text
2,7440,"Cool Touch Exterior, Digital Display, Removable Basket, Non-Stick, Automatic Shut-Off",,text
2,7441,400 °F,400.0,f
2,7442,170 °F,170.0,f
2,7436,"Air Fry, Bake, Roast, Reheat",,text
2,7443,1200 W,1200.0,w
2,7436,4,,text
2,7444,29023,,text
2,7445,36 in,36.0,in
2,7446,10.55 in,10.55,in
2,7447,Dishwasher safe parts,,text
2,7448,N,,text
2,7440,Residential,,text
2,7449,3 qt,3.0,qt
2,7450,6.61 lb,6.61,lb
2,7451,1,,text
2,7452,3,3.0,count
2,7453,Beautiful,,text
2,7454,400 °F,400.0,f
2,7455,170 °F,170.0,f
2,7456,Basket and Crisping Tray,,text
2,7451,"Air Fry, Bake, Reheat, Roast",,text
2,7457,1200 W,1200.0,w
2,7451,4,,text
2,7458,None,,text
2,7459,Plastic,,text
2,7460,36 in,36.0,in
2,7461,Hydrangea,,text
2,7462,29024,,text
2,7463,10.55 in,10.55,in
2,7464,Dishwasher safe parts,,text
2,7465,N,,text
2,7466,"Automatic Shut-Off, Cool Touch Exterior, Digital Display, End-of-Cycle Signal, Heat Resistant Handles, Non-Stick, Removable Basket",,text
2,7466,Residential,,text
2,7467,8.33 lb,8.33,lb
2,7468,No,,text
2,7469,"Air Fry, Roast, Reheat, Dehydrate",,text
2,7470,White Icing,,text
2,7471,"Aluminum, Electricals, etc",,text
2,7472,Hand Wash Recommended,,text
2,7473,6 qt,6.0,qt
2,7469,1,,text
2,7474,3,3.0,count
2,7475,1750 W,1750.0,w
2,7476,29028,,text
2,7477,Beautiful,,text
2,7478,400 °F,400.0,f
2,7469,4,,text
2,7479,90 °F,90.0,f
2,7480,"Cool Touch Exterior, Digital Display, Removable Basket, Non-Stick, Heat Resistant Handles",,text
2,7481,36 in,36.0,in
2,7482,N,,text
2,7483,14.80 x 11.57 x 11.14 in,,in
2,7480,Residential,,text
4,7484,Anker,,text
4,7485,A1665,,text
4,7486,"Nano Power Bank, Ultra-Slim 5,000mAh Magnetic Battery Pack, 15W Max Ultra-Fast MagSafe-Compatible Portable Charger",,text
4,7487,Black,,text
4,7488,5000 milliampere hours,5000.0,mah
4,7489,Lithium-polymer,,text
4,7490,RoHS,,text
4,7491,"Wireless, 1 x USB-C",,text
4,7492,Qi2,,text
4,7493,1 x USB-C,,text
4,7494,4.016 in,4.016,in
4,7495,0.339 in,0.339,in
4,7496,2.78 in,2.78,in
4,7497,0.24 lb,0.24,lb
4,7498,24_month,24.0,month
4,7499,24_month,24.0,month
4,7500,194644239879,,text
22,7501,5000 mAh,5000.0,mah
22,7502,20 W,20.0,w
22,7503,"USB-C, Wireless",,text
22,7502,20 W,20.0,w
22,7503,USB-C: 5V×3A / 9V×2.22A,,text
22,7504,5V×3A / 9V×2.22A,,text
22,7505,5W / 7.5W / 15W,,text
22,7506,"USB-C: 5V×2.4A Max, Wireless: 5W Max",5.0,w
22,7507,4.02 × 2.78 × 0.34 in | 102 × 70.6 × 8.6 mm,,text
22,7508,4.3 oz | 122 g,0.2687,lb
22,7509,Under 104°F,104.0,f
22,7510,Graphene,,text
22,7511,Dual NTC (Negative Temperature Coefficient) chips,,text
22,7512,A1665,,text
1,7501,5000 mAh,5000.0,mah
1,7502,15 W,15.0,w
1,7503,2,,text
1,7502,20 W,20.0,w
1,7512,A1665,,text
1,7513,194644240752,,text
1,7507,4.02 x 2.77 x 0.33 inches,,in
1,7508,0.27 lb,0.27,lb
1,7514,Black,,text
1,7515,Lithium Polymer,,text
1,7516,5 V,5.0,v
1,7517,Battery,,text
1,7518,"MagSafe, Qi",,text
1,7519,iPhone 16/15/14/13 Series,,text
1,7520,ClimatePartner certified,,text
1,7521,743M8T,,text
1,7522,Wireless Charging,,text
1,7523,Ultra-Slim,,text
1,7524,"Graphene cooling, dual NTC chips, smart heat control",,text
4,7525,Belkin,,text
4,7526,BPB012btSL,,text
4,7527,BOOST↑CHARGE USB-C Portable Charger 20K Power Bank with 1 USB-C Port and 2 USB-A Ports & Included USB-C to USB-A Cable,,text
4,7528,Silver,,text
4,7529,20000 milliampere hours,20000.0,mah
4,7530,Lithium-ion,,text
4,7531,3,,text
4,7532,"1 x USB-C, 2 x USB-A",,text
4,7532,3 watts,3.0,w
4,7533,1 x USB-C,,text
4,7534,12 V,12.0,v
4,7533,3 watts,3.0,w
4,7535,0.86 in,0.86,in
4,7536,6.24 in,6.24,in
4,7537,3.12 in,3.12,in
4,7538,0.97 lb,0.97,lb
4,7539,2 years,,text
4,7540,2 years,,text
4,7541,745883881277,,text
1,7529,20000 milliampere hours,20000.0,mah
1,7542,15 W,15.0,w
1,7543,"3 (1x USB-C, 2x USB-A)",,text
1,7542,12 W,12.0,w
1,7544,"USB Type A, USB Type C",,text
1,7534,5 V,5.0,v
1,7545,2 A,2.0,a
1,7546,3,3.0,count
1,7538,426 grams,0.9392,lb
1,7547,6.24 x 3.12 x 0.86 inches,,in
1,7548,Eco-friendly Post-Consumer-Recycled Materials,,text
1,7549,2 years,2.0,text
1,7526,BPB012,,text
1,7541,745883881277,,text
1,7550,"Cable Included, Fast Charging, High Capacity, LED Indicator Lights",,text
7,7529,20000 milliampere hours,20000.0,mah
7,7542,15 W,15.0,w
7,7543,"2 x USB-A, 1 x USB-C",,text
7,7542,15 W,15.0,w
7,7534,5V @ 2.4 A,,text
7,7531,Up to 3 devices,,text
7,7537,6.30 in. (160.02 mm),,in
7,7551,3.10 in. (78.74 mm),,in
7,7536,0.90 in. (22.86 mm),,in
7,7552,708503,,text
7,7526,BPB012BTSL,,text
7,7541,745883881277,,text
7,7528,Silver,,text
7,7553,Yes,,text
7,7548,72% post-consumer recycled plastic,,text
7,7549,2 Year Limited,,text
9,7529,20000 milliampere hours,20000.0,mah
9,7542,15 W,15.0,w
9,7543,"2x USB-A Output, 1x USB-C Input/Output",,text
9,7542,15 W,15.0,w
9,7547,6.3 x 3.1 x 0.9 in,,in
9,7538,1.08 lb,1.08,lb
9,7554,Yes: USB-C,,text
9,7535,6 in,6.0,in
9,7541,745883881277,,text
4,7555,true,1.0,boolean
4,7556,Stereo,,text
4,7557,"Wireless, Wired",,text
4,7558,Bluetooth,,text
4,7556,false,0.0,text
4,7559,50 feet,15.24,m
4,7560,false,,text
4,7561,true,1.0,boolean
4,7562,carrying_case,,text
4,7561,"Noise cancelling, Voice Activated",,text
4,7563,Over-the-Ear,,text
4,7564,true,,text
4,7565,20 hours,20.0,hr
4,7566,1.5 hours,90.0,min
4,7567,Apple Home,,text
4,7568,Siri,,text
4,7569,Apple,,text
4,7570,MWW43AM/A,,text
4,7571,AirPods Max (USB-C),,text
4,7572,Midnight,,text
4,7573,AirPods Max,,text
4,7574,true,1.0,boolean
4,7555,true,1.0,boolean
4,7575,20 Hz,20.0,hz
4,7576,16 ohms,16.0,ohm
4,7577,100 decibels adjusted,100.0,db
4,7578,true,1.0,boolean
4,7579,true,,text
4,7580,40 millimeters,40.0,mm
4,7581,5,5.0,version
4,7579,1,1.0,text
4,7557,Lightning,,text
4,7582,false,0.0,boolean
4,7560,false,,text
4,7583,"Call, Track selection, Voice assistant, Volume",,text
4,7556,false,0.0,text
4,7565,20 hours,20.0,hr
4,7565,18 hours,18.0,hr
4,7556,true,1.0,text
4,7584,Pro,,text
4,7562,false,0.0,text
4,7585,true,1.0,boolean
4,7586,Cable,,text
4,7587,10min=4hrs,,text
4,7586,USB-C,,text
4,7588,No,,text
4,7564,"Mesh textile, memory foam",,text
4,7564,Stainless steel,,text
4,7589,7.37 in,7.37,in
4,7590,6.64 in,6.64,in
4,7591,12.2 in,12.2,in
4,7592,0.85 lb,0.85,lb
4,7593,Apple One (1) Year Limited Warranty,,text
4,7594,Apple One (1) Year Limited Warranty,,text
4,7595,195949543890,,text
1,7596,Apple-designed dynamic driver,,text
1,7597,20 Hz - 20 kHz,,text
1,7598,20 hours,20.0,hr
1,7599,32 ohms,32.0,ohm
1,7600,Pro-level Active Noise Cancellation,,text
1,7601,13.6 ounces,0.85,lb
1,7602,9.75 x 9.5 x 3.25 inches,,in
1,7603,USB-C,,text
1,7604,Bluetooth 5.0,,text
1,7605,Included Smart Case,,text
1,7606,Lithium Ion,,text
1,7607,MWW43AM/A,,text
1,7608,Apple,,text
9,7580,Dynamic,,text
9,7565,20 hours,20.0,hr
9,7555,Yes,,text
9,7563,Dual Ear with Headband,,text
9,7562,No,,text
9,7609,Yes,,text
9,7563,Over-Ear (Circumaural),,text
9,7574,Closed-Back,,text
9,7556,"Stereo, Spatial Audio Support",,text
9,7580,1 per Earpiece,,text
9,7583,"Yes (on Right Earpiece): Mute, Volume",,text
9,7610,"Accelerometer/Motion, Location/Find, Touch",,text
9,7561,Built-In Mic,,text
9,7561,3,,text
9,7558,"Wireless, Bluetooth 5.0",,text
9,7579,Yes,,text
9,7579,2,,text
9,7557,No Wired Audio Support,,text
9,7567,Yes: iOS Only,,text
9,7587,5 Minutes for 1.5 Hour,,text
9,7586,USB-C,,text
9,7611,No,,text
9,7612,7.4 x 6.6 x 3.3 inches / 187 x 168.4 x 83.4 mm,,text
9,7592,13.6 oz / 386 g,0.85,lb
9,7595,195949543890,,text
7,7580,Dynamic,,text
7,7575,20 Hz - 20 kHz,,text
7,7565,20 hours,20.0,hr
7,7576,32 ohms,32.0,ohm
7,7555,Active Noise Cancellation,,text
7,7613,757369,,text
7,7570,MWW43AM/A,,text
7,7595,195949543890,,text
7,7557,Bluetooth,,text
7,7572,Black,,text
7,7584,Over Ear,,text
7,7586,USB Type-C,,text
7,7592,0.85 lb,0.85,lb
7,7593,1 Year Limited,,text
7,7594,1 Year Limited,,text
5,7614,Refrigerator,,text
5,7614,Not Applicable,,text
5,7614,Freezerless Refrigerator,,text
5,7615,White,,text
5,7615,White,,text
5,7616,Manual,,text
5,7617,No Additional Features,,text
5,7618,Digital Temperature Control,,text
5,7619,Bar Handle,,text
5,7620,No Ice Maker,,text
5,7621,Counter Depth,,text
5,7618,No Additional Features,,text
5,7622,No Dispenser,,text
5,7623,Non-Returnable,,text
5,7624,No Additional Features,,text
5,7625,20 cu ft,20.0,cu_ft
5,7626,ETL Listed,,text
5,7627,1-Year Parts and Labor,,text
5,7628,27.4 in,27.4,in
5,7628,29.6 in,29.6,in
5,7629,25.2 in,25.2,in
5,7628,56.5 in,56.5,in
5,7630,74.4 in,74.4,in
5,7631,74.4 in,74.4,in
5,7628,27.4 in,27.4,in
5,7632,74.4 in,74.4,in
5,7633,30.1 in,30.1,in
5,7633,27.4 in,27.4,in
5,7634,Refrigerator,,text
5,7634,Not Applicable,,text
5,7634,Compact Refrigerator,,text
5,7635,Stainless,,text
5,7635,Platinum,,text
5,7636,4.5 cu ft,4.5,cu_ft
5,7637,Top Door Freezer,,text
5,7638,"Flat-back Design,Interior Light",,text
5,7639,Counter Depth,,text
5,7640,2 Door,,text
5,7638,Dial Temperature Control,,text
5,7641,No Dispenser,,text
5,7642,Non-Returnable,,text
5,7643,"Crisper Drawer,Removable Shelves",,text
5,7644,CSA Listed,,text
5,7645,1 Year Parts and Labor 5 Years Compressor (Part Only),,text
5,7646,19.4 in,19.4,in
5,7647,16.5 in,16.5,in
5,7648,44.5 in,44.5,in
5,7649,44 in,44.0,in
5,7646,19.4 in,19.4,in
5,7650,44.5 in,44.5,in
5,7651,18.5 in,18.5,in
5,7651,18.5 in,18.5,in
13,7636,4.5 cu ft,4.5,cu_ft
13,7652,true,1.0,text
13,7653,327 kWh/yr,327.0,kwh_per_year
13,7653,368 kWh/yr,368.0,kwh_per_year
13,7650,44.5 in,44.5,in
13,7651,18.5 in,18.5,in
13,7639,Yes,,text
13,7654,12/19/2022,,text
13,7655,12/19/2022,,text
13,7638,"United States, Canada",,text
13,7656,2406285,,text
13,7657,665679008315,,text
13,7658,Automatic,,text
13,7639,No,,text
13,7641,No,,text
13,7659,No,,text
5,7660,Refrigerator,,text
5,7660,Not Applicable,,text
5,7660,Compact Refrigerator,,text
5,7661,White,,text
5,7661,White,,text
5,7662,1.7 cu ft,1.7,cu_ft
5,7663,No Freezer,,text
5,7664,Flat-back Design,,text
5,7665,Counter Depth,,text
5,7666,1 Door,,text
5,7664,Dial Temperature Control,,text
5,7667,No Dispenser,,text
5,7668,90-Day,,text
5,7669,Removable Shelves,,text
5,7670,1 Year Parts and Labor; 5 Years Compressor (part only),,text
5,7671,18.9 in,18.9,in
5,7672,16.6 in,16.6,in
5,7673,19.5 in,19.5,in
5,7674,19.1 in,19.1,in
5,7671,18.9 in,18.9,in
5,7675,19.5 in,19.5,in
5,7676,17.3 in,17.3,in
5,7676,17.3 in,17.3,in
13,7662,1.7 cu ft,1.7,cu_ft
13,7677,true,1.0,text
13,7678,245 kWh/yr,245.0,kwh_per_year
13,7678,275 kWh/yr,275.0,kwh_per_year
13,7675,19.5 in,19.5,in
13,7676,17.3 in,17.3,in
13,7665,Yes,,text
13,7679,03/12/2025,,text
13,7680,03/14/2025,,text
13,7664,"United States, Canada",,text
13,7681,4000164,,text
13,7682,665679006571,,text
13,7683,with compressor B35C5B,,text
13,7684,Automatic,,text
13,7665,No,,text
13,7667,No,,text
13,7685,No,,text
5,7686,Refrigerator,,text
5,7686,MAGIC CHEF RETRO,,text
5,7686,Compact Refrigerator,,text
5,7687,Red,,text
5,7687,Red,,text
5,7688,3.2 cu ft,3.2,cu_ft
5,7689,Top Door Freezer,,text
5,7690,"Flat-back Design,Interior Light,Retro",,text
5,7691,Counter Depth,,text
5,7692,2 Door,,text
5,7690,Dial Temperature Control,,text
5,7693,No Dispenser,,text
5,7694,90-Day,,text
5,7695,"Can Dispenser,Crisper Drawer,Removable Shelves",,text
5,7696,Retro,,text
5,7697,UL Certified,,text
5,7698,1 Year Parts and Labor,,text
5,7699,20.1 in,20.1,in
5,7700,17.1 in,17.1,in
5,7701,33.5 in,33.5,in
5,7702,33.5 in,33.5,in
5,7699,20.1 in,20.1,in
5,7703,33.5 in,33.5,in
5,7704,19.1 in,19.1,in
5,7704,19.1 in,19.1,in
5,7705,Refrigerator,,text
5,7705,Not Applicable,,text
5,7705,Compact Refrigerator,,text
5,7706,Platinum,,text
5,7706,Platinum,,text
5,7707,3.2 cu ft,3.2,cu_ft
5,7708,Compact-in Fridge,,text
5,7709,"No Additional Features,Retro",,text
5,7710,Counter Depth,,text
5,7711,1 Door,,text
5,7709,Dial Temperature Control,,text
5,7712,No Dispenser,,text
5,7713,Non-Returnable,,text
5,7714,"Adjustable Shelves/Racks,Can Dispenser,Gallon Door Storage,Removable Shelves,Spill Proof Shelves",,text
5,7715,Retro,,text
5,7716,No Certifications or Listings,,text
5,7717,1 year parts and labor,,text
5,7718,18.03 in,18.03,in
5,7719,17.03 in,17.03,in
5,7720,32.5 in,32.5,in
5,7721,32.5 in,32.5,in
5,7718,18.03 in,18.03,in
5,7722,32.5 in,32.5,in
5,7723,17.83 in,17.83,in
5,7723,17.83 in,17.83,in
1,7688,3.2 cu ft,3.2,cu_ft
1,7724,2.24 cu. ft.,2.24,cu_ft
1,7725,3.2 cu ft,3.2,cu_ft
1,7726,true,1.0,text
1,7727,"20.1""D x 19.1""W x 33.5""H",,in
1,7692,2,,text
1,7728,Manual,,text
1,7729,Compressor,,text
1,7695,3,3.0,count
1,7730,Yes,,text
1,7731,Type A - 2 pin (North American),,text
1,7692,Right,,text
1,7732,Yes,,text
1,7733,Electronic,,text
1,7687,Matte,,text
1,7692,Stainless Steel,,text
1,7734,HMCR320RE,,text
1,7735,665679006977,,text
1,7707,3.2 cu ft,3.2,cu_ft
1,7736,3.0 cu ft,3.0,cu_ft
1,7737,0.2 cu ft,0.2,cu_ft
1,7738,true,1.0,text
1,7739,17.7 x 32.7 x 18.75 inches,,in
1,7740,32 lb,32.0,lb
1,7741,20 Kilowatt Hours,20.0,kwh
1,7742,120 V,120.0,v
1,7743,Manual,,text
1,7744,Compressor,,text
1,7711,1,,text
1,7714,Glass,,text
1,7714,2,2.0,count
1,7711,Reversible,,text
1,7710,Freestanding,,text
1,7745,Frigidaire,,text
1,7746,EFR323,,text
1,7747,058465816049,,text
1,7745,Curtis International LTD,,text
1,7717,1 Year Manufacturer Limited,,text
3,7709,Low Noise,,text
3,7748,32 Degrees Fahrenheit,32.0,f
3,7718,35.23 in,35.23,in
3,7744,Compressor Cooled,,text
3,7717,"1 Year Limited Warranty. To obtain a copy of the manufacturer's or supplier's warranty for this item prior to purchasing the item, please call Target Guest Services at 1-800-591-3869",,text
3,7740,43 lb,43.0,lb
3,7739,32.8 Inches (H) x 18.5 Inches (W) x 17.32 Inches (D),,in
3,7749,No Handle,,text
3,7749,Door: Stainless Steel,,text
3,7711,Reversible,,text
3,7739,28.5 Inches (H) x 18.5 Inches (W) x 15.5 Inches (D),,in
3,7736,3.2 cubic-ft,,cu_ft
3,7705,Freestanding,,text
3,7716,No Certifications,,text
3,7737,0 cubic-ft,,cu_ft
3,7750,206 Watts,206.0,w
3,7714,2,2.0,count
3,7751,3.2 cubic-ft,3.2,cu_ft
3,7746,EFR323,,text
3,7714,Solid Glass,,text
3,7708,No Freezer,,text
3,7747,058465816049,,text
3,7752,"Frigidaire 3.2 cu ft Single-Door Refrigerator - Platinum: Small Beverage Fridge, Stainless Steel, Low Noise, Reversible Door",,text
3,7745,Frigidaire,,text
3,7753,158.99,158.99,text
5,7754,Refrigerator,,text
5,7754,Not Applicable,,text
5,7754,Compact Refrigerator,,text
5,7755,Black,,text
5,7755,Black,,text
5,7756,3.2 cu ft,3.2,cu_ft
5,7757,Compact-in Fridge,,text
5,7758,"Flat-back Design,Retro,Reversible Door Hinge",,text
5,7759,Counter Depth,,text
5,7760,1 Door,,text
5,7758,No Additional Features,,text
5,7761,No Dispenser,,text
5,7762,90-Day,,text
5,7763,"No Additional Features,Removable Shelves",,text
5,7764,Retro,,text
5,7765,UL Listed,,text
5,7766,One year parts and labor,,text
5,7767,20.8 in,20.8,in
5,7768,18.8 in,18.8,in
5,7769,36.6 in,36.6,in
5,7770,35.6 in,35.6,in
5,7767,20.8 in,20.8,in
5,7771,36.6 in,36.6,in
5,7772,20.2 in,20.2,in
5,7772,20.2 in,20.2,in
1,7756,3.1 cu ft,3.1,cu_ft
1,7773,3.2 cu ft,3.2,cu_ft
1,7774,0.2 cu ft,0.2,cu_ft
1,7775,true,1.0,text
1,7602,"16.5""D x 19""W x 31""H",,in
1,7776,120 V,120.0,v
1,7777,Automatic,,text
1,7778,Compressor,,text
1,7760,1,,text
1,7763,"glass shelves, slide out",,text
1,7763,2,2.0,count
1,7760,Reversible,,text
1,7779,"Refrigerator, Compact Fridge",,text
1,7607,EFR376-BLACK,,text
1,7780,058465807320,,text
1,7608,Curtis International Ltd.,,text
1,7766,"1 Year, 1 year manufacturer warranty",,text
5,7781,Refrigerator,,text
5,7781,Not Applicable,,text
5,7781,Compact Refrigerator,,text
5,7782,Black,,text
5,7782,Black,,text
5,7783,3.1 cu ft,3.1,cu_ft
5,7784,Top Door Freezer,,text
5,7785,"Flat-back Design,Retro,Reversible Door Hinge",,text
5,7786,Counter Depth,,text
5,7787,2 Door,,text
5,7785,"Dial Temperature Control,No Additional Features",,text
5,7788,No Dispenser,,text
5,7789,90-Day,,text
5,7790,"Adjustable Shelves/Racks,Can Dispenser,Crisper Drawer,Removable Shelves,Spill Proof Shelves",,text
5,7791,Retro,,text
5,7792,UL Listed,,text
5,7793,1 year parts and labor,,text
5,7794,21 in,21.0,in
5,7795,16.9 in,16.9,in
5,7796,33.1 in,33.1,in
5,7797,32.9 in,32.9,in
5,7794,21 in,21.0,in
5,7798,32.9 in,32.9,in
5,7799,18.9 in,18.9,in
5,7799,18.9 in,18.9,in
1,7783,3.2 cu ft,3.2,cu_ft
1,7800,3.1 cu ft,3.1,cu_ft
1,7801,0.25 cu ft,0.25,cu_ft
1,7802,true,1.0,text
1,7803,Under 40 dB,,text
1,7804,40 lb,40.0,lb
1,7805,"21""D x 22""W x 34""H",,in
1,7806,111 V,111.0,v
1,7787,2,,text
1,7807,Automatic,,text
1,7808,Compressor,,text
1,7790,Glass,,text
1,7790,3,3.0,count
1,7809,Yes,,text
1,7787,Right,,text
1,7810,No,,text
1,7811,Yes,,text
1,7811,AC,,text
1,7812,Electronic,,text
1,7782,Glossy,,text
1,7787,Metal,,text
1,7813,EFR840-BLACK-COM,,text
1,7814,058465809348,,text
1,7793,1 year parts and labour,,text
3,7784,7.87 Inches,,text
3,7784,14.76 Inches,,text
3,7809,32 Degrees Fahrenheit,32.0,f
3,7805,18.58 Inches (H) x 14.96 Inches (W) x 14.96 Inches (D),,in
3,7815,Owner's Manual,,text
3,7808,Compressor Cooled,,text
3,7794,35.73 in,35.73,in
3,7793,"1 Year Limited Warranty. To obtain a copy of the manufacturer's or supplier's warranty for this item prior to purchasing the item, please call Target Guest Services at 1-800-591-3869",,text
3,7816,65 Watts,65.0,w
3,7784,Compact Interior Freezer,,text
3,7817,Stainless Steel,,text
3,7817,Door: Plastic,,text
3,7805,33.5 Inches (H) x 21.26 Inches (W) x 19.01 Inches (D),,in
3,7787,Reversible,,text
3,7804,53 lb,53.0,lb
3,7790,Metal Wire,,text
3,7784,14.76 Inches,,text
3,7785,Manual Defrost,,text
3,7800,2.8 cubic-ft,2.8,cu_ft
3,7813,EFR840-BLACK,,text
3,7801,.4 cubic-ft,0.4,cu_ft
3,7781,Freestanding,,text
3,7792,No Certifications,,text
3,7790,2,2.0,count
3,7818,3.2 cubic-ft,3.2,cu_ft
3,7814,058465809348,,text
3,7819,"Frigidaire 3.2 cu ft 2 Door Retro Fridge with Side Bottle Opener Black: EFR840, Compact Freezer, Manual Defrost",,text
3,7820,Frigidaire,,text
3,7821,249.99,249.99,text
5,7822,Refrigerator,,text
5,7822,Not Applicable,,text
5,7822,Compact Refrigerator,,text
5,7823,Platinum,,text
5,7823,Platinum,,text
5,7824,7.5 cu ft,7.5,cu_ft
5,7825,Top Door Freezer,,text
5,7826,No Additional Features,,text
5,7827,Counter Depth,,text
5,7828,2 Door,,text
5,7826,Dial Temperature Control,,text
5,7829,No Dispenser,,text
5,7830,Non-Returnable,,text
5,7831,"Adjustable Door Storage,Adjustable Racks,Crisper Drawer,Removable Shelves",,text
5,7832,No Certifications or Listings,,text
5,7833,1 year,,text
5,7834,21.45 in,21.45,in
5,7835,18.5 in,18.5,in
5,7836,55.5 in,55.5,in
5,7837,54.97 in,54.97,in
5,7834,21.45 in,21.45,in
5,7838,55.5 in,55.5,in
5,7839,21.5 in,21.5,in
5,7839,21.5 in,21.5,in
5,7840,Refrigerator,,text
5,7840,Not Applicable,,text
5,7840,Compact Refrigerator,,text
5,7841,Pink,,text
5,7841,Pink,,text
5,7842,3.2 cu ft,3.2,cu_ft
5,7843,Compact-in Fridge,,text
5,7844,"Flat-back Design,Retro",,text
5,7845,Counter Depth,,text
5,7846,1 Door,,text
5,7844,No Additional Features,,text
5,7847,No Dispenser,,text
5,7848,Non-Returnable,,text
5,7849,"Can Dispenser,Gallon Door Storage,Removable Shelves,Spill Proof Shelves",,text
5,7850,Retro,,text
5,7851,UL Listed,,text
5,7852,One Year parts and labor,,text
5,7853,20.87 in,20.87,in
5,7854,16.93 in,16.93,in
5,7855,30.31 in,30.31,in
5,7856,30.31 in,30.31,in
5,7853,20.87 in,20.87,in
5,7857,30.31 in,30.31,in
5,7858,17.32 in,17.32,in
5,7858,17.32 in,17.32,in
3,7859,331 Watts,331.0,w
3,7825,11.77 Inches,,text
3,7860,51.25 Inches (H) x 19.85 Inches (W) x 18.5 Inches (D),,in
3,7861,Compressor Cooled,,text
3,7862,Minus 11 Degrees Fahrenheit,-11.0,f
3,7833,"1 Year Limited Warranty. To obtain a copy of the manufacturer's or supplier's warranty for this item prior to purchasing the item, please call Target Guest Services at 1-800-591-3869",,text
3,7825,Top Door Freezer,,text
3,7863,No Handle,,text
3,7863,Door: Stainless Steel,,text
3,7828,Reversible,,text
3,7826,Adjustable Shelves,,text
3,7831,3,3.0,count
3,7825,16.18 Inches,,text
3,7864,48.8 cu ft,48.8,cu_ft
3,7834,44.01 in,44.01,in
3,7825,15.83 Inches,,text
3,7860,55.51 Inches (H) x 22.83 Inches (W) x 22.36 Inches (D),,in
3,7822,Freestanding,,text
3,7832,No Certifications,,text
3,7865,6 cubic-ft,6.0,cu_ft
3,7866,85 lb,85.0,lb
3,7831,Solid Glass,,text
3,7867,7.5 cubic-ft,7.5,cu_ft
3,7868,058465816605,,text
3,7869,"Frigidaire 7.5 cu ft top-Mount Refrigerator - Platinum: Stainless Steel, Freestanding, Adjustable Shelves, Reversible Door",,text
3,7870,Frigidaire,,text
3,7871,298.99,298.99,text
1,7842,3.2 cu ft,3.2,cu_ft
1,7872,3.2 cu ft,3.2,cu_ft
1,7873,0.2 cu ft,0.2,cu_ft
1,7874,true,1.0,text
1,7875,19.3D x 17.5W x 31.5H inches,,in
1,7876,49 lb,49.0,lb
1,7877,222 Kilowatt Hours Per Year,222.0,kwh_per_year
1,7878,110 V,110.0,v
1,7879,Manual,,text
1,7846,1,,text
1,7880,Thermoelectric,,text
1,7849,Glass,,text
1,7849,3,3.0,count
1,7881,Yes,,text
1,7846,Reversible,,text
1,7882,Electronic,,text
1,7883,EFR372-PINK,,text
1,7884,058465809386,,text
1,7885,Curtis International Ltd.,,text
1,7852,"1 Year, 1 year manufacturer warranty",,text
5,7886,Refrigerator,,text
5,7886,Not Applicable,,text
5,7886,Compact Refrigerator,,text
5,7887,Black,,text
5,7887,Black,,text
5,7888,7.5 cu ft,7.5,cu_ft
5,7889,Top Door Freezer,,text
5,7890,No Additional Features,,text
5,7891,Counter Depth,,text
5,7892,2 Door,,text
5,7890,Dial Temperature Control,,text
5,7893,No Dispenser,,text
5,7894,90-Day,,text
5,7895,"Adjustable Shelves/Racks,Crisper Drawer,Spill Proof Shelves",,text
5,7896,No Certifications or Listings,,text
5,7897,1 year parts and labor,,text
5,7898,22.36 in,22.36,in
5,7899,21.85 in,21.85,in
5,7900,55.51 in,55.51,in
5,7901,55.31 in,55.31,in
5,7898,22.4 in,22.4,in
5,7902,55.5 in,55.5,in
5,7903,21.5 in,21.5,in
5,7903,21.5 in,21.5,in
5,7904,Refrigerator,,text
5,7904,Not Applicable,,text
5,7904,Compact Refrigerator,,text
5,7905,Platinum,,text
5,7905,Platinum,,text
5,7906,4.6 cu ft,4.6,cu_ft
5,7907,Compact-in Fridge,,text
5,7908,"Flat-back Design,Retro",,text
5,7909,Counter Depth,,text
5,7910,1 Door,,text
5,7908,Dial Temperature Control,,text
5,7911,No Dispenser,,text
5,7912,Non-Returnable,,text
5,7913,"Adjustable Shelves/Racks,Can Dispenser,Gallon Door Storage,Removable Shelves,Spill Proof Shelves",,text
5,7914,Retro,,text
5,7915,No Certifications or Listings,,text
5,7916,1 year parts and labor,,text
5,7917,21.46 in,21.46,in
5,7918,19.29 in,19.29,in
5,7919,31.81 in,31.81,in
5,7920,31.42 in,31.42,in
5,7917,21.46 in,21.46,in
5,7921,31.81 in,31.81,in
5,7922,20.08 in,20.08,in
5,7922,20.5 in,20.5,in
1,7888,7.5 cu ft,7.5,cu_ft
1,7923,6.5 cu ft,6.5,cu_ft
1,7924,1.5 cu ft,1.5,cu_ft
1,7925,false,0.0,text
1,7926,"23""D x 23.5""W x 57""H",,in
1,7927,90 lb,90.0,lb
1,7928,20 Kilowatt Hours,20.0,kwh
1,7929,120 V,120.0,v
1,7930,Manual,,text
1,7931,reciprocating,,text
1,7932,Compressor,,text
1,7895,4,4.0,count
1,7933,Yes,,text
1,7892,Reversible,,text
1,7892,3,,text
1,7934,Corded Electric,,text
1,7935,EFR786-BLACK,,text
1,7936,058465818494,,text
1,7937,Frigidaire,,text
1,7891,Freestanding,,text
1,7938,Retro,,text
1,7906,4.5 cu ft,4.5,cu_ft
1,7939,4.5 cu ft,4.5,cu_ft
1,7940,0.3 cu ft,0.3,cu_ft
1,7941,true,1.0,text
1,7942,"21""D x 22""W x 32""H",,in
1,7943,49 lb,49.0,lb
1,7944,5 Kilowatt Hours,5.0,kwh
1,7945,110 V,110.0,v
1,7946,Manual Defrost,,text
1,7947,Compressor,,text
1,7913,3,3.0,count
1,7948,Yes,,text
1,7910,Reversible,,text
1,7949,R-600A,,text
1,7905,Glossy,,text
1,7910,Stainless Steel,,text
1,7950,EFR0492,,text
1,7951,EFR0492,,text
1,7952,058465816407,,text
1,7951,EFR492,,text
1,7910,1,,text
1,7909,Freestanding,,text
1,7914,Compact,,text
3,7951,EFR492,,text
3,7948,32 Degrees Fahrenheit,32.0,f
3,7942,28.5 Inches (H) x 18.75 Inches (W) x 19.5 Inches (D),,in
3,7908,"Adjustable Shelves, Adjustable Leg Leveling",,text
3,7939,4.5 cu ft,4.5,cu_ft
3,7953,Owner's Manual,,text
3,7947,Compressor Cooled,,text
3,7916,"1 Year Limited Warranty. To obtain a copy of the manufacturer's or supplier's warranty for this item prior to purchasing the item, please call Target Guest Services at 1-800-591-3869",,text
3,7954,No Handle,,text
3,7954,Door: Stainless Steel,,text
3,7910,Reversible,,text
3,7955,4.5 cubic-ft,4.5,cu_ft
3,7943,50 lb,50.0,lb
3,7904,Freestanding,,text
3,7915,No Certifications,,text
3,7956,80 Watts,80.0,w
3,7917,40.5 in,40.5,in
3,7940,0 cu ft,0.0,cu_ft
3,7942,33.75 Inches (H) x 23 Inches (W) x 22 Inches (D),,in
3,7913,2,2.0,count
3,7913,Solid Glass,,text
3,7907,No Freezer,,text
3,7952,058465816407,,text
3,7957,"Frigidaire 4.5 cu ft Single-Door Refrigerator - Platinum - EFR492: Mini Fridge, No Freezer, Stainless Steel, Adjustable Shelves",,text
3,7958,Frigidaire,,text
3,7959,188.99,188.99,text
5,7960,Refrigerator,,text
5,7960,Not Applicable,,text
5,7960,Compact Refrigerator,,text
5,7961,Cream,,text
5,7961,Off-White,,text
5,7962,7.5 cu ft,7.5,cu_ft
5,7963,Top Door Freezer,,text
5,7964,"Flat-back Design,Hidden Hinge",,text
5,7965,Counter Depth,,text
5,7966,2 Door,,text
5,7964,Dial Temperature Control,,text
5,7967,No Dispenser,,text
5,7968,Non-Returnable,,text
5,7969,"Crisper Drawer,Gallon Door Storage,Removable Shelves,Spill Proof Shelves",,text
5,7970,No Certifications or Listings,,text
5,7971,1 year parts and labor,,text
5,7972,23.03 in,23.03,in
5,7973,19.5 in,19.5,in
5,7974,53.87 in,53.87,in
5,7975,57.87 in,57.87,in
5,7972,23.03 in,23.03,in
5,7976,57.87 in,57.87,in
5,7977,21.5 in,21.5,in
5,7977,21.5 in,21.5,in
1,7962,7.5 cu ft,7.5,cu_ft
1,7978,7.0 cu ft,7.0,cu_ft
1,7979,0.5 cu ft,0.5,cu_ft
1,7980,false,0.0,text
1,7981,"23""D x 23""W x 55""H",,in
1,7982,90 lb,90.0,lb
1,7983,378 Kilowatt Hours,378.0,kwh
1,7984,110 V,110.0,v
1,7985,Manual,,text
1,7986,Compressor,,text
1,7966,2,,text
1,7969,Glass,,text
1,7969,3,3.0,count
1,7966,Right,,text
1,7987,No,,text
1,7988,Yes,,text
1,7989,2,2.0,count
1,7966,1,,text
1,7990,4,4.0,count
1,7991,EFR756CREAM,,text
1,7992,058465817237,,text
1,7993,Curtis International Ltd.,,text
1,7994,Retro,,text
1,7965,Freestanding,,text
1,7964,Adjustable Thermostat,,text
5,7995,Refrigerator,,text
5,7995,Not Applicable,,text
5,7995,Compact Refrigerator,,text
5,7996,Platinum & Black finish,,text
5,7996,Platinum,,text
5,7997,4.5 cu ft,4.5,cu_ft
5,7998,Top Door Freezer,,text
5,7999,"Interior Light,No Additional Features",,text
5,8000,Counter Depth,,text
5,8001,2 Door,,text
5,7999,No Additional Features,,text
5,8002,No Dispenser,,text
5,8003,Non-Returnable,,text
5,8004,"Can Dispenser,Crisper Drawer,No Additional Features,Slide-Out Fresh Food Shelves",,text
5,8005,No Certifications or Listings,,text
5,8006,1 year,,text
5,8007,21.7 in,21.7,in
5,8008,16.9 in,16.9,in
5,8009,42.9 in,42.9,in
5,8010,42.3 in,42.3,in
5,8007,20.1 in,20.1,in
5,8011,42.9 in,42.9,in
5,8012,18.9 in,18.9,in
5,8012,18.9 in,18.9,in
5,8013,Refrigerator,,text
5,8013,Not Applicable,,text
5,8013,Compact Refrigerator,,text
5,8014,Stainless,,text
5,8014,Stainless Look,,text
5,8015,2.6 cu ft,2.6,cu_ft
5,8016,Compact-in Fridge,,text
5,8017,No Additional Features,,text
5,8018,Counter Depth,,text
5,8019,1 Door,,text
5,8017,Dial Temperature Control,,text
5,8020,No Dispenser,,text
5,8021,90-Day,,text
5,8022,"Can Dispenser,Removable Shelves",,text
5,8023,cUL Listed,,text
5,8024,"1 Year Parts and Labor, 5 Years Compressor (parts only)",,text
5,8025,19.3 in,19.3,in
5,8026,18.1 in,18.1,in
5,8027,25 in,25.0,in
5,8028,25 in,25.0,in
5,8025,19.3 in,19.3,in
5,8029,25 in,25.0,in
5,8030,17.5 in,17.5,in
5,8030,17.5 in,17.5,in
1,7997,4.5 cu ft,4.5,cu_ft
1,8031,4.3 cu ft,4.3,cu_ft
1,8032,0.8 cu ft,0.8,cu_ft
1,8033,true,1.0,text
1,8034,20.1 x 18.9 x 43 inches,,in
1,8035,50 lb,50.0,lb
1,8036,250 Kilowatt Hours Per Year,250.0,kwh_per_year
1,8037,110 V,110.0,v
1,8038,Manual,,text
1,8039,Compressor,,text
1,8001,2,,text
1,8004,Glass,,text
1,8004,3,3.0,count
1,8040,Yes,,text
1,8001,Stainless Steel,,text
1,8041,Electronic,,text
1,8042,EFR451,,text
1,8043,058465816391,,text
5,8044,Refrigerator,,text
5,8044,Not Applicable,,text
5,8044,Compact Refrigerator,,text
5,8045,White,,text
5,8045,White,,text
5,8046,4.5 cu ft,4.5,cu_ft
5,8047,Top Door Freezer,,text
5,8048,"Flat-back Design,Interior Light,Reversible Door Hinge",,text
5,8049,Counter Depth,,text
5,8050,2 Door,,text
5,8048,Dial Temperature Control,,text
5,8051,No Dispenser,,text
5,8052,Non-Returnable,,text
5,8053,"Crisper Drawer,Removable Shelves",,text
5,8054,CSA Listed,,text
5,8055,1 Year Parts and Labor 5 Years Compressor (Part Only),,text
5,8056,19.4 in,19.4,in
5,8057,16.5 in,16.5,in
5,8058,44.5 in,44.5,in
5,8059,44 in,44.0,in
5,8056,19.4 in,19.4,in
5,8060,44.5 in,44.5,in
5,8061,18.5 in,18.5,in
5,8061,18.5 in,18.5,in
13,8046,4.5 cu ft,4.5,cu_ft
13,8062,true,1.0,text
13,8063,327 kWh/yr,327.0,kwh_per_year
13,8063,368 kWh/yr,368.0,kwh_per_year
13,8060,44.5 in,44.5,in
13,8061,18.5 in,18.5,in
13,8049,Yes,,text
13,8064,12/19/2022,,text
13,8065,12/19/2022,,text
13,8048,"United States, Canada",,text
13,8066,2406283,,text
13,8067,665679008322,,text
13,8068,Automatic,,text
13,8049,No,,text
13,8051,No,,text
13,8069,No,,text
1,8046,4.5 cu ft,4.5,cu_ft
1,8070,3.3 cu. ft.,3.3,cu_ft
1,8071,1.2 cu ft,1.2,cu_ft
1,8062,true,1.0,text
1,8072,"18.5""D x 19.4""W x 44.5""H",,in
1,8073,60 lb,60.0,lb
1,8063,327 kWh/yr,327.0,kwh_per_year
1,8068,Manual,,text
1,8050,2,,text
1,8074,Compressor,,text
1,8075,Corded Electric,,text
1,8076,HMDR45W,,text
1,8067,665679008322,,text
1,8077,Compact,,text
1,8048,"Adjustable Settings, Compact, Energy Efficient, Freezer",,text
1,8049,Freestanding,,text
1,8053,4,4.0,count
1,8078,Yes,,text
1,8050,Reversible,,text
5,8079,Refrigerator,,text
5,8079,Not Applicable,,text
5,8079,Compact Refrigerator,,text
5,8080,Stainless,,text
5,8080,Stainless Look,,text
5,8081,1.7 cu ft,1.7,cu_ft
5,8082,No Freezer,,text
5,8083,"Flat-back Design,Reversible Door Hinge",,text
5,8084,Counter Depth,,text
5,8085,1 Door,,text
5,8083,Dial Temperature Control,,text
5,8086,No Dispenser,,text
5,8087,90-Day,,text
5,8088,Removable Shelves,,text
5,8089,UL Listed,,text
5,8090,1 year parts and Labor,,text
5,8091,18.9 in,18.9,in
5,8092,16.6 in,16.6,in
5,8093,19.5 in,19.5,in
5,8094,19.5 in,19.5,in
5,8091,18.9 in,18.9,in
5,8095,19.5 in,19.5,in
5,8096,17.3 in,17.3,in
5,8096,17.3 in,17.3,in
5,8097,Refrigerator,,text
5,8097,Not Applicable,,text
5,8097,Compact Refrigerator,,text
5,8098,Stainless,,text
5,8098,Stainless Look,,text
5,8099,4.5 cu ft,4.5,cu_ft
5,8100,Compact-in Fridge,,text
5,8101,"Flat-back Design,Interior Light",,text
5,8102,Counter Depth,,text
5,8103,1 Door,,text
5,8101,Dial Temperature Control,,text
5,8104,No Dispenser,,text
5,8105,90-Day,,text
5,8106,"Crisper Drawer,Removable Shelves",,text
5,8107,CSA Listed,,text
5,8108,1 Year Parts and Labor; 5 Years Compressor (part Only),,text
5,8109,23.1 in,23.1,in
5,8110,20.5 in,20.5,in
5,8111,33.4 in,33.4,in
5,8112,33.1 in,33.1,in
5,8109,23.1 in,23.1,in
5,8113,33.4 in,33.4,in
5,8114,21.4 in,21.4,in
5,8114,21.4 in,21.4,in
13,8081,1.7 cu ft,1.7,cu_ft
13,8115,true,1.0,text
13,8116,245 kWh/yr,245.0,kwh_per_year
13,8116,275 kWh/yr,275.0,kwh_per_year
13,8095,19.5 in,19.5,in
13,8096,17.3 in,17.3,in
13,8084,Yes,,text
13,8117,03/12/2025,,text
13,8118,03/14/2025,,text
13,8083,"United States, Canada",,text
13,8119,4000162,,text
13,8120,665679006427,,text
13,8121,with compressor B35C5B,,text
13,8122,Automatic,,text
13,8084,No,,text
13,8086,No,,text
13,8123,No,,text
5,8124,Refrigerator,,text
5,8124,Not Applicable,,text
5,8124,Compact Refrigerator,,text
5,8125,Stainless Steel,,text
5,8125,Stainless Steel,,text
5,8126,5.6 cu ft,5.6,cu_ft
5,8127,Top Door Freezer,,text
5,8128,"Flat-back Design,Incandescent Light Type,Interior Light",,text
5,8129,Counter Depth,,text
5,8130,1 Door,,text
5,8128,Vibration-free Operation,,text
5,8131,No Dispenser,,text
5,8132,Non-Returnable,,text
5,8133,"Adjustable Racks,Can Dispenser,Removable Shelves",,text
5,8134,"ADA Compliant,UL Listed",,text
5,8135,Limited 1-year entire appliance,,text
5,8136,23.75 in,23.75,in
5,8137,21 in,21.0,in
5,8138,34.125 in,34.125,in
5,8139,33.6 in,33.6,in
5,8136,23.75 in,23.75,in
5,8140,34.125 in,34.125,in
5,8141,23.625 in,23.625,in
5,8141,23.625 in,23.625,in
5,8142,Refrigerator,,text
5,8142,Not Applicable,,text
5,8142,Compact Refrigerator,,text
5,8143,Stainless,,text
5,8143,Stainless Steel,,text
5,8144,1.7 cu ft,1.7,cu_ft
5,8145,No Freezer,,text
5,8146,Flat-back Design,,text
5,8147,Counter Depth,,text
5,8148,1 Door,,text
5,8146,Dial Temperature Control,,text
5,8149,No Dispenser,,text
5,8150,90-Day,,text
5,8151,Removable Shelves,,text
5,8152,1 Year Parts and Labor; 5 Years Compressor (Part Only),,text
5,8153,18.9 in,18.9,in
5,8154,16.6 in,16.6,in
5,8155,19.6 in,19.6,in
5,8156,19.1 in,19.1,in
5,8153,18.9 in,18.9,in
5,8157,19.5 in,19.5,in
5,8158,17.3 in,17.3,in
5,8158,17.3 in,17.3,in
13,8144,1.7 cu ft,1.7,cu_ft
13,8159,true,1.0,text
13,8160,245 kWh/yr,245.0,kwh_per_year
13,8160,275 kWh/yr,275.0,kwh_per_year
13,8157,19.5 in,19.5,in
13,8158,17.3 in,17.3,in
13,8147,Yes,,text
13,8161,03/12/2025,,text
13,8162,03/14/2025,,text
13,8146,"United States, Canada",,text
13,8163,4000165,,text
13,8164,665679006779,,text
13,8165,with compressor B35C5B,,text
13,8166,Automatic,,text
13,8147,No,,text
13,8149,No,,text
13,8167,No,,text
13,8168,Not Available,,text
13,8147,No,,text
1,8144,1.7 cu ft,1.7,cu_ft
1,8169,1.7 cu. ft.,1.7,cu_ft
1,8170,0 cu ft,0.0,cu_ft
1,8159,true,1.0,text
1,8171,33.6 lb,33.6,lb
1,8160,245 kWh/yr,245.0,kwh_per_year
1,8147,Freestanding,,text
1,8148,1,,text
1,8166,Frost Free,,text
1,8172,Compressor,,text
1,8151,1,1.0,count
1,8173,Yes,,text
1,8148,Reversible,,text
1,8174,No,,text
1,8175,Yes,,text
1,8175,Corded Electric,,text
1,8176,Electronic,,text
1,8165,HMAR170STE,,text
1,8164,665679006779,,text
1,8143,Matte,,text
1,8148,Stainless Steel,,text
1,8177,"Compact, Freezer Less",,text
1,8146,"Adjustable Settings, Compact, Energy Efficient",,text
1,8178,18.9 x 17.3 x 19.6 inches,,in
5,8179,Refrigerator,,text
5,8179,Not Applicable,,text
5,8179,Compact Refrigerator,,text
5,8180,Platinum,,text
5,8180,Platinum,,text
5,8181,3.2 cu ft,3.2,cu_ft
5,8182,Top Door Freezer,,text
5,8183,"No Additional Features,Retro",,text
5,8184,Counter Depth,,text
5,8185,2 Door,,text
5,8183,Dial Temperature Control,,text
5,8186,No Dispenser,,text
5,8187,Non-Returnable,,text
5,8188,"Crisper Drawer,Gallon Door Storage,Removable Shelves,Spill Proof Shelves",,text
5,8189,Retro,,text
5,8190,No Certifications or Listings,,text
5,8191,1 year parts and labor,,text
5,8192,21.34 in,21.34,in
5,8193,17.4 in,17.4,in
5,8194,34.09 in,34.09,in
5,8195,33.66 in,33.66,in
5,8192,21.34 in,21.34,in
5,8196,34.09 in,34.09,in
5,8197,17.8 in,17.8,in
5,8197,17.8 in,17.8,in
5,8198,Refrigerator,,text
5,8198,Not Applicable,,text
5,8198,Compact Refrigerator,,text
5,8199,Stainless,,text
5,8199,Stainless Steel,,text
5,8200,4.5 cu ft,4.5,cu_ft
5,8201,Compact-in Fridge,,text
5,8202,No Additional Features,,text
5,8203,Counter Depth,,text
5,8204,1 Door,,text
5,8202,No Additional Features,,text
5,8205,No Dispenser,,text
5,8206,90-Day,,text
5,8207,No Additional Features,,text
5,8208,Retro,,text
5,8209,ADA Compliant,,text
5,8210,1 year,,text
5,8211,21.73 in,21.73,in
5,8212,21.73 in,21.73,in
5,8213,32.5 in,32.5,in
5,8214,32.5 in,32.5,in
5,8211,21.73 in,21.73,in
5,8215,32.5 in,32.5,in
5,8216,20.6 in,20.6,in
5,8216,20.6 in,20.6,in
5,8217,Refrigerator,,text
5,8217,Not Applicable,,text
5,8217,Compact Refrigerator,,text
5,8218,Platinum,,text
5,8218,Platinum,,text
5,8219,7.5 cu ft,7.5,cu_ft
5,8220,Top Door Freezer,,text
5,8221,Flat-back Design,,text
5,8222,Counter Depth,,text
5,8223,2 Door,,text
5,8221,No Additional Features,,text
5,8224,No Dispenser,,text
5,8225,Non-Returnable,,text
5,8226,"Adjustable Shelves/Racks,Crisper Drawer,Removable Shelves,Spill Proof Shelves",,text
5,8227,No Certifications or Listings,,text
5,8228,1 year parts and labor,,text
5,8229,22.4 in,22.4,in
5,8230,19.4 in,19.4,in
5,8231,55.5 in,55.5,in
5,8232,54.5 in,54.5,in
5,8229,22.4 in,22.4,in
5,8233,55.5 in,55.5,in
5,8234,21.5 in,21.5,in
5,8234,21.5 in,21.5,in
1,8219,7.5 cu ft,7.5,cu_ft
1,8235,6 cu ft,6.0,cu_ft
1,8236,2 cu ft,2.0,cu_ft
1,8237,true,1.0,text
1,8238,"23"" D x 21.5"" W x 55.5"" H",,in
1,8239,75 lb,75.0,lb
1,8240,378 Kilowatt Hours Per Year,378.0,kwh_per_year
1,8241,120 V,120.0,v
1,8242,Manual,,text
1,8243,rotary_scroll,,text
1,8244,Compressor,,text
1,8226,"glass shelves, slide-out",,text
1,8226,3,3.0,count
1,8223,Reversible,,text
1,8245,Corded Electric,,text
1,8246,Fridge,,text
1,8247,EFR751,,text
1,8248,058465815318,,text
1,8249,Curtis International Ltd.,,text
1,8228,1 year,,text
3,8250,"Apple MacBook Neo (A18 Pro, 2026) Laptop",,text
3,8251,Apple,,text
3,8252,057-10-8482,,text
3,8253,1000 W,1000.0,w
3,8254,11.3 Inches (H) x 8.7 Inches (W) x 10.7 Inches (D),,text
3,8255,DCAF220GBAQ02,,text
3,8256,Aluminum,,text
3,8257,"1 Year Limited Warranty. To obtain a copy of the manufacturer's or supplier's warranty for this item prior to purchasing the item, please call Target Guest Services at 1-800-591-3869",1.0,a
3,8258,2.6 qt,2.6,qt
3,8259,7.2 Pounds,7.2,lb
3,8260,7.2 lb,7.2,lb
3,8261,Spot or Wipe Clean,,text
3,8262,7.5 lb,7.5,lb
3,8263,"Hand Wash, Dishwasher-Safe Parts",,text
3,8264,1750 W,1750.0,w
3,8265,6 Inches (H) x 8 Inches (W) x 8 Inches (D),,text
3,8266,"1 Year Limited Warranty. To obtain a copy of the manufacturer's or supplier's warranty for this item prior to purchasing the item, please call Target Guest Services at 1-800-591-3869",1.0,a
3,8267,3 Pounds,3.0,lb
3,8268,"Metal, Glass, Plastic",,text
3,8269,4 qt,4.0,qt
3,8270,Dishwasher-Safe Parts,,text
3,8271,13 Inches (H) x 13.5 Inches (W) x 20.71 Inches (D),,text
3,8272,6 qt,6.0,qt
3,8273,"Bakes, Air Fry, Reheat, Convection Bake",,text
3,8274,Glass,,text
3,8275,23 lb,23.0,lb
3,8276,1800 W,1800.0,w
3,8277,"1 Year Limited Warranty. To obtain a copy of the manufacturer's or supplier's warranty for this item prior to purchasing the item, please call Target Guest Services at 1-800-591-3869",1.0,a
3,77,Apple A18 Pro chip,,text
3,89,Built-In Microphone,,text
3,91,"Bluetooth 5.3, Wi-Fi 7 (IEEE 802.11be)",,text
3,96,3:2 Aspect Ratio,,text
3,93,13 inches,13.0,in
3,98,IPS,,text
3,84,None,,text
3,74,"1 Year Limited Warranty. To obtain a copy of the manufacturer's or supplier's warranty for this item prior to purchasing the item, please call Target Guest Services at 1-800-591-3869",,text
3,8278,"1 Lithium Ion, Required, Installed",,text
3,85,"Power Adapter, USB-C Cable",,text
3,81,New,,text
3,84,SSD,,text
3,101,"Apple MacBook Neo (A18 Pro, 2026)",,text
3,73,256 GB,256.0,gb
3,90,LPDDR4x,,text
3,94,.5 Inches (H) x 11.71 Inches (W) x 8.12 Inches (D),,in
3,79,No Backlit Keyboard,,text
3,88,USB-C,,text
3,80,Energy Star Certified,,text
3,87,8 GB,8.0,gb
3,71,2.7 lb,2.7,lb
3,78,"Built-In Webcam, Built-In Bluetooth, Touchpad, Built-In Speaker",,text
3,86,2408 x 1506,,text
3,75,3 GHz,3.0,ghz
3,92,Apple A18 Pro 5-core GPU,,text
3,97,macOS,,text
3,72,6,6.0,count
3,76,2,2.0,count
3,100,Apple Intelligence,,text
3,84,None,,text
3,99,false,0.0,boolean
3,82,1080p,1080.0,p
3,95,Apple Silicon A-series,,text
3,8279,16 hours,16.0,hr
3,78,"Home, Education",,text
3,2395,Built-In Microphone,,text
3,2396,Wi-Fi 6,,text
3,8280,20 hours,20.0,hr
3,2375,Intel UHD Graphics,,text
3,8281,None,,text
3,8282,"1 Year Limited Warranty. To obtain a copy of the manufacturer's or supplier's warranty for this item prior to purchasing the item, please call Target Guest Services at 1-800-591-3869",1.0,a
3,8283,3.3 GHz,3.3,ghz
3,2374,8 GB,8.0,gb
3,8284,"Lithium, Required, Installed",,text
3,8285,16:9 Aspect Ratio,,text
3,8286,New,,text
3,8287,Intel Pentium,,text
3,2393,3,3.0,count
3,2378,No Backlit Keyboard,,text
3,8288,USB-C,,text
3,2372,Intel Pentium Silver N6000,,text
3,8289,13 inches (H) x 2.7 inches (W) x 21 inches (D),,text
3,2369,1920 x 1080,,text
3,2403,5.2 lb,5.2,lb
3,2389,Windows 11 Pro,,text
3,2368,15.6 inches,15.6,in
3,8290,4,4.0,count
3,8281,eMMC,,text
3,8291,Home,,text
3,2370,false,0.0,boolean
3,2384,DDR4,,text
3,2373,128 GB,128.0,gb
8,8292,32 GB,32.0,gb
8,8293,Windows 11 Home,,text
3,8294,Freestanding,,text
3,8295,Electric,,text
3,8296,"Dishwasher-Safe Parts, Spot or Wipe Clean",,text
3,8297,"Removable Water Reservoir, Coffee Grinder, Cleaning Brush, Coffee Scoop",,text
3,8298,"Ground Espresso, Whole Beans, Ground Coffee",,text
3,8299,"2 Year Limited Warranty. To obtain a copy of the manufacturer's or supplier's warranty for this item prior to purchasing the item, please call Target Guest Services at 1-800-591-3869",2.0,a
3,8300,"15 Bars of Pressure, Charcoal Water Filter, Custom Brew Strength, Automatic Shut-Off, Grind and Brew, Transparent Water Tank, Hot Water Dispenser, Removable Drip Tray, Thermo Block Heating System, programmable, LCD Display",15.0,bar
3,8301,47 oz,47.0,oz
3,8302,New,,text
3,8303,"Stainless Steel, Plastic, Aluminum",,text
3,8304,21.38 lb,21.38,lb
3,8305,Automatic Shut-Off,,text
3,8306,1450 W,1450.0,w
3,8307,14.75 Inches (H) x 9.75 Inches (W) x 17 Inches (D),,text
3,8308,"Transparent Water Tank, Cup Size Selector, Removable Water Reservoir",,text
3,8309,Freestanding,,text
3,8310,Spot or Wipe Clean,,text
3,8311,"Coffee Capsules, Espresso Capsules",,text
3,8312,10.4 Inches (H) x 8.6 Inches (W) x 14 Inches (D),,text
3,8313,1,,text
3,8314,12 Nespresso Capsules,,text
3,8315,7.9 lb,7.9,lb
3,8316,Plastic,,text
3,8311,Capsule,,text
3,8317,"1 Year Limited Warranty. To obtain a copy of the manufacturer's or supplier's warranty for this item prior to purchasing the item, please call Target Guest Services at 1-800-591-3869",1.0,a
3,8318,1500 W,1500.0,w
3,8319,25.4 oz,25.4,oz
3,8320,14.57 Inches (H) x 13.39 Inches (W) x 13.39 Inches (D),,text
3,8321,Freestanding,,text
3,8322,"Dishwasher-Safe Parts, Clean With Water",,text
3,8323,"Dose Funnel, Portafilter, Service Disc, Frother Pot, Double-Shot Filter Basket",,text
3,8324,No Filter Needed,,text
3,8324,"Ground Coffee, Ground Espresso",,text
3,8325,1650 W,1650.0,w
3,8326,Steel,,text
3,8327,25 lb,25.0,lb
3,8328,2,,oz
3,8329,"1 Year Limited Warranty. To obtain a copy of the manufacturer's or supplier's warranty for this item prior to purchasing the item, please call Target Guest Services at 1-800-591-3869",1.0,a
3,8330,Automatic Shut-Off,,text
3,8331,Freestanding,,text
3,8332,No Battery Used,,text
3,8333,"2 Year Limited Warranty. To obtain a copy of the manufacturer's or supplier's warranty for this item prior to purchasing the item, please call Target Guest Services at 1-800-591-3869",2.0,a
3,8334,60 oz,60.0,oz
3,8335,"12 oz, 8 oz, 5 oz",,text
3,8336,"Electric Frother, Removable Water Reservoir, Drip Tray",,text
3,8337,"Coffee Capsules, Espresso Capsules",,text
3,8338,1,,text
3,8339,Plastic,,text
3,8340,Automatic Shut-Off,,text
3,8341,12.4 Inches (H) x 7.5 Inches (W) x 16 Inches (D),,text
3,8342,"Dishwasher-Safe Parts, Spot or Wipe Clean",,text
3,8337,Capsule,,text
3,8343,14 lb,14.0,lb
3,8344,Electric,,text
3,8345,1500 W,1500.0,w
3,5177,ABS (Acrylonitrile Butadiene Styrene),,text
3,5171,Bluetooth 5.3,,text
3,5171,Wireless,,text
3,5220,"1 Non-Universal Lithium Ion, Required, Installed",,text
3,5168,Noise Canceling,,text
3,5170,"3.5mm Audio, USB-C",,text
3,5179,10 min,10.0,min
3,8346,"Built-In Microphone, Hands-Free, Siri Built-in, Spatial Audio",,text
3,8347,1,1.0,count
3,5199,9.17 Ounces,0.5731,lb
3,8348,"1 Year Limited Warranty. To obtain a copy of the manufacturer's or supplier's warranty for this item prior to purchasing the item, please call Target Guest Services at 1-800-591-3869",1.0,a
3,5174,Built-In Microphone,,text
3,5180,"Apple iOS, Android",,text
3,5178,40 hours,40.0,hr
3,8349,Powerbeats Pro 2,,text
3,5229,Wireless,,text
3,5227,Noise Canceling,,text
3,5251,34 lb,34.0,lb
3,5231,Water-Resistant,,text
3,5301,"3 Required, Installed",3.0,count
3,8350,1,1.0,count
3,5232,Built-In Microphone,,text
3,5236,Rubber,,text
3,5228,USB-C,,text
3,5258,No Water Resistance Rating,,text
3,8351,MUW33LL/A,33.0,a
3,5283,48 lb,48.0,lb
3,5257,Wireless,,text
3,8352,"1 Non-Universal Lithium Ion, Required, Installed",,text
3,5279,Leatherette,,text
3,5263,"Android, Apple iOS",,text
3,5256,"3.5mm Audio, USB-C",,text
3,8353,10 min,10.0,min
3,8354,1,1.0,count
3,8355,"Built-In Microphone, Spatial Audio",,text
3,5257,Bluetooth 5.3,,text
3,5262,50 hours,50.0,hr
3,8356,"1 Year Limited Warranty. To obtain a copy of the manufacturer's or supplier's warranty for this item prior to purchasing the item, please call Target Guest Services at 1-800-591-3869",1.0,a
3,5270,No Active Noise Canceling,,text
3,5259,Built-In Microphone,,text
3,8357,"1 Non-Universal Lithium Ion, Required, Installed",,text
3,8358,36 hours,36.0,hr
3,8359,24 lb,24.0,lb
3,8360,Noise Canceling,,text
3,8361,"Built-In Microphone, Hands-Free, Sweat-Resistant, Siri Built-in, Spatial Audio",,text
3,8362,"Android, Apple iOS",,text
3,8363,True Wireless,,text
3,8364,Water-Resistant,,text
3,8365,MQLH3LL/A,3.0,a
3,8366,1,1.0,count
3,8363,Bluetooth 5.3,,text
3,8367,"1 Year Limited Warranty. To obtain a copy of the manufacturer's or supplier's warranty for this item prior to purchasing the item, please call Target Guest Services at 1-800-591-3869",1.0,a
3,8368,Built-In Microphone,,text
3,8369,USB-C,,text
3,5359,Wireless,,text
3,5391,"Required, Not Included",,text
3,5357,Noise Canceling,,text
3,5365,Leatherette,,text
3,8370,Sweat-Resistant,,text
3,5380,1.53 lb,1.53,lb
3,8371,New,,text
3,8372,1,1.0,count
3,8373,"1 Year Limited Warranty. To obtain a copy of the manufacturer's or supplier's warranty for this item prior to purchasing the item, please call Target Guest Services at 1-800-591-3869",1.0,a
3,5358,USB,,text
3,5362,Built-In Microphone,,text
3,5477,No Water Resistance Rating,,text
3,8374,WH1000XM5/B,,text
3,5482,3.5 hours,3.5,hr
3,5481,Leather,,text
3,5504,2 lb,2.0,lb
3,5472,Noise Canceling,,text
3,5474,Wireless,,text
3,8375,"1 Non-Universal Lithium Ion, Required, Installed",,text
3,5482,30 hours,30.0,hr
3,5523,"Volume Control, Built-In Microphone, Adjustable Headband, Automatic Shut-Off",,text
3,8376,1,1.0,count
3,5474,Bluetooth 5.3,,text
3,8377,"1 Year Limited Warranty. To obtain a copy of the manufacturer's or supplier's warranty for this item prior to purchasing the item, please call Target Guest Services at 1-800-591-3869",1.0,a
3,5484,"Apple iOS, Alexa, Android, Google Assistant",,text
3,5478,Built-In Microphone,,text
3,5477,No Water Resistance Rating,,text
3,8374,WH1000XM5/B,,text
3,5482,3.5 hours,3.5,hr
3,5481,Leather,,text
3,5504,2 lb,2.0,lb
3,5472,Noise Canceling,,text
3,5474,Wireless,,text
3,8375,"1 Non-Universal Lithium Ion, Required, Installed",,text
3,5482,30 hours,30.0,hr
3,5523,"Volume Control, Built-In Microphone, Adjustable Headband, Automatic Shut-Off",,text
3,8376,1,1.0,count
3,5474,Bluetooth 5.3,,text
3,8377,"1 Year Limited Warranty. To obtain a copy of the manufacturer's or supplier's warranty for this item prior to purchasing the item, please call Target Guest Services at 1-800-591-3869",1.0,a
3,5484,"Apple iOS, Alexa, Android, Google Assistant",,text
3,5478,Built-In Microphone,,text
3,5623,1.55 lb,1.55,lb
3,5597,No Water Resistance Rating,,text
3,5595,Wireless,,text
3,5602,3.5 hours,3.5,hr
3,8378,1 Non-Universal Lithium Ion,,text
3,8379,WHULT900NB.UC,,text
3,5592,Noise Canceling,,text
3,5601,Leatherette,,text
3,8380,"Volume Control, Built-In Microphone, Adjustable Headband, Google Assistant Built-in, Automatic Pairing",,text
3,8381,1,1.0,count
3,8382,New,,text
3,8383,"1 Year Limited Warranty. To obtain a copy of the manufacturer's or supplier's warranty for this item prior to purchasing the item, please call Target Guest Services at 1-800-591-3869",1.0,a
3,5598,Built-In Microphone,,text
3,8384,"1 Year Limited Warranty. To obtain a copy of the manufacturer's or supplier's warranty for this item prior to purchasing the item, please call Target Guest Services at 1-800-591-3869",1.0,a
3,5797,Foam,,text
3,5799,Siri Built-in,,text
3,8385,Apple iOS,,text
3,5844,Noise Canceling,,text
3,5791,True Wireless,,text
3,5791,Bluetooth,,text
3,8386,1,1.0,count
3,8387,New,,text
3,8388,"1 Lithium Ion, Required, Installed",,text
3,5816,85 lb,85.0,lb
3,8389,AirPods Max 2,,text
3,8390,"Siri Built-in, Volume Control, Built-In Microphone, In-Ear Speaker",,text
3,5794,Built-In Microphone,,text
3,5798,20 hours,20.0,hr
3,5790,USB-C,,text
3,5916,30 hours,30.0,hr
3,8391,ABS (Acrylonitrile Butadiene Styrene),,text
3,5910,True Wireless,,text
3,5916,30 hours,30.0,hr
3,5912,Sweat-Resistant,,text
3,5910,Bluetooth,,text
3,8392,1,1.0,count
3,8393,New,,text
3,5932,32.3 Grams,0.0712,lb
3,8394,"1 Year Limited Warranty. To obtain a copy of the manufacturer's or supplier's warranty for this item prior to purchasing the item, please call Target Guest Services at 1-800-591-3869",1.0,a
3,5908,No Active Noise Canceling,,text
3,5913,Built-In Microphone,,text
3,5909,USB-C,,text
3,5916,30 hours,30.0,hr
3,8391,ABS (Acrylonitrile Butadiene Styrene),,text
3,5910,True Wireless,,text
3,5916,30 hours,30.0,hr
3,5912,Sweat-Resistant,,text
3,5910,Bluetooth,,text
3,8392,1,1.0,count
3,8393,New,,text
3,5932,32.3 Grams,0.0712,lb
3,8394,"1 Year Limited Warranty. To obtain a copy of the manufacturer's or supplier's warranty for this item prior to purchasing the item, please call Target Guest Services at 1-800-591-3869",1.0,a
3,5908,No Active Noise Canceling,,text
3,5913,Built-In Microphone,,text
3,5909,USB-C,,text
3,8395,5,5.0,count
3,8396,Energy Star Certified,,text
3,8397,110 watts,110.0,w
3,8398,3.2 cu ft,3.2,cu_ft
3,8399,30 Degrees Fahrenheit,30.0,f
3,8400,Freestanding,,text
3,8401,3,3.0,count
3,8402,28.9 inches (H) x 15.28 inches (W) x 13.98 inches (D),,text
3,8402,33.4 inches (H) x 18.5 inches (W) x 17.5 inches (D),,text
3,8403,44 lb,44.0,lb
3,8404,36 in,36.0,in
3,8405,Door: Plastic,,text
3,8406,3,3.0,count
3,8407,"1 Year Limited Warranty. To obtain a copy of the manufacturer's or supplier's warranty for this item prior to purchasing the item, please call Target Guest Services at 1-800-591-3869",1.0,a
3,8408,Reversible,,text
3,8405,No Handle,,text
3,7091,No Water Resistance Rating,,text
3,7089,Wireless,,text
3,7086,No Active Noise Canceling,,text
3,7099,Silicone,,text
3,7130,"1 Non-Universal Lithium Ion, Required, Not Included",,text
3,8409,New,,text
3,7097,"Android, Apple iOS",,text
3,8410,"Call Functionality, In-Ear Speaker, Lightweight Design, Volume Control",,text
3,7098,No Voice Assistant Built-In,,text
3,7142,No Water Resistance Rating,,text
3,7141,Wireless,,text
3,7140,3.5mm Audio,,text
3,7145,Leatherette,,text
3,8411,"Adjustable Headband, Lightweight Design",,text
3,8412,"1 Non-Universal Lithium Ion, Required, Not Included",,text
3,8413,New,,text
3,5545,"Android, Apple iOS",,text
3,5532,No Active Noise Canceling,,text
3,7146,No Voice Assistant Built-In,,text
3,7236,12 hours,12.0,hr
3,7173,True Wireless,,text
3,7170,Noise Canceling,,text
3,7175,Water-Resistant,,text
3,7180,Silicone,,text
3,7173,Bluetooth,,text
3,8414,1,1.0,count
3,7240,2 Hours,2.0,h
3,8415,"3 Non-Universal Lithium Ion, Required, Non-Removable",,text
3,7200,9 lb,9.0,lb
3,8416,"1 Year Limited Warranty. To obtain a copy of the manufacturer's or supplier's warranty for this item prior to purchasing the item, please call Target Guest Services at 1-800-591-3869",1.0,a
3,7176,Built-In Microphone,,text
3,7172,USB-C,,text
3,7386,Wireless,,text
3,8417,Leatherette,,text
3,7405,No Active Noise Canceling,,text
3,8418,New,,text
3,8419,"Android, Apple iOS",,text
3,8420,13.6 Ounces,0.85,lb
3,8421,1 Non-Universal Lithium Ion,,text
3,8422,True Wireless,,text
3,8423,Noise Canceling,,text
3,8424,Sweat-Resistant,,text
3,8425,AirPods Max,,text
3,8426,1,1.0,count
3,8427,New,,text
3,8428,"1 Year Limited Warranty. To obtain a copy of the manufacturer's or supplier's warranty for this item prior to purchasing the item, please call Target Guest Services at 1-800-591-3869",1.0,a
3,8429,Built-In Microphone,,text
3,8430,20 hours,20.0,hr
3,8431,USB-C,,text
3,7775,Energy Star Certified,,text
3,7767,33.15 in,33.15,in
3,7754,Freestanding,,text
3,7602,36.6 inches (H) x 20.2 inches (W) x 20.8 inches (D),,text
3,7602,31.5 inches (H) x 18.5 inches (W) x 18.7 inches (D),,text
3,8432,Door: Plastic,,text
3,7763,2,2.0,count
3,7601,40 lb,40.0,lb
3,8433,6,6.0,count
3,7766,"1 Year Limited Warranty. To obtain a copy of the manufacturer's or supplier's warranty for this item prior to purchasing the item, please call Target Guest Services at 1-800-591-3869",1.0,a
3,8434,65 watts,65.0,w
3,8432,Metal,,text
3,8435,2,2.0,count
3,7760,Left Hinge,,text
3,8436,34 Degrees Fahrenheit,34.0,f
3,8437,Energy Star Certified,,text
3,8438,31.49 inches (H) x 19.29 inches (W) x 17.51 inches (D),,text
3,8439,3.2 cu ft,3.2,cu_ft
3,8440,10,10.0,count
3,8438,27.3 inches (H) x 16.2 inches (W) x 14.6 inches (D),,text
3,8441,32 Degrees Fahrenheit,32.0,f
3,8442,Freestanding,,text
3,8443,Reversible,,text
3,8444,60 watts,60.0,w
3,8445,44 lb,44.0,lb
3,8446,Door: Plastic,,text
3,8447,2,2.0,count
3,8448,"1 Year Limited Warranty. To obtain a copy of the manufacturer's or supplier's warranty for this item prior to purchasing the item, please call Target Guest Services at 1-800-591-3869",1.0,a
3,8446,Metal,,text
3,8449,2,2.0,count
3,8450,35.2 in,35.2,in
3,7923,7.5 cubic-ft,7.5,cu_ft
3,7897,"1 Year Limited Warranty. To obtain a copy of the manufacturer's or supplier's warranty for this item prior to purchasing the item, please call Target Guest Services at 1-800-591-3869",1.0,a
3,8451,120 Watts,120.0,w
3,7889,11.6 Inches,,text
3,8452,Chrome,,text
3,7924,48.7 cu ft,48.7,cu_ft
3,7926,34.45 Inches (H) x 17.91 Inches (W) x 16.34 Inches (D),,text
3,7889,Top Door Freezer,,text
3,7888,7.5 cu ft,7.5,cu_ft
3,8452,Door: Metal,,text
3,7892,Reversible,,text
3,8453,Owner's Manual,,text
3,7927,79 lb,79.0,lb
3,7932,Compressor Cooled,,text
3,7933,32 Degrees Fahrenheit,32.0,f
3,7889,10.6 Inches,,text
3,7886,Freestanding,,text
3,7889,10.6 Inches,,text
3,7895,2,2.0,count
3,7896,ETL Listed,,text
3,7926,55 Inches (H) x 21.5 Inches (W) x 23.19 Inches (D),,text
3,7898,40.63 in,40.63,in
3,7895,Solid Glass,,text
3,7923,7.5 cubic-ft,7.5,cu_ft
3,7897,"1 Year Limited Warranty. To obtain a copy of the manufacturer's or supplier's warranty for this item prior to purchasing the item, please call Target Guest Services at 1-800-591-3869",1.0,a
3,8451,120 Watts,120.0,w
3,7889,11.6 Inches,,text
3,8452,Chrome,,text
3,7924,48.7 cu ft,48.7,cu_ft
3,7926,34.45 Inches (H) x 17.91 Inches (W) x 16.34 Inches (D),,text
3,7889,Top Door Freezer,,text
3,7888,7.5 cu ft,7.5,cu_ft
3,8452,Door: Metal,,text
3,7892,Reversible,,text
3,8453,Owner's Manual,,text
3,7927,79 lb,79.0,lb
3,7932,Compressor Cooled,,text
3,7933,32 Degrees Fahrenheit,32.0,f
3,7889,10.6 Inches,,text
3,7886,Freestanding,,text
3,7889,10.6 Inches,,text
3,7895,2,2.0,count
3,7896,ETL Listed,,text
3,7926,55 Inches (H) x 21.5 Inches (W) x 23.19 Inches (D),,text
3,7898,40.63 in,40.63,in
3,7895,Solid Glass,,text
3,8269,3 qt,3.0,qt
3,8268,"Metal, Glass, Plastic",,text
3,8264,1750 W,1750.0,w
3,8265,6 Inches (H) x 8 Inches (W) x 8 Inches (D),,text
3,8263,"Hand Wash, Dishwasher-Safe Parts",,text
3,8262,7.5 lb,7.5,lb
3,8269,4 qt,4.0,qt
3,8266,"1 Year Limited Warranty. To obtain a copy of the manufacturer's or supplier's warranty for this item prior to purchasing the item, please call Target Guest Services at 1-800-591-3869",1.0,a
4,901,15.6 inches,15.6,in
4,902,1366 x 768,,text
4,903,false,0.0,boolean
4,904,250 nits,250.0,nit
4,905,Intel Processor N200,,text
4,906,1.1 gigahertz,1.1,ghz
4,958,eMMC,,text
4,907,64 GB,64.0,gb
4,908,8 GB,8.0,gb
4,909,Intel UHD Graphics,,text
4,910,No external display connection,,text
4,8454,11.5 hours,11.5,hr
4,8455,Lithium-ion polymer,,text
4,912,false,0.0,text
4,913,false,,text
4,914,HP,,text
4,916,"15.6"" Chromebook Laptop - Intel Processor N200 2023 - 8GB Memory - 64GB eMMC",,text
4,917,Natural Silver,,text
4,918,2023,,text
4,919,LED,,text
4,920,45 percent,45.0,percent
4,921,Intel,,text
4,905,N200,,text
4,922,3.7 GHz,3.7,ghz
4,923,4,4.0,count
4,924,false,0.0,boolean
4,925,L3,,text
4,925,6 megabytes,6.0,mb
4,926,false,0.0,tops
4,907,64 GB,64.0,gb
4,927,LPDDR5,,text
4,928,4800 MHz,4800.0,mhz
4,929,2,2.0,count
4,930,Integrated,,text
4,931,Intel,,text
4,932,ChromeOS,,text
4,933,Google Assistant,,text
4,934,Google Home,,text
4,935,0,0.0,count
4,936,0,0.0,count
4,936,0,0.0,count
4,937,0,0.0,count
4,938,"1 x USB-A 3.1, 2 x USB-C 3.1",,text
4,938,3,3.0,count
4,939,true,1.0,text
4,940,true,1.0,boolean
4,941,"Bluetooth, Wi-Fi",,text
4,942,Wi-Fi 6,,text
4,943,0,0.0,count
4,941,None,,text
4,944,45 watts,45.0,w
4,8456,2,2.0,count
4,945,true,,text
4,946,720p,720.0,p
4,940,true,1.0,boolean
4,947,false,0.0,boolean
4,948,true,1.0,boolean
4,949,HD Audio with stereo speakers,,text
4,950,Google Assistant,,text
4,951,Privacy camera,,text
4,952,0.78 in,0.78,in
4,953,14.28 in,14.28,in
4,954,9.51 in,9.51,in
4,955,3.81 lb,3.81,lb
4,956,true,1.0,boolean
4,957,true,,text
4,957,Gold,,text
4,958,None,,text
4,913,true,,text
4,959,1 year,,text
4,960,1 year,,text
4,441,IPS,,text
4,442,15.3 inches,15.3,in
4,443,1920 x 1200,,text
4,444,true,1.0,boolean
4,445,60 Hz,60.0,hz
4,446,300 nits,300.0,nit
4,448,3 gigahertz,3.0,ghz
4,496,SSD,,text
4,449,256 GB,256.0,gb
4,450,16 GB,16.0,gb
4,451,Qualcomm Adreno Graphics,,text
4,452,1 x HDMI 1.4,,text
4,8457,Lithium-polymer,,text
4,455,true,,text
4,456,Lenovo,,text
4,458,"IdeaPad Slim 3x - Copilot+ PC - 15.3"" 2k Touchscreen Laptop - Snapdragon X 2025 - 16GB Memory - 256GB SSD",,text
4,459,Luna Grey,,text
4,441,LCD,,text
4,461,45 percent,45.0,percent
4,462,Snapdragon,,text
4,463,8,8.0,count
4,464,8,8.0,count
4,465,true,1.0,tops
4,465,45 trillions operations per second,,text
4,449,256 GB,256.0,gb
4,466,LPDDR5X,,text
4,468,Integrated,,text
4,469,Snapdragon,,text
4,470,Windows 11 Home,,text
4,471,1,1.0,count
4,472,"2 x USB-A 3.2, 1 x USB-C 3.2",,text
4,472,3,3.0,count
4,473,true,1.0,text
4,474,true,1.0,boolean
4,475,"Bluetooth, Wi-Fi",,text
4,476,Wi-Fi 7,,text
4,477,0,0.0,count
4,478,65 watts,65.0,w
4,8458,3-cell,3.0,count
4,453,5306 milliampere hours,5306.0,wh
4,479,2,2.0,count
4,480,true,,text
4,481,720p,720.0,p
4,474,true,1.0,boolean
4,482,true,1.0,boolean
4,455,"Multi-touch, Precision",,text
4,483,true,1.0,boolean
4,483,Secure Digital,,text
4,485,Dolby Audio,,text
4,485,2 x 2W,2.0,w
4,487,Copilot+ PC,,text
4,488,"Fingerprint reader, Privacy camera",,text
4,489,"Aluminum, PC-ABS",,text
4,490,0.7 in,0.7,in
4,491,9.51 in,9.51,in
4,492,13.52 in,13.52,in
4,493,3.42 lb,3.42,lb
4,494,true,1.0,boolean
4,495,true,,text
4,495,Gold,,text
4,496,None,,text
4,455,true,,text
4,497,1 year,,text
4,498,1 year,,text
4,1752,WVA,,text
4,1754,1920 x 1080,,text
4,1755,true,1.0,boolean
4,1756,60 Hz,60.0,hz
4,1757,220 nits,220.0,nit
4,1758,Intel 13th Generation Core i5,,text
4,1759,1.3 gigahertz,1.3,ghz
4,1781,SSD,,text
4,1760,512 GB,512.0,gb
4,1761,8 GB,8.0,gb
4,1762,Intel UHD Graphics,,text
4,1763,1 x HDMI 1.4,,text
4,8459,Lithium-ion polymer,,text
4,1765,false,0.0,text
4,1766,false,,text
4,1767,Dell,,text
4,1769,"15.6"" 2K Touchscreen Laptop - Intel 13th Generation Core i5 1334U 2023 - 8GB Memory - 512 GB Storage",,text
4,1770,Carbon Black,,text
4,1752,LCD,,text
4,1766,Passive,,text
4,1772,Not Applicable,,text
4,1773,Anti-glare,,text
4,1774,45 percent,45.0,percent
4,1775,Intel,,text
4,1758,Intel Core i5-1334U,,text
4,1771,2023,,text
4,1776,3.4 GHz,3.4,ghz
4,1777,10,10.0,count
4,1778,12,12.0,count
4,1779,L1,,text
4,1779,12 megabytes,12.0,mb
4,1780,false,0.0,tops
4,1760,512 GB,512.0,gb
4,1781,SSD,,text
4,1782,DDR4,,text
4,1783,2666 MHz,2666.0,mhz
4,1784,2,2.0,count
4,1784,1,1.0,count
4,1785,16 gigabytes,16.0,gb
4,1786,Integrated,,text
4,1787,Intel,,text
4,1788,Windows 11 Home,,text
4,1789,64-bit,,text
4,1790,1,1.0,count
4,1791,"1 x USB-A 2.0, 1 x USB-A 3.2, 1 x USB-C 3.2",,text
4,1791,3,3.0,count
4,1792,true,1.0,text
4,1793,false,0.0,boolean
4,1794,"Bluetooth, Wi-Fi",,text
4,1795,Wi-Fi 6,,text
4,1795,Wi-Fi 6,,text
4,1796,0,0.0,count
4,1794,None,,text
4,1797,Air,,text
4,1798,DC jack (4.5mm),,text
4,1799,65 watts,65.0,w
4,8460,3-cell,3.0,count
4,8461,41 milliampere hours,41.0,mah
4,1800,true,,text
4,1801,0.92 megapixels,0.92,mp
4,1802,720p,720.0,p
4,1793,true,1.0,boolean
4,1766,No,,text
4,1755,false,0.0,boolean
4,1803,false,0.0,boolean
4,1766,Precision,,text
4,1804,true,1.0,boolean
4,1804,Secure Digital,,text
4,1805,MaxxAudio Pro (Windows),,text
4,1805,Stereo Speakers (Windows),,text
4,1806,Copilot,,text
4,1807,None,,text
4,1808,0.69 in,0.69,in
4,1809,9.25 in,9.25,in
4,1810,14.11 in,14.11,in
4,1811,4.28 lb,4.28,lb
4,1812,true,1.0,boolean
4,1813,true,,text
4,1813,Silver,,text
4,1814,"McAfee+ Premium 30-day trial, Microsoft 365 30-day trial",,text
4,1781,None,,text
4,1766,true,,text
4,1766,false,,text
4,1815,1 Year Mail In Service,,text
4,1816,1 Year Mail In Service,,text
4,8462,IPS,,text
4,10630,14 inches,14.0,in
4,8463,1920 x 1200,,text
4,8464,true,1.0,boolean
4,8465,500 nits,500.0,nit
4,8466,SSD,,text
4,8467,1024 GB,1024.0,gb
4,8468,32 GB,32.0,gb
4,8469,Intel Graphics,,text
4,8470,"1 x HDMI 2.1, 2 x Thunderbolt 4",,text
4,8471,Lithium-ion,,text
4,8472,false,,text
4,8473,true,,text
4,8474,Lenovo,,text
4,8475,"ThinkPad X1 Carbon Gen 13 Aura Edition 14"" FHD+ Touchscreen Laptop - Intel Core Ultra 7 - 32GB Memory - 1TB SSD",,text
4,8476,Black,,text
4,8477,Anti-glare,,text
4,8478,100 percent,100.0,percent
4,8479,Intel,,text
4,8480,5.2 gigahertz,,ghz
4,8481,12,12.0,count
4,8482,14,14.0,count
4,8483,true,1.0,tops
4,8483,12 trillions operations per second,,text
4,8467,1024 GB,1024.0,gb
4,8466,SSD,,text
4,8484,LPDDR5X,,text
4,8485,8400 MHz,8400.0,mhz
4,8486,0,0.0,count
4,8486,0,0.0,count
4,8487,Integrated,,text
4,8488,Intel,,text
4,8489,2.1 gigahertz,2100.0,mhz
4,8490,4,4.0,count
4,8491,Windows 11 Pro,,text
4,8492,1,1.0,count
4,8493,0,0.0,count
4,8493,2,2.0,count
4,8494,0,0.0,count
4,8495,2 x USB-A 3.0,3.0,a
4,8495,4,4.0,count
4,8496,true,,text
4,8497,true,1.0,boolean
4,8498,"Bluetooth, Wi-Fi",,text
4,8499,Wi-Fi 6E,,text
4,8500,true,,text
4,8501,1080p,1080.0,p
4,8497,true,1.0,boolean
4,8502,"Fingerprint reader, Privacy camera",,text
4,8503,0.58 inches,0.58,in
4,8503,8.45 inches,8.45,in
4,8503,12.31 inches,12.31,in
4,8503,2.22 lb,2.22,lb
4,8504,true,1.0,boolean
4,8505,true,,text
4,8505,Gold,,text
4,8506,"1-Year Warranty from IST Computers, 3-Year Extended RAM and SSD Warranty from IST Computers",,text
4,8507,"1-Year Warranty from IST Computers, 3-Year Extended RAM and SSD Warranty from IST Computers",,text
4,509,Mini-LED,,text
4,510,16 inches,16.0,in
4,511,2560 x 1600,,text
4,512,true,1.0,boolean
4,513,90 Hz,90.0,hz
4,514,630 nits,630.0,nit
4,515,Intel Core Ultra 9 Series 2,,text
4,516,3.3 gigahertz,3.3,ghz
4,535,SSD,,text
4,517,1024 GB,1024.0,gb
4,518,32 GB,32.0,gb
4,519,Intel Arc Graphics 140V,,text
4,520,"1 x HDMI 2.1, 1 x Thunderbolt 4, Display connection via USB port",,text
4,8508,11 hours,11.0,hr
4,8509,Lithium-ion,,text
4,522,2in1_design,,text
4,523,true,,text
4,524,Dell,,text
4,526,"Plus 16"" 2.5K 2-in-1 Touchscreen Laptop - Intel Core Ultra 9 Series 2 288V 2024 - 32GB Memory 1TB Storage - Copilot+ PC",,text
4,527,Midnight Blue,,text
4,509,LED,,text
4,523,Active,,text
4,530,Intel,,text
4,531,5.1 GHz,5.1,ghz
4,532,8,8.0,count
4,533,L1,,text
4,533,12 megabytes,12.0,mb
4,534,true,1.0,tops
4,534,48 trillions operations per second,,text
4,517,1024 GB,1024.0,gb
4,535,SSD,,text
4,536,LPDDR5X,,text
4,537,8533 MHz,8533.0,mhz
4,538,Integrated,,text
4,539,Intel,,text
4,540,Windows 11 Home,,text
4,541,64-bit,,text
4,542,1,1.0,count
4,543,1,1.0,count
4,544,DisplayPort 1.4,,text
4,545,"1 x USB-A 3.2, 1 x USB-C 3.2",,text
4,545,2,2.0,count
4,546,1,1.0,count
4,547,true,1.0,text
4,548,true,1.0,boolean
4,549,"Bluetooth, Wi-Fi",,text
4,550,Wi-Fi 7,,text
4,551,0,0.0,count
4,549,None,,text
4,552,Air,,text
4,553,USB-C,,text
4,554,65 watts,65.0,w
4,8510,4,4.0,count
4,555,2,2.0,count
4,556,true,,text
4,557,2.07 megapixels,2.07,mp
4,558,1080p,1080.0,p
4,548,true,1.0,boolean
4,512,false,0.0,boolean
4,559,false,0.0,boolean
4,523,Precision,,text
4,560,false,0.0,boolean
4,561,false,0.0,boolean
4,562,Stereo speakers with Realtek ALC3329 Audio Controller,,text
4,562,2.5W x 2 = 5W total peak,,text
4,563,Copilot+ PC,,text
4,564,Fingerprint reader,,text
4,564,None,,text
4,523,None,,text
4,565,0.67 in,0.67,in
4,566,14.05 in,14.05,in
4,567,9.87 in,9.87,in
4,568,4.52 lb,4.52,lb
4,569,true,1.0,boolean
4,570,true,,text
4,570,Gold,,text
4,571,McAfee+ Premium 30-day trialMS Office 30-Day Trial,,text
4,535,None,,text
4,523,true,,text
4,523,false,,text
4,572,1 Year Basic Onsite Service after remote diagnosis with Hardware-Only Support-Retail,,text
4,573,1 Year Basic Onsite Service after remote diagnosis with Hardware-Only Support-Retail,,text
3,8511,Dash Family Air Fryers,,text
3,8512,Air Fryer Rack,,text
3,8513,7 Inches (H) x 3 Inches (W) x 7 Inches (D),,text
3,8514,Air Fry,,text
3,8515,Dishwasher-Safe,,text
3,8516,1.2 lb,1.2,lb
3,3759,Aluminum,,text
3,8517,"1 Year Limited Warranty. To obtain a copy of the manufacturer's or supplier's warranty for this item prior to purchasing the item, please call Target Guest Services at 1-800-591-3869",1.0,a
4,754,Dishwasher-safe parts,,text
4,755,Semi-automatic,,text
4,756,"Espresso, Americano, Cold brew, Hot water",,text
4,757,true,1.0,boolean
4,757,true,1.0,boolean
4,757,8,8.0,count
4,758,15 bar,15.0,bar
4,759,De'Longhi,,text
4,761,La Specialista Arte Evo Espresso Machine with Cold Brew,,text
4,762,Stainless Steel,,text
4,763,15.87 in,15.87,in
4,764,11.22 in,11.22,in
4,765,17.3 in,17.3,in
4,766,21.5 lb,21.5,lb
4,767,true,1.0,text
4,767,NA,,text
4,768,false,,text
4,769,removable_water_reservoir,,text
4,770,56 oz,56.0,oz
4,771,false,0.0,boolean
4,772,Beans,,text
4,769,decalcification_indicator,,text
4,773,"Dial, Button",,text
4,774,programmable,,text
4,775,true,1.0,boolean
4,769,removable_drip_tray,,text
4,769,false,0.0,text
4,774,auto_shutoff,,text
4,776,120 V,120.0,v
4,777,1550 W,1550.0,w
4,778,UL Listed,,text
4,779,2 years,2.0,text
4,780,2 years,2.0,text
4,4262,Dishwasher-safe parts,,text
4,4263,Automatic,,text
4,4264,"Espresso, Double espresso, Americano, Hot water, Cappuccino",,text
4,4265,true,1.0,boolean
4,4265,true,1.0,boolean
4,4265,13,13.0,count
4,4266,15 bar,15.0,bar
4,4267,De'Longhi,,text
4,4269,"Rivelia Fully Automatic Espresso Machine, Integrated Grinder, 2 Removable Bean Hoppers, Automatic Milk Frother",,text
4,4270,Onyx Black,,text
4,4271,14.75 in,14.75,in
4,4272,9.75 in,9.75,in
4,4273,17 in,17.0,in
4,4274,21.38 lb,21.38,lb
4,4275,Intentionally added PFAS,,text
4,4276,45 seconds,45.0,s
4,8518,0.55 pounds,0.55,lb
4,4278,removable_water_reservoir,,text
4,4279,47 oz,47.0,oz
4,4280,false,0.0,boolean
4,4281,"Beans, Grounds",,text
4,4278,decalcification_indicator,,text
4,4282,Touchscreen,,text
4,4276,programmable,,text
4,4283,true,1.0,boolean
4,4278,removable_drip_tray,,text
4,4278,false,0.0,text
4,4276,auto_shutoff,,text
4,4284,120 V,120.0,v
4,4285,1450 W,1450.0,w
4,4286,UL Listed,,text
4,4287,2 Years + 1 extra year with Product Registration,,text
4,4288,2 Years + 1 extra year with Product Registration,,text
4,865,Hand wash,,text
4,866,Manual,,text
4,867,true,1.0,boolean
4,867,true,1.0,boolean
4,867,16,16.0,count
4,868,9 bar,9.0,bar
4,869,Breville,,text
4,871,"the Barista Express Espresso Machine with 15 bars of pressure, Milk Frother and integrated grinder",,text
4,872,Stainless Steel,,text
4,873,16.2 in,16.2,in
4,874,13.7 in,13.7,in
4,875,12.5 in,12.5,in
4,876,22.9 lb,22.9,lb
4,877,Stainless steel,,text
4,878,true,1.0,text
4,878,No PFAS,,text
4,879,5 seconds,5.0,s
4,880,false,,text
4,8519,0.5 pounds,0.5,lb
4,882,removable_water_reservoir,,text
4,883,67 oz,67.0,oz
4,884,false,0.0,boolean
4,882,false,0.0,text
4,885,"Button, Dial, Knob",,text
4,879,programmable,,text
4,886,true,1.0,boolean
4,882,removable_drip_tray,,text
4,882,false,0.0,text
4,879,auto_shutoff,,text
4,887,120 volts,120.0,v
4,888,1600 W,1600.0,w
4,889,UL Listed,,text
4,890,1 Year Limited Product Warranty,,text
4,891,1 Year Limited Product Warranty,,text
4,826,Dishwasher-safe parts,,text
4,827,Semi-automatic,,text
4,828,false,0.0,boolean
4,829,9 bar,9.0,bar
4,830,Breville,,text
4,832,Bambino,,text
4,833,Brushed Stainless Steel,,text
4,834,12 in,12.0,in
4,835,6 in,6.0,in
4,836,14 in,14.0,in
4,837,10.9 lb,10.9,lb
4,838,Stainless steel,,text
4,839,true,1.0,text
4,839,No PFAS,,text
4,840,3 seconds,3.0,s
4,841,false,,text
4,842,removable_water_reservoir,,text
4,843,47 oz,47.0,oz
4,844,true,1.0,boolean
4,845,Beans,,text
4,842,decalcification_indicator,,text
4,846,"Button, Button",,text
4,840,programmable,,text
4,847,true,1.0,boolean
4,842,removable_drip_tray,,text
4,842,false,0.0,text
4,840,auto_shutoff,,text
4,848,120 V,120.0,v
4,849,1560 W,1560.0,w
4,850,UL Listed,,text
4,851,1 Year Limited Product Warranty,,text
4,852,1 Year Limited Product Warranty,,text
4,4439,Hand wash,,text
4,4440,Semi-automatic,,text
4,4441,true,1.0,boolean
4,4441,true,1.0,boolean
4,4441,30,30.0,count
4,4442,9 bar,9.0,bar
4,4443,Breville,,text
4,4445,"the Barista Touch Espresso Machine with 9 bars of pressure, Milk Frother and integrated grinder",,text
4,4446,Stainless Steel,,text
4,4447,16 in,16.0,in
4,4448,12.5 in,12.5,in
4,4449,12.7 in,12.7,in
4,4450,20 lb,20.0,lb
4,4451,Stainless steel,,text
4,4452,true,1.0,text
4,4452,No PFAS,,text
4,4453,3 seconds,3.0,s
4,4454,false,,text
4,8520,0.5 pounds,0.5,lb
4,4456,removable_water_reservoir,,text
4,4457,67 oz,67.0,oz
4,4458,true,1.0,boolean
4,4456,decalcification_indicator,,text
4,4459,Touchpad,,text
4,4453,programmable,,text
4,4460,true,1.0,boolean
4,4456,removable_drip_tray,,text
4,4456,false,0.0,text
4,4453,auto_shutoff,,text
4,4461,120 volts,120.0,v
4,4462,1680 W,1680.0,w
4,4463,UL Listed,,text
4,4464,2 Year Limited Product Warranty,,text
4,4465,2 Year Limited Product Warranty,,text
3,8521,13.34 inches (H) x 20.22 inches (W) x 17.09 inches (D),,text
3,8522,Air Fry Basket,,text
3,8523,Air Fry,,text
3,8524,"90 Day Limited Warranty. To obtain a copy of the manufacturer's or supplier's warranty for this item prior to purchasing the item, please call Target Guest Services at 1-800-591-3869",90.0,a
3,8525,33.75 lb,33.75,lb
3,8526,Freestanding,,text
3,8527,1152 ounces,36.0,qt
3,8528,Stainless Steel,,text
3,8529,Spot or Wipe Clean,,text
3,8530,1800 W,1800.0,w
3,8531,ETL Listed,,text
4,4139,Dishwasher-safe parts,,text
4,4140,Automatic,,text
4,4141,"Espresso, Latte macchiato, Cappuccino, Latte, Hot water",,text
4,4142,true,1.0,boolean
4,4142,true,1.0,boolean
4,4142,13,13.0,count
4,4143,15 bar,15.0,bar
4,4144,De'Longhi,,text
4,4146,"Magnifica Evo Espresso Machine with Automatic Milk Frother for Hot and Iced Lattes, Coffee and More",,text
4,4147,Silver,,text
4,4148,14.17 in,14.17,in
4,4149,9.45 in,9.45,in
4,4150,17.32 in,17.32,in
4,4151,21.16 lb,21.16,lb
4,4152,Plastic,,text
4,4153,true,1.0,text
4,4153,Not Applicable,,text
4,4154,false,,text
4,8532,0.55 pounds,0.55,lb
4,4156,removable_water_reservoir,,text
4,4157,60 oz,60.0,oz
4,4158,false,0.0,boolean
4,4159,Beans,,text
4,4160,Button,,text
4,4161,programmable,,text
4,4162,true,1.0,boolean
4,4156,removable_drip_tray,,text
4,4156,false,0.0,text
4,4161,auto_shutoff,,text
4,4163,120 V,120.0,v
4,4164,1250 W,1250.0,w
4,4165,UL Listed,,text
4,4166,2 years,2.0,text
4,4167,2 years,2.0,text
4,4181,Dishwasher-safe parts,,text
4,4182,Automatic,,text
4,4183,"Espresso, Americano",,text
4,4184,true,1.0,boolean
4,4184,true,1.0,boolean
4,4184,13,13.0,count
4,4185,15 bar,15.0,bar
4,4186,De'Longhi,,text
4,4188,"Magnifica Start Automatic Coffee & Espresso Machine with Milk Frother for Hot & Iced Lattes, Coffee, & More ECAM22022B",,text
4,4189,Black,,text
4,4190,14 in,14.0,in
4,4191,9.25 in,9.25,in
4,4192,17 in,17.0,in
4,4193,19.62 lb,19.62,lb
4,4194,true,1.0,text
4,4194,NA,,text
4,4195,false,,text
4,8533,0.55 pounds,0.55,lb
4,4197,removable_water_reservoir,,text
4,4198,60 oz,60.0,oz
4,4199,true,1.0,boolean
4,4200,Beans,,text
4,4197,decalcification_indicator,,text
4,4201,Button,,text
4,4202,programmable,,text
4,4203,true,1.0,boolean
4,4197,removable_drip_tray,,text
4,4202,auto_shutoff,,text
4,4204,120 V,120.0,v
4,4205,1250 W,1250.0,w
4,4206,UL Listed,,text
4,4207,2 years,2.0,text
4,4208,2 years,2.0,text
4,4034,Dishwasher-safe parts,,text
4,4035,Automatic,,text
4,4036,15 bar,15.0,bar
4,4037,De'Longhi,,text
4,4039,Classic Espresso Machine,,text
4,4040,Stainless Steel,,text
4,4041,12 in,12.0,in
4,4042,8.89 in,8.89,in
4,4043,11.14 in,11.14,in
4,4044,9 lb,9.0,lb
4,4045,NA,,text
4,4046,removable_water_reservoir,,text
4,4047,57.48 oz,57.48,oz
4,4048,Grounds,,text
4,4046,decalcification_indicator,,text
4,4049,Button,,text
4,4050,true,1.0,boolean
4,4046,removable_drip_tray,,text
4,4051,auto_shutoff,,text
4,4052,120 V,120.0,v
4,4053,1350 W,1350.0,w
4,4054,UL Listed,,text
4,4055,1 year,,text
4,4056,1 year,,text
4,4477,Hand wash,,text
4,4478,Manual,,text
4,4479,false,0.0,boolean
4,4480,9 bar,9.0,bar
4,4481,Breville,,text
4,4483,the Bambino Plus Espresso Machine with 15 bars of pressure and Milk Frother,,text
4,4484,Stainless Steel,,text
4,4485,12 in,12.0,in
4,4486,7.7 in,7.7,in
4,4487,14.7 in,14.7,in
4,4488,11 lb,11.0,lb
4,4489,Stainless steel,,text
4,4490,true,,text
4,4490,No PFAS,,text
4,4491,5 seconds,5.0,s
4,4492,false,,text
4,4493,removable_water_reservoir,,text
4,4494,64 oz,64.0,oz
4,4495,true,1.0,boolean
4,4496,Beans,,text
4,4493,decalcification_indicator,,text
4,4497,"Button, Button",,text
4,4491,programmable,,text
4,4498,true,1.0,boolean
4,4493,removable_drip_tray,,text
4,4493,false,,text
4,4491,auto_shutoff,,text
4,4499,120 V,120.0,v
4,4500,1560 W,1560.0,w
4,4501,UL Listed,,text
4,4502,2 Year Limited Product Warranty,,text
4,4503,2 Year Limited Product Warranty,,text
4,4636,Dishwasher-safe parts,,text
4,4637,Semi-automatic,,text
4,4638,true,1.0,boolean
4,4639,9 bar,9.0,bar
4,4640,Ninja,,text
4,4642,"Luxe Café Pro Series 4 in 1 Espresso, Drip Coffee, Cold & Hot Brew, Tamper, Grinder, Scale, Hands-Free Frother",,text
4,4643,Stainless Steel,,text
4,4644,14.84 in,14.84,in
4,4645,12.48 in,12.48,in
4,4646,13.39 in,13.39,in
4,4647,27.07 lb,27.07,lb
4,4648,true,1.0,text
4,4648,"This product contains aluminum, stainless steel ingredients (chromium, manganese, nickel, phosphorous) and perfluoroalkyl and polyfluoroalkyl substances (PFAS). For more information about chemicals in this product, visit This product contains aluminum, stainless steel ingredients (chromium, manganese, nickel, phosphorous) and perfluoroalkyl and polyfluoroalkyl substances (PFAS). For more information about chemicals in this product, visit https://res.cloudinary.com/sharkninja-na/image/upload/v1731099936/SharkUS/PFAS_Data_list_110824.pdf",,text
4,4649,removable_water_reservoir,,text
4,4650,68 oz,68.0,oz
4,4651,"Button, Knob",,text
4,4652,true,1.0,boolean
4,4649,removable_drip_tray,,text
4,4653,UL Listed,,text
4,4654,1 year limited,,text
4,4655,1 year limited,,text
4,6853,Black,,text
4,6854,33.86 in,33.86,in
4,6855,19.69 in,19.69,in
4,6856,33.5 in,33.5,in
4,6857,33.86 in,33.86,in
4,8534,4.4 cu ft,4.4,cu_ft
4,8535,Compact,,text
4,6860,Incandescent,,text
4,6861,No,,text
4,6862,false,,text
4,6863,Insignia™,,text
4,6865,4.4 Cu. Ft. Mini Fridge with Door Storage and ENERGY STAR Certification,,text
4,6853,Black,,text
4,6866,21.26 in,21.26,in
4,6867,false,,text
4,6866,19.49 in,19.49,in
4,6866,39.1 in,39.1,in
4,6868,51.81 lb,51.81,lb
4,6869,43.86 in,43.86,in
4,6870,27.69 in,27.69,in
4,6871,25.26 in,25.26,in
4,6859,4.4 cubic feet,4.4,cu_ft
4,6872,Freestanding,,text
4,6867,false,,text
4,6867,false,,text
4,6867,false,,text
4,6873,Dial,,text
4,6874,None,,text
4,6875,Automatic,,text
4,6876,true,,text
4,6876,false,,text
4,6876,1,,text
4,6877,3,3.0,count
4,6877,"Adjustable, Fixed",,text
4,6877,false,,text
4,6877,false,,text
4,6877,Tempered glass,,text
4,6878,false,,text
4,6879,1.25 A,1.25,a
4,6880,115 V,115.0,v
4,6881,269 kilowatt hours,269.0,kwh
4,6881,38 United States dollars,38.0,text
4,6882,true,1.0,boolean
4,6867,true,,text
4,6883,CEE Tier 1,,text
4,6884,R600a,,text
4,6885,1 year limited,,text
4,6886,1 year limited,,text
4,5635,true,1.0,boolean
4,5636,Wireless,,text
4,5637,Bluetooth,,text
4,5638,true,,text
4,5639,true,,text
4,5640,true,1.0,boolean
4,5641,carrying_case,,text
4,5640,Noise cancelling,,text
4,5642,In-Ear,,text
4,5643,12 hours,12.0,hr
4,5644,2 hours,120.0,min
4,5645,"Small, Medium, Large",,text
4,5646,JBL,,text
4,5648,Tune 245NC True Wireless Noise Cancelling Earbuds,,text
4,5649,Black,,text
4,5650,true,1.0,boolean
4,5635,true,1.0,boolean
4,5651,20 Hz,20.0,hz
4,5651,20 Hz,20.0,hz
4,5652,16 ohms,16.0,ohm
4,5653,97 decibels adjusted,97.0,db
4,5654,6 millimeters,6.0,mm
4,5655,5.3,5.3,version
4,5656,General use,,text
4,5657,true,1.0,boolean
4,5659,"Case, Cable",,text
4,5643,36 hours,36.0,hr
4,5660,15m=4hrs,,text
4,5659,USB-C,,text
4,5661,1.5 in,1.5,in
4,5662,1 in,1.0,in
4,5663,1 in,1.0,in
4,5664,0.25 lb,0.25,lb
4,5665,1 year limited,,text
4,5666,1 year limited,,text
4,5668,true,1.0,boolean
4,5669,Wireless,,text
4,5670,Bluetooth,,text
4,5671,true,,text
4,5672,true,,text
4,5673,true,1.0,boolean
4,5674,carrying_case,,text
4,5675,In-Ear,,text
4,5676,40 hours,40.0,hr
4,5677,2 hours,120.0,min
4,5678,JBL,,text
4,5680,Vibe Beam 2 Noise Cancelling Earbuds - 2025,,text
4,5681,Black,,text
4,5682,true,1.0,boolean
4,5668,true,1.0,boolean
4,5683,20 Hz,20.0,hz
4,5683,20 Hz,20.0,hz
4,5684,16 ohms,16.0,ohm
4,5685,100 decibels adjusted,100.0,db
4,5686,8 millimeters,8.0,mm
4,5687,5.3,5.3,version
4,5688,2,,text
4,5672,true,,text
4,5689,General use,,text
4,5690,true,1.0,boolean
4,5691,"Cable, Case",,text
4,5692,10min=3hrs,,text
4,5691,USB-C,,text
4,5693,0.92 in,0.92,in
4,5694,0.87 in,0.87,in
4,5695,1.27 in,1.27,in
4,5696,0.28 lb,0.28,lb
4,5697,1 year limited,,text
4,5698,1 year limited,,text
4,5756,false,0.0,boolean
4,5757,Wireless,,text
4,5758,Bluetooth,,text
4,5759,true,,text
4,5761,true,,text
4,5762,true,1.0,boolean
4,5763,carrying_case,,text
4,5764,"In-Ear, Clip on",,text
4,5765,10 hours,10.0,hr
4,5766,2 hours,120.0,min
4,5767,"Large, Medium, Small",,text
4,5768,JBL,,text
4,5770,Endurance Peak 3 Dust and Waterproof True Wireless Active Earbuds - 2023,,text
4,5771,Black,,text
4,5772,false,0.0,boolean
4,5756,true,1.0,boolean
4,5773,20 Hz,20.0,hz
4,5773,20 Hz,20.0,hz
4,5774,16 ohms,16.0,ohm
4,5775,102 decibels adjusted,102.0,db
4,5776,10 millimeters,10.0,mm
4,5777,5.2,5.2,version
4,5761,true,,text
4,5765,5.5 hours,5.5,hr
4,5778,Sports and Exercise,,text
4,5779,true,1.0,boolean
4,5780,70 milliampere hours,70.0,mah
4,5781,"Cable, Case",,text
4,5765,40 hours,40.0,hr
4,5782,10min=1hr,,text
4,5781,USB-C,,text
4,5783,3.58 in,3.58,in
4,5784,2.28 in,2.28,in
4,5785,1.4 in,1.4,in
4,5787,1 year limited,,text
4,5788,1 year limited,,text
4,6971,Dishwasher-safe parts,,text
4,6972,Automatic,,text
4,6973,"Espresso, Latte macchiato, Cappuccino, Americano, Iced coffee",,text
4,6974,true,1.0,boolean
4,6974,true,1.0,boolean
4,6974,13,13.0,count
4,6975,15 bar,15.0,bar
4,6976,De'Longhi,,text
4,6978,Magnifica Plus Fully Automatic Espresso Machine,,text
4,6979,Silver,,text
4,6980,14 in,14.0,in
4,6981,9.5 in,9.5,in
4,6982,17.5 in,17.5,in
4,6983,21.16 lb,21.16,lb
4,6984,NA,,text
4,8536,0.55 pounds,0.55,lb
4,6986,removable_water_reservoir,,text
4,6987,60 oz,60.0,oz
4,6988,"Beans, Grounds",,text
4,6986,decalcification_indicator,,text
4,6989,Touchscreen,,text
4,6990,programmable,,text
4,6991,true,1.0,boolean
4,6986,removable_drip_tray,,text
4,6990,auto_shutoff,,text
4,6992,120 V,120.0,v
4,6993,1250 W,1250.0,w
4,6994,UL Listed,,text
4,6995,2 years,2.0,text
4,6996,2 years,2.0,text
4,5472,true,1.0,boolean
4,5473,Wireless,,text
4,5474,Bluetooth,,text
4,5475,false,,text
4,5476,32.81 feet,10.0,m
4,5477,false,,text
4,5478,true,1.0,boolean
4,5479,carrying_case,,text
4,5478,Noise cancelling,,text
4,5480,Over-the-Ear,,text
4,5481,true,,text
4,5482,30 hours,30.0,hr
4,5483,3 hours,180.0,min
4,5484,"Google Home, Amazon Alexa, Apple Home",,text
4,5485,"Google Assistant, Amazon Alexa",,text
4,5486,Sony,,text
4,5488,WH-1000XM5 Wireless Noise Cancelling Over-the-Ear Headphones,,text
4,5489,Black,,text
4,5490,true,1.0,boolean
4,5472,true,1.0,boolean
4,5491,false,0.0,boolean
4,5492,false,,text
4,5493,5.2,5.2,version
4,5492,2,,text
4,5477,false,,text
4,5494,"Volume, Track selection, Mute, Call",,text
4,5475,false,,text
4,5497,General use,,text
4,5479,foldable_design,,text
4,5498,true,1.0,boolean
4,5499,Cable,,text
4,5499,USB,,text
4,5500,Yes,,text
4,5501,10.36 in,10.36,in
4,5502,8.85 in,8.85,in
4,5503,8.65 in,8.65,in
4,5504,0.551 lb,0.551,lb
4,5505,1 year,,text
4,5506,1 year,,text
4,5547,true,1.0,boolean
4,5548,Wireless,,text
4,5549,Bluetooth,,text
4,5550,true,,text
4,5551,true,1.0,boolean
4,5552,carrying_case,,text
4,5553,In-Ear,,text
4,5554,Sony,,text
4,5556,WF-1000XM6 Best Truly Wireless Noise Cancelling Earbuds,,text
4,5557,Black,,text
4,5558,true,1.0,boolean
4,5559,General use,,text
4,5560,1.6 in,1.6,in
4,5561,1 in,1.0,in
4,5562,2.4 in,2.4,in
4,5563,0.104 lb,0.104,lb
4,5564,1 year,,text
4,5565,1 year,,text
4,8537,false,0.0,boolean
4,8538,Wireless,,text
4,8539,Bluetooth,,text
4,8540,false,,text
4,8541,30 feet,9.14,m
4,8542,true,1.0,boolean
4,8543,Over-the-Ear,,text
4,8544,true,,text
4,8545,35 hours,35.0,hr
4,8545,3.5 hours,3.5,hr
4,8546,Sony,,text
4,8547,WHCH720N Wireless Noise Cancelling Headphones,,text
4,8548,Pink,,text
4,8549,true,1.0,boolean
4,8537,true,1.0,boolean
4,8550,false,,text
4,8551,5.2,5.2,version
4,8552,Track selection,,text
4,8545,40 hours,40.0,hr
4,8553,Sports and Exercise,,text
4,8554,true,1.0,boolean
4,8555,Cable,,text
4,8555,USB-C,,text
4,8556,Yes,,text
4,8557,8.4 in,8.4,in
4,8558,2.2 in,2.2,in
4,8559,8.2 in,8.2,in
4,8560,0.95 lb,0.95,lb
4,8561,1 year,,text
4,8562,1 year,,text
4,8563,true,1.0,boolean
4,8564,Wireless,,text
4,8565,Bluetooth,,text
4,8566,true,,text
4,8567,carrying_case,,text
4,8568,In-Ear,,text
4,8569,30 hours,30.0,hr
4,8570,1.5 hours,90.0,min
4,8571,Sony,,text
4,8572,WF-C710N Truly Wireless Noise Cancelling Earbuds,,text
4,8573,Glass Blue,,text
4,8574,true,1.0,boolean
4,8575,5.3,5.3,version
4,8576,Sports and Exercise,,text
4,8577,true,1.0,boolean
4,8578,"Cable, Case",,text
4,8569,21.5 hours,21.5,hr
4,8578,USB-C,,text
4,8579,4.7 in,4.7,in
4,8580,1.5 in,1.5,in
4,8581,3.4 in,3.4,in
4,8582,0.3 lb,0.3,lb
4,8583,1 year,,text
4,8584,1 year,,text
4,8585,false,0.0,boolean
4,8586,Wireless,,text
4,8587,Bluetooth,,text
4,8588,true,,text
4,8589,32 feet,9.75,m
4,8590,true,,text
4,8591,true,1.0,boolean
4,8592,carrying_case,,text
4,8591,Fixed,,text
4,8593,In-Ear,,text
4,8594,11 hours,11.0,hr
4,8595,1.5 hours,90.0,min
4,8596,"Google Home, Apple Home",,text
4,8597,No,,text
4,8598,"Extra small, Medium, Extra large",,text
4,8599,Sony,,text
4,8600,WFC510 Truly Wireless Earbuds,,text
4,8601,Blue,,text
4,8598,true,,text
4,8602,true,1.0,boolean
4,8585,true,1.0,boolean
4,8603,20 Hz,20.0,hz
4,8604,false,0.0,boolean
4,8605,false,,text
4,8606,6 millimeters,6.0,mm
4,8607,5.3,5.3,version
4,8605,2,,text
4,8590,true,,text
4,8588,false,,text
4,8608,None,,text
4,8594,11 hours,11.0,hr
4,8609,General use,,text
4,8610,true,1.0,boolean
4,8611,Case,,text
4,8594,11 hours,11.0,hr
4,8612,Yes,,text
4,8611,USB-C,,text
4,8613,Yes,,text
4,8614,4.4 in,4.4,in
4,8615,1.3 in,1.3,in
4,8616,3.9 in,3.9,in
4,8617,0.4 lb,0.4,lb
4,8618,1 year,,text
4,8619,1 year,,text
4,8620,Anker,,text
4,8621,"Power Bank (24000mAh, 140W, 3-Port)",,text
4,8622,Black,,text
4,8624,Lithium-ion,,text
4,8625,1 x USB-C,,text
4,8626,3.85 V,3.85,v
4,8627,6.13 in,6.13,in
4,8628,1.95 in,1.95,in
4,8629,2.15 in,2.15,in
4,8630,1.39 lb,1.39,lb
4,8631,2 years,,text
4,8632,2 years,,text
4,8633,Anker,,text
4,8634,"Power Bank (20000mAh, 200W, 3-Port)",,text
4,8635,Black,,text
4,8636,20000 milliampere hours,20000.0,mah
4,8637,Lithium-ion,,text
4,8638,"2 x USB-C, 1 x USB-A",,text
4,8639,1 x USB-C,,text
4,8640,2.15 in,2.15,in
4,8641,5 in,5.0,in
4,8642,1.95 in,1.95,in
4,8643,1.19 lb,1.19,lb
4,8644,24 months,,text
4,8645,24 months,,text
4,4394,Dishwasher-safe parts,,text
4,4395,Semi-automatic,,text
4,4396,true,1.0,boolean
4,4396,true,1.0,boolean
4,4396,25,25.0,count
4,4397,9 bar,9.0,bar
4,4398,Breville,,text
4,4400,the Barista Express Impress Espresso Machine,,text
4,4401,Brushed Stainless Steel,,text
4,4402,16 in,16.0,in
4,4403,14.25 in,14.25,in
4,4404,12.5 in,12.5,in
4,4405,24.2 lb,24.2,lb
4,4406,Stainless steel,,text
4,4407,true,1.0,text
4,4407,No PFAS,,text
4,4408,3 seconds,3.0,s
4,4409,false,,text
4,8646,0.55 pounds,0.55,lb
4,4411,removable_water_reservoir,,text
4,4412,67.6 oz,67.6,oz
4,4413,Button,,text
4,4408,programmable,,text
4,4414,true,1.0,boolean
4,4411,removable_drip_tray,,text
4,4411,false,0.0,text
4,4408,auto_shutoff,,text
4,4415,120 V,120.0,v
4,4416,1750 W,1750.0,w
4,4417,UL Listed,,text
4,4418,2 Year Limited Product Warranty,,text
4,4419,2 Year Limited Product Warranty,,text
4,8647,Dolby Atmos,,text
4,8648,Wireless,,text
4,8649,Bluetooth,,text
4,8650,true,1.0,boolean
4,8651,carrying_case,,text
4,8652,On-Ear,,text
4,8653,50 hours,50.0,hr
4,8654,"Google Home, Apple Home",,text
4,8655,Beats,,text
4,8656,Solo 4 Wireless On-Ear Headphones,,text
4,8657,Matte Black,,text
4,8658,Beats Solo 4,,text
4,8659,true,1.0,boolean
4,8660,true,1.0,boolean
4,8661,40 millimeters,40.0,mm
4,8662,5.3,5.3,version
4,8663,2,,text
4,8664,"Volume, Call, Track selection",,text
4,8653,50 hours,50.0,hr
4,8665,General use,,text
4,8651,foldable_design,,text
4,8666,true,1.0,boolean
4,8667,Cable,,text
4,8668,Yes,,text
4,8667,USB-C,,text
4,8669,Yes,,text
4,8670,UltraPlush,,text
4,8671,2.7 in,2.7,in
4,8672,6.2 in,6.2,in
4,8673,6.9 in,6.9,in
4,8674,0.47 lb,0.47,lb
4,8675,1 year,,text
4,8676,1 year,,text
4,8677,Over-the-Ear,,text
4,8678,Sony,,text
4,8679,true,1.0,boolean
4,8680,General use,,text
4,8681,0.56 lb,0.56,lb
4,8682,Full Manufacturers Warranty,,text
4,8683,Full Manufacturers Warranty,,text
4,8684,Wireless,,text
4,8685,Over-the-Ear,,text
4,8686,Sony,,text
4,8687,"WHCH720 Wireless Noise Cancelling Headphone, Black with Wood Headphone Display Stand",,text
4,8688,true,1.0,boolean
4,8689,0.42 lb,0.42,lb
4,8690,Full Manufacturers Warranty,,text
4,8691,Full Manufacturers Warranty,,text
4,8692,Wireless,,text
4,8693,On-Ear,,text
4,8694,Sony,,text
4,8695,"WHCH520 Wireless Headphones with Microphone, Black with Wood Headphone Display Stand",,text
4,8696,true,1.0,boolean
4,8697,General use,,text
4,8698,0.32 lb,0.32,lb
4,8699,Full Manufacturers Warranty,,text
4,8700,Full Manufacturers Warranty,,text
4,8701,Over-the-Ear,,text
4,8702,Sony,,text
4,8703,"WH-1000XM6 Best Wireless Noise Canceling Headphones, Silver + Pro Stand Kit",,text
4,8704,true,1.0,boolean
4,8705,General use,,text
4,8706,0.56 lb,0.56,lb
4,8707,Full Manufacturers Warranty,,text
4,8708,Full Manufacturers Warranty,,text
4,6269,Anker,,text
4,6271,"Power Bank (20,000mAh, 30W)",,text
4,6272,Black,,text
4,6273,20000 milliampere hours,20000.0,mah
4,6274,Lithium-ion,,text
4,6275,"2 x USB-C, 1 x USB-A",,text
4,6276,1 x USB-C,,text
4,6277,6.04 in,6.04,in
4,6278,2.82 in,2.82,in
4,6279,1.11 in,1.11,in
4,6280,1.02 lb,1.02,lb
4,6281,18 months,,text
4,6282,lifetime technical support,,text
4,5790,"Wireless, Wired",,text
4,5791,Bluetooth,,text
4,5792,false,,text
4,5793,false,,text
4,5794,true,1.0,boolean
4,5795,carrying_case,,text
4,5794,"Fixed, Noise cancelling, Voice Activated",,text
4,5796,Over-the-Ear,,text
4,5797,true,,text
4,5798,20 hours,20.0,hr
4,5799,Siri,,text
4,5800,Apple,,text
4,5802,AirPods Max 2 (USB-C),,text
4,5803,Midnight,,text
4,5804,AirPods Max 2,,text
4,5805,true,1.0,boolean
4,5806,true,1.0,boolean
4,5807,5.3,5.3,version
4,5790,USB-C,,text
4,5808,"Call, Mute, Track selection, Voice assistant, Volume",,text
4,5792,false,,text
4,5810,Pro,,text
4,5795,false,0.0,text
4,5811,true,1.0,boolean
4,5812,"Cable, Case",,text
4,5812,USB-C,,text
4,5797,Breathable knit mesh with stainless steel frame,,text
4,5813,7.37 in,7.37,in
4,5814,3.28 in,3.28,in
4,5815,6.64 in,6.64,in
4,5816,0.85 lb,0.85,lb
4,5817,Apple One (1) Year Limited Warranty,,text
4,5818,Apple One (1) Year Limited Warranty,,text
4,5853,true,1.0,boolean
4,5854,Wireless,,text
4,5855,Bluetooth,,text
4,5856,true,,text
4,5857,true,,text
4,5858,true,1.0,boolean
4,5859,carrying_case,,text
4,5860,In-Ear,,text
4,5861,8 hours,8.0,hr
4,5862,Apple Home,,text
4,5863,"Extra small, Small, Medium, Large",,text
4,5864,Apple,,text
4,5866,"AirPods Pro 3, Wireless Active Noise Cancelling Earbuds with Heart Rate Sensing Feature",,text
4,5867,White,,text
4,5868,Airpods Pro 3,,text
4,5869,true,1.0,boolean
4,5853,true,1.0,boolean
4,5870,5.3,5.3,version
4,5871,"Call, Mute, Track selection, Voice assistant, Volume",,text
4,5872,Heart rate,,text
4,5874,General use,,text
4,5875,true,1.0,boolean
4,5876,Case,,text
4,5861,24 hours,24.0,hr
4,5877,5 minutes in the case provides around 1 hour of listening time,,text
4,5876,USB-C,,text
4,5878,1.22 in,1.22,in
4,5879,0.76 in,0.76,in
4,5880,1.06 in,1.06,in
4,5881,0.2 lb,0.2,lb
4,5882,1 year limited,,text
4,5883,1 year limited,,text
4,7555,true,1.0,boolean
4,7556,Stereo,,text
4,7557,"Wireless, Wired",,text
4,7558,Bluetooth,,text
4,7556,false,,text
4,7559,50 feet,15.24,m
4,7560,false,,text
4,7561,true,1.0,boolean
4,7562,carrying_case,,text
4,7561,"Noise cancelling, Voice Activated",,text
4,7563,Over-the-Ear,,text
4,7564,true,,text
4,7565,20 hours,20.0,hr
4,7566,1.5 hours,90.0,min
4,7567,Apple Home,,text
4,7568,Siri,,text
4,7569,Apple,,text
4,7571,AirPods Max (USB-C),,text
4,7572,Midnight,,text
4,7573,AirPods Max,,text
4,7574,true,1.0,boolean
4,7555,true,1.0,boolean
4,7575,20 Hz,20.0,hz
4,7575,20 Hz,20.0,hz
4,7576,16 ohms,16.0,ohm
4,7577,100 decibels adjusted,100.0,db
4,7578,true,1.0,boolean
4,7579,true,,text
4,7580,40 millimeters,40.0,mm
4,7581,5.0,5.0,version
4,7579,1,1.0,text
4,7557,Lightning,,text
4,7582,false,0.0,boolean
4,7560,false,,text
4,7583,"Call, Track selection, Voice assistant, Volume",,text
4,7556,false,,text
4,7565,20 hours,20.0,hr
4,7565,18 hours,18.0,hr
4,7556,true,,text
4,7584,Pro,,text
4,7562,false,0.0,text
4,7585,true,1.0,boolean
4,7586,Cable,,text
4,7587,10min=4hrs,,text
4,7586,USB-C,,text
4,7588,No,,text
4,7564,"Mesh textile, memory foam",,text
4,7564,Stainless steel,,text
4,7589,7.37 in,7.37,in
4,7590,6.64 in,6.64,in
4,7591,12.2 in,12.2,in
4,7592,0.85 lb,0.85,lb
4,7593,Apple One (1) Year Limited Warranty,,text
4,7594,Apple One (1) Year Limited Warranty,,text
4,5936,true,1.0,boolean
4,5937,Wireless,,text
4,5938,Bluetooth,,text
4,5939,true,,text
4,5940,true,,text
4,5941,true,1.0,boolean
4,5942,carrying_case,,text
4,5943,In-Ear,,text
4,5944,4 hours,4.0,hr
4,5945,Apple Home,,text
4,5946,Apple,,text
4,5948,AirPods 4 with Active Noise Cancellation,,text
4,5949,White,,text
4,5950,AirPods 4 Active Noise Cancellation,,text
4,5951,true,1.0,boolean
4,5936,true,1.0,boolean
4,5952,5.3,5.3,version
4,5953,"Call, Mute, Voice assistant",,text
4,5954,General use,,text
4,5955,true,1.0,boolean
4,5956,Case,,text
4,5944,20 hours,20.0,hr
4,5956,USB-C,,text
4,5957,1.19 in,1.19,in
4,5958,0.72 in,0.72,in
4,5959,3.2 in,3.2,in
4,5960,0.0094 lb,0.009375,lb
4,5961,Apple One (1) Year Limited Warranty,,text
4,5962,Apple One (1) Year Limited Warranty,,text
4,5908,false,0.0,boolean
4,5909,Wireless,,text
4,5910,Bluetooth,,text
4,5911,true,,text
4,5912,true,,text
4,5913,true,1.0,boolean
4,5914,carrying_case,,text
4,5915,In-Ear,,text
4,5916,5 hours,5.0,hr
4,5917,Apple Home,,text
4,5918,Apple,,text
4,5920,AirPods 4,,text
4,5921,White,,text
4,5922,AirPods 4,,text
4,5923,true,1.0,boolean
4,5924,5.3,5.3,version
4,5925,"Call, Mute, Voice assistant",,text
4,5926,General use,,text
4,5927,true,1.0,boolean
4,5928,Case,,text
4,5916,30 hours,30.0,hr
4,5928,USB-C,,text
4,5929,1.19 in,1.19,in
4,5930,0.72 in,0.72,in
4,5931,3.2 in,3.2,in
4,5932,0.0094 lb,0.009375,lb
4,5933,Apple One (1) Year Limited Warranty,,text
4,5934,Apple One (1) Year Limited Warranty,,text
4,5319,true,1.0,boolean
4,5320,Dolby Atmos,,text
4,5321,Wireless,,text
4,5322,Bluetooth,,text
4,5320,true,,text
4,5323,true,,text
4,5324,true,1.0,boolean
4,5325,carrying_case,,text
4,5324,Noise cancelling,,text
4,5326,In-Ear,,text
4,5327,9 hours,9.0,hr
4,5327,1 hour,1.0,hr
4,5329,"Google Home, Apple Home",,text
4,5330,Siri,,text
4,5331,"Extra small, Small, Medium, Large",,text
4,5332,Beats,,text
4,5334,Studio Buds + True Wireless Noise Cancelling Earbuds,,text
4,5335,Transparent,,text
4,5336,true,1.0,boolean
4,5319,true,1.0,boolean
4,5337,2,,text
4,5338,"Track selection, Voice assistant, Volume, Call",,text
4,5327,9 hours,9.0,hr
4,5341,Sports and Exercise,,text
4,5342,true,1.0,boolean
4,5343,Case,,text
4,5327,27 hours,27.0,hr
4,5344,Yes,,text
4,5343,USB-C,,text
4,5345,Yes,,text
4,5346,0.6 in,0.6,in
4,5347,0.7 in,0.7,in
4,5348,0.8 in,0.8,in
4,5349,0.4 lb,0.4,lb
4,5350,1 year,1.0,text
4,5351,1 year,1.0,text
4,5592,true,1.0,boolean
4,5593,Stereo,,text
4,5594,Wireless,,text
4,5595,Bluetooth,,text
4,5593,false,,text
4,5596,32 feet,9.75,m
4,5597,false,,text
4,5598,true,1.0,boolean
4,5599,carrying_case,,text
4,5598,Noise cancelling,,text
4,5600,"On-Ear, Over-the-Ear",,text
4,5601,true,,text
4,5602,30 hours,30.0,hr
4,5603,3.5 hours,210.0,min
4,5604,"Google Home, Apple Home, Amazon Alexa",,text
4,5605,"Google Assistant, Amazon Alexa",,text
4,5606,Sony,,text
4,5608,ULT WEAR Wireless Noise Cancelling Headphones,,text
4,5609,Black,,text
4,5610,true,1.0,boolean
4,5592,true,1.0,boolean
4,5611,20 kilohertz,20.0,text
4,5612,true,,text
4,5613,5.2,5.2,version
4,5597,false,,text
4,5593,false,,text
4,5602,30 hours,30.0,hr
4,5616,General use,,text
4,5599,foldable_design,,text
4,5617,true,1.0,boolean
4,5618,30 milliampere hours,30.0,mah
4,5619,Cable,,text
4,5619,USB-C,,text
4,5620,10.3 in,10.3,in
4,5621,8.6 in,8.6,in
4,5622,8 in,8.0,in
4,5623,0.56 lb,0.56,lb
4,5624,1 year,1.0,text
4,5625,1 year,1.0,text
4,5255,Dolby Atmos,,text
4,5256,Wireless,,text
4,5257,Bluetooth,,text
4,5259,true,1.0,boolean
4,5260,carrying_case,,text
4,5261,On-Ear,,text
4,5262,50 hours,50.0,hr
4,5263,Apple Home,,text
4,5264,Beats,,text
4,5266,Solo 4 Wireless On-Ear Headphones,,text
4,5267,Cloud Pink,,text
4,5268,Beats Solo 4,,text
4,5269,true,1.0,boolean
4,5270,true,1.0,boolean
4,5271,5.3,5.3,version
4,5272,1,1.0,text
4,5273,"Volume, Call, Track selection",,text
4,5262,50 hours,50.0,hr
4,5274,General use,,text
4,5260,foldable_design,,text
4,5275,true,1.0,boolean
4,5276,Cable,,text
4,5262,50 hours,50.0,hr
4,5277,Yes,,text
4,5276,USB-C,,text
4,5278,Yes,,text
4,5279,UltraPlush,,text
4,5280,2.7 in,2.7,in
4,5281,6.2 in,6.2,in
4,5282,6.9 in,6.9,in
4,5283,0.47 lb,0.47,lb
4,5284,1 year,1.0,text
4,5285,1 year,1.0,text
4,6039,Anker,,text
4,6041,"Prime Power Bank (9.6K, 65W, Fusion)",,text
4,6042,Black,,text
4,6044,Lithium-ion,,text
4,6045,2 x USB-C,,text
4,6046,1 x USB-C,,text
4,6047,1.71 in,1.71,in
4,6048,1.65 in,1.65,in
4,6049,4.53 in,4.53,in
4,6050,1.05 lb,1.05,lb
4,6051,2 years,,text
4,6052,2 years,,text
4,8709,192 watt hours,192.0,w
4,8710,3000,,text
4,8711,Anker,,text
4,8712,"SOLIX C200X DC Portable Power Station 192Wh (60,000mAh)/200W Extremely Portable & Fast Charge",,text
4,8713,Black,,text
4,8714,Lithium-iron phosphate,,text
4,8715,0.96 hours,0.96,hr
4,8716,120 V,120.0,v
4,8717,"Solar panel, 1 x 120V AC",120.0,v
4,8710,6 hours,,text
4,8718,200 W,200.0,w
4,8718,200 W,200.0,w
4,8719,7.28 in,7.28,in
4,8720,4.33 in,4.33,in
4,8721,3.94 in,3.94,in
4,8722,4.2 lb,4.2,lb
4,8723,-4.0 degrees fahrenheit,-4.0,f
4,8724,104 degrees fahrenheit,104.0,f
4,8725,3 years,36.0,month
4,8726,3 years,36.0,month
4,8709,192 watt hours,192.0,w
4,8710,3000,,text
4,8711,Anker,,text
4,8712,"SOLIX C200X DC Portable Power Station 192Wh (60,000mAh)/200W Extremely Portable & Fast Charge",,text
4,8713,Black,,text
4,8714,Lithium-iron phosphate,,text
4,8715,0.96 hours,0.96,hr
4,8716,120 V,120.0,v
4,8717,"Solar panel, 1 x 120V AC",120.0,v
4,8710,6 hours,,text
4,8718,200 W,200.0,w
4,8718,200 W,200.0,w
4,8719,7.28 in,7.28,in
4,8720,4.33 in,4.33,in
4,8721,3.94 in,3.94,in
4,8722,4.2 lb,4.2,lb
4,8723,-4.0 degrees fahrenheit,-4.0,f
4,8724,104 degrees fahrenheit,104.0,f
4,8725,3 years,36.0,month
4,8726,3 years,36.0,month
4,8727,Apple,,text
4,8728,iPhone Air MagSafe Battery,,text
4,8729,White,,text
4,8730,Lithium-ion,,text
4,8731,true,1.0,boolean
4,8730,Cell Phone Batteries,,text
4,8732,Created exclusively for iPhone Air,,text
4,8733,Apple,,text
4,8733,Apple iPhone Air,,text
4,8734,Apple One (1) Year Limited Warranty,,text
4,8735,Apple One (1) Year Limited Warranty,,text
4,8727,Apple,,text
4,8728,iPhone Air MagSafe Battery,,text
4,8729,White,,text
4,8730,Lithium-ion,,text
4,8731,true,1.0,boolean
4,8730,Cell Phone Batteries,,text
4,8732,Created exclusively for iPhone Air,,text
4,8733,Apple,,text
4,8733,Apple iPhone Air,,text
4,8734,Apple One (1) Year Limited Warranty,,text
4,8735,Apple One (1) Year Limited Warranty,,text
4,6009,Anker,,text
4,6011,PowerCore Select 20k mAh Power Bank Dual-Port Portable Phone Charger,,text
4,6012,Black,,text
4,6014,Lithium-ion,,text
4,6016,1 x USB-C,,text
4,6017,3.85 V,3.85,v
4,6018,6.3 in,6.3,in
4,6019,1 in,1.0,in
4,6020,2.68 in,2.68,in
4,6021,0.53 lb,0.53,lb
4,6022,18 months,,text
4,6317,Anker,,text
4,6319,"Nano Power Bank (5,000mAh, 22.5W) w/ Built-in Foldable USB-C Connector",,text
4,6320,Black,,text
4,6321,5000 milliampere hours,5000.0,mah
4,6322,Lithium-ion,,text
4,6334,2 x USB-C,,text
4,6324,1 x USB-C,,text
4,6325,3.85 V,3.85,v
4,6326,3.03 in,3.03,in
4,6327,0.98 in,0.98,in
4,6328,1.45 in,1.45,in
4,6329,0.15 lb,0.15,lb
4,6330,2 years,,text
4,6331,18 months,,text
4,6165,Anker,,text
4,6167,"Power Bank (10K, 22.5W, Built-In USB-C Cable)",,text
4,6168,Black,,text
4,6169,10000 mAh,10000.0,mah
4,6170,Lithium-ion,,text
4,6171,"2 x USB-C, 1 x USB-A",,text
4,6172,1 x USB-C,,text
4,6173,5.51 in,5.51,in
4,6174,2.83 in,2.83,in
4,6175,0.61 in,0.61,in
4,6176,0.77 lb,0.77,lb
4,6177,18 months,,text
4,6178,18 months,,text
4,5357,true,1.0,boolean
4,5358,"Wireless, Wired",,text
4,5359,Bluetooth,,text
4,5360,false,,text
4,5361,32.81 feet,10.0,m
4,5362,true,1.0,boolean
4,5363,carrying_case,,text
4,5364,Over-the-Ear,,text
4,5365,true,,text
4,5366,30 hours,30.0,hr
4,5367,3 hours,180.0,min
4,5368,Sony,,text
4,5370,WH-1000XM6- Best Wireless Noise Cancelling Headphones,,text
4,5371,Black,,text
4,5372,true,1.0,boolean
4,5373,5.3,5.3,version
4,5358,1/8 in. (3.5mm),,text
4,5374,General use,,text
4,5363,foldable_design,,text
4,5375,true,1.0,boolean
4,5376,Cable,,text
4,5376,USB-C,,text
4,5377,10.11 in,10.11,in
4,5378,3.08 in,3.08,in
4,5379,7.87 in,7.87,in
4,5380,0.56 lb,0.56,lb
4,5381,1 year,,text
4,5382,1 year,,text
28,861,"Included Accessories:
1 cup & 2 cup Single Wall & Dual Wall Filter Baskets.
Milk Jug.
Portafilter.
Tamper.
Steam Wand Tip Cleaning Tool.
Descaling Powder.",,text
28,857,"6.25"" × 13.5"" × 12""",6.25,in
28,838,Stainless Steel,,text
28,843,47 oz,47.0,oz
28,840,"Control Panel: 1 Cup, 2 Cup, Hot Water and Steam button",,text
28,849,1560 W,1560.0,w
28,848,110-120 Volts,-120.0,v
28,860,1 Year Limited Warranty,,text
28,837,10.42 lbs / 4.725 kg,10.42,lb
28,847,Manual milk texturing,,text
28,840,"15 bar Italian Pump
Ready in 3 seconds thermojet system
PID Temperature Control",,text
28,8736,Simple button control,,text
28,842,54mm portafilter,,text
28,842,Manual tamper,,text
28,895,"Dosing Funnel™ Attachment
Razor Dose Trimming Tool
54mm Stainless Steel Portafilter
1 cup & 2cup Single & Dual Wall Filter Baskets
Coffee Scoop
Integrated Tamper
Stainless Steel Milk Jug
Cleaning disc and tablets
Cleaning brush, tool and Allen Key
Water Filter Holder and Water Filter",,text
28,893,"12.5"" x 13.8"" x 15.9""",12.5,in
28,877,Brushed Stainless Steel.,,text
28,883,67 oz,67.0,oz
28,879,"Single or Double Shots.
Adjustable Grind Amount & Manual over-ride.",,text
28,888,1600 W,1600.0,w
28,887,120 V,120.0,v
28,899,1 Year Limited Warranty,,text
28,879,Thermocoil heating system,,text
28,876,22.09 lb,22.09,lb
28,886,Manual milk texturing,,text
28,879,"15 bar Italian Pump
Thermocoil system
PID Temperature Control
1600W Thermocoil–Integrated stainless steel water path accurately controls water temperature",,text
28,867,Steel conical burrs,,text
28,8737,Simple button control,,text
28,882,High quality 54mm portafilter,,text
28,882,Manual removable magnetic tamper,,text
28,867,16 precision grind settings,16.0,count
28,868,Extraction Feedback pressure gauge,,text
3,8738,AMD Ryzen 5 7430U,,text
3,8739,16 GB,16.0,gb
3,8740,1024 GB,1024.0,gb
3,8741,AMD Radeon Graphics,,text
3,8742,"17.3"" HD+ Touch",,text
3,8743,Wi-Fi 6,,text
3,8744,Windows 11 Pro,,text
3,8745,Blue,,text
18,8746,MediaTek Kompanio 838,,text
18,8746,MediaTek Kompanio 838,,text
18,8747,ChromeOS,,text
18,8748,Integrated ARM Mali-G57 MC3 GPU,,text
18,8749,4 GB,4.0,gb
18,8750,128 GB,128.0,gb
18,8751,8MP Auto Focus (Rear) + 5MP with Privacy Shutter (Front),,text
18,8752,Wi-Fi 6 2x2 AX & Bluetooth® 5.1 or above,,text
18,8753,1920 x 1200,,text
18,10631,"10.95"" 2K display",10.95,in
18,8754,Luna Grey - English (US),,text
18,8755,Luna Grey,,text
18,8756,1 Year Courier or Carry-in,1.0,in
18,8757,83HH0002US,,text
18,8758,7.6mm / .30″ thin,7.6,mm
18,8759,.51kg / 1.12lbs,1.12,lb
18,8746,MediaTek Kompanio 838,,text
18,8746,MediaTek Kompanio 838,,text
18,8753,1920 x 1200,,text
18,10631,"10.95"" 2K display",10.95,in
18,8760,400 nits,400.0,nit
18,8761,all-day battery life,,text
18,8751,5MP front camera and 8MP rear camera,,text
18,8752,dual USB-C ports,,text
18,8762,military grade MIL-810H certification,,text
1,2421,Lenovo,,text
1,8763,Lenovo V15-IKB,,text
1,2410,15.6 inches,15.6,in
1,2423,Black,,text
1,2415,2048 GB,2048.0,gb
1,2414,AMD Ryzen 5,,text
1,2416,24 GB,24.0,gb
1,2430,Windows 11 Pro,,text
1,8764,Anti Glare Coating,,text
1,2417,Integrated,,text
1,2415,2048 GB,2048.0,gb
1,8764,Anti Glare Coating,,text
1,2417,Integrated,,text
1,2417,AMD Radeon Graphics,,text
1,2443,3.8 lb,3.8,lb
1,8764,Business,,text
1,2439,Yes,,text
1,8765,Laptop,,text
1,8766,SSD,,text
1,2439,720p HD webcam,,text
1,2428,DDR4 SDRAM,,text
1,8767,Extended,,text
1,8768,"14.13""L x 9.29""W x 0.78""Th",,text
1,8769,"AMD 5000 series chipset (Promontory or Lucienne, etc.)",,text
1,8770,AC adapter,,text
1,8771,HDMI,,text
1,2416,24 GB,24.0,gb
1,2426,DDR4,,text
1,2427,3200 MHz,3200.0,mhz
1,2416,24 GB,24.0,gb
1,2427,3200 MHz,3200.0,mhz
1,2426,DDR4 SDRAM,,text
1,8772,2,2.0,count
1,8772,2,2.0,count
1,2437,"Bluetooth, Wi-Fi",,text
1,2437,Wi-Fi,,text
1,2437,Bluetooth,,text
1,8773,5.2,5.2,version
1,2438,Wi-Fi 6E,,text
1,2420,Keyboard,,text
1,2420,US,,text
1,2420,QWERTY,,text
1,2420,Present,,text
1,8769,Ryzen 5,,text
1,8774,4 GHz,4.0,ghz
1,8775,6,6.0,count
1,2425,AMD,,text
1,2414,5500U,,text
1,8769,5th generation,,text
1,8774,4 GHz,4.0,ghz
1,8776,8 MB,8.0,mb
1,2424,2023,,text
1,2421,Lenovo,,text
1,8777,1.0 Count,1.0,count
1,8778,B0BVBX7G2D,,text
1,2411,1920 x 1080,,text
1,2411,1920 x 1080,,text
1,8779,LED,,text
1,2411,1920 x 1080,,text
1,8779,LCD,,text
1,8780,1,1.0,count
1,8781,Yes,,text
1,8782,anti-glare,,text
1,8783,Lithium Ion,,text
1,2434,3,3.0,count
1,8771,"HDMI, USB 2.0, USB 3.0",,text
1,8784,6,6.0,count
1,8785,1,1.0,count
1,2431,1,1.0,count
1,8786,1,1.0,count
1,8787,Headphones,,text
1,8787,Dolby Audio,,text
1,2436,Headphones,,text
1,8787,Dolby Audio sound,,text
1,8787,Yes,,text
3,2393,3,3.0,count
3,2369,1920 x 1080,,text
3,8289,13 inches (H) x 2.7 inches (W) x 21 inches (D),,text
3,8287,Intel Pentium,,text
3,2373,128 GB,128.0,gb
3,8288,USB-C,,text
3,2370,false,0.0,boolean
3,2378,No Backlit Keyboard,,text
3,2389,Windows 11 Pro,,text
3,8281,None,,text
3,8280,20 hours,20.0,hr
3,2396,Wi-Fi 6,,text
3,2372,Intel UHD Graphics,,text
3,8285,16:9 Aspect Ratio,,text
3,8281,eMMC,,text
3,8283,3.3 GHz,3.3,ghz
3,8290,4,4.0,count
3,8284,"Lithium, Required, Installed",,text
3,8286,New,,text
3,2372,Intel Pentium Silver N6000,,text
3,2368,15.6 inches,15.6,in
3,2384,DDR4,,text
3,2403,5.2 lb,5.2,lb
3,2374,8 GB,8.0,gb
3,2395,Built-In Microphone,,text
18,8788,6 hours,6.0,hr
18,8789,256 GB,256.0,gb
18,8790,Windows 11,,text
18,8791,Backlit keyboard option,,text
18,8792,"USB-C, USB-A, HDMI, headphone/mic combo",,text
18,8793,ThinkShield security solutions,,text
18,8794,Integrated graphics or discrete options,,text
18,8795,Bluetooth®,,text
18,8796,12 inches,12.0,in
18,8797,Latest AMD Ryzen or Intel® Core™ processors,,text
18,8798,Supports multitouch gestures,,text
13,8799,4429416,,text
13,8800,4437360,,text
13,8801,"884116430131, 884116430155, 884116430162, 884116430308",,text
1,4267,De'Longhi,,text
1,4279,47 oz,47.0,oz
1,4270,Onyx Black,,text
1,8802,"17""D x 9.75""W x 14.75""H",,text
1,8803,"Adjustable Brew Strength, Changeable bean hopper, Integrated Coffee Grinder, Programmable, Removable Tank Adjustable Brew Strength, Changeable bean hopper, Integrated Coffee Grinde… See more",,text
1,8804,4.1 out of 5 stars 390,,text
1,8805,"$1,499.95 $ 1,499 . 95",,text
1,4265,✔,,text
1,8806,4,,text
1,4278,18,,text
1,4283,✔,,text
1,8807,✔,,text
1,8808,15 fl oz,15.0,oz
1,4278,✔,,text
1,4278,✔,,text
1,8803,"Adjustable Brew Strength, Changeable bean hopper, Integrated Coffee Grinder, Programmable, Removable Tank",,text
1,4281,Espresso Machine,,text
1,8803,"18 drink options, Americano, Espresso, Iced Coffee, Latte",18.0,count
1,8803,"Americano, Cappuccino, Espresso, Flat White, Iced Coffee",,text
1,4263,Fully Automatic,,text
1,4285,1450 W,1450.0,w
1,4284,120 V,120.0,v
1,8809,Touchscreen,,text
1,4281,Whole Bean,,text
1,4281,Reusable,,text
1,8802,"17""D x 9.75""W x 14.75""H",,text
1,4274,21.4 lb,21.4,lb
1,8810,1,1.0,count
1,8810,1,1.0,count
1,8811,Plastic,,text
1,4267,De'Longhi,,text
1,8812,"Cleaning Brush,Milk Carfe (hot), De'Longhi Rivelia Automatic Espresso Machine, Grinder & Frother, Easy Bean Switching, Black, Filter, Measuring Scoop,Total Hardness Test, Removable Water Spout",,text
1,8813,"Rivelia Automatic Espresso Machine,",,text
1,4267,De'Longhi,,text
1,4268,EXAM44055B,,text
1,8804,"#162,983 in Home & Kitchen ( See Top 100 in Home & Kitchen ) #10 in Super-Automatic Espresso Machines",,text
1,8814,B0F1GMCQPB,,text
1,8804,4.1 4.1 out of 5 stars (390) 4.1 out of 5 stars,4.1,count
1,8815,Rivelia Black,,text
29,8816,4.45,4.45,mm
29,758,15 bar,15.0,bar
29,770,55.79 oz,55.79,oz
29,777,1550 W,1550.0,w
29,776,120 V,120.0,v
29,794,14.37x11.22x15.87,14.37,in
29,766,25.8 lb,25.8,lb
29,762,Metal,,text
29,8817,Stainless Steel,,text
29,769,Manual,,text
29,774,Thermoblock,,text
29,769,3,3.0,count
29,757,8,8.0,count
29,773,Button & Dial,,text
29,814,"Americano,Coffee,Espresso,Long,Over Ice",,text
29,814,Hot Water,,text
29,854,17.32x9.45x14.17,17.32,in
29,808,20.82 lb,20.82,lb
29,804,Silver black,,text
29,804,Painted,,text
29,815,60.87 oz,60.87,oz
29,8818,250,250.0,g
29,8819,14,14.0,count
29,800,15 bar,15.0,bar
29,8820,5.46,5.46,mm
29,818,Touch,,text
29,820,120 V,120.0,v
29,821,1250 W,1250.0,w
29,814,No,,text
29,8821,4.95,4.95,mm
29,4036,15 bar,15.0,bar
29,4047,57.48 oz,57.48,oz
29,4053,1350 W,1350.0,w
29,4052,120 V,120.0,v
29,4059,11.2x9x12,,text
29,4044,9.28 lb,9.28,lb
29,4040,Metal,,text
29,4060,Stainless Steel and Plastic,,text
29,4046,3,,text
29,8822,No,,text
29,8823,No,,text
29,4046,Yes,,text
29,4050,No,,text
29,4050,2,,text
29,4049,Button & Dial,,text
29,4046,yes,,text
29,8824,4.68,4.68,mm
29,4074,15 bar,15.0,bar
29,4086,57.48 oz,57.48,oz
29,4093,1450 W,1450.0,w
29,4092,120 V,120.0,v
29,8825,14.37x11.22x15.87,14.37,in
29,4082,22.93 lb,22.93,lb
29,4078,Metal,,text
29,8826,Metal,,text
29,4085,Auto LatteArt,,text
29,4090,Thermoblock,,text
29,4085,2,,text
29,4073,15,,text
29,8827,4,,text
29,4085,8 customizable drinks,,text
29,4091,4,,text
29,4091,5,,text
29,4089,Touch,,text
29,8828,"3.5"" TFT colour",,text
29,4101,15 bar,15.0,bar
29,4114,33.81 oz,33.81,oz
29,4121,1100 W,1100.0,w
29,4120,120 V,120.0,v
29,4127,13.5x8.07x11.22,,text
29,4109,8.61 lb,8.61,lb
29,4105,Black,,text
29,4110,Plastic,,text
29,4113,Cappuccino System,,text
29,4113,2,,text
29,4117,Dial,,text
29,8829,No Display,,text
29,4113,Accessory,,text
29,4169,17.32x9.45x14.17,17.32,in
29,4151,21.17 lb,21.17,lb
29,4147,Silver black,,text
29,4147,Painted,,text
29,4157,60.87 oz,60.87,oz
29,8830,250,250.0,g
29,8831,14,14.0,count
29,4143,15 bar,15.0,bar
29,8832,5.46,5.46,mm
29,4160,Touch,,text
29,4163,120 V,120.0,v
29,4164,1250 W,1250.0,w
29,4197,"Americano,Coffee,Espresso",,text
29,4197,"Hot Water,Steam",,text
29,4237,17x9.25x14,,text
29,4193,19.82 lb,19.82,lb
29,4189,Black,,text
29,4189,Glossy,,text
29,4198,60.87 oz,60.87,oz
29,8833,250,250.0,g
29,8834,14,14.0,count
29,4185,15 bar,15.0,bar
29,8835,5.46,5.46,mm
29,4201,Touch,,text
29,4204,120 V,120.0,v
29,4205,1250 W,1250.0,w
29,4213,15 bar,15.0,bar
29,4225,32.12 oz,32.12,oz
29,4232,1500 W,1500.0,w
29,4231,115 V,115.0,v
29,4253,11.02x14.52x12.79,11.02,in
29,4221,13.54 lb,13.54,lb
29,4217,Grey,,text
29,4251,Plastic and Metal,,text
29,4224,Cappuccino System,,text
29,4224,3,,text
29,4228,Touch & Dial,,text
29,8836,Icons and LED,,text
29,4278,"Cold Coffee,Cold Espresso,Cold Americano",,text
29,4278,"Americano,Coffee,Espresso,Espresso Lungo,Long",,text
29,4278,"Caffelatte,Cappuccino,Cappuccino Mix,Cortado,Espresso Macchiato,Flat White,Hot Milk,Latte Macchiato",,text
29,4278,Hot Water,,text
29,8802,17x9.75x14.75,,text
29,4274,21.39 lb,21.39,lb
29,4270,Black,,text
29,4270,Matt,,text
29,4279,47.34 oz,47.34,oz
29,8837,250,250.0,g
29,8838,10,10.0,count
29,4266,19 bar,19.0,bar
29,8839,5.46,5.46,mm
29,4282,Touch,,text
29,4284,120 V,120.0,v
29,4285,1450 W,1450.0,w
29,4278,No,,text
29,4278,Coffee routines; My Function,,text
29,8840,4.1,4.1,mm
29,8841,19 bar,19.0,bar
29,8842,67.63 oz,67.63,oz
29,8843,1600 W,1600.0,w
29,8844,120 V,120.0,v
29,8845,14x15x17.5,,text
29,8846,28.11 lb,28.11,lb
29,8847,Metal,,text
29,8848,Metal,,text
29,8849,Manual,,text
29,8850,Thermoblock,,text
29,8849,4,,text
29,8851,15,,text
29,8852,3,,text
29,8849,Via Submenu,,text
29,8853,Button & Dial,,text
29,8849,Tamping Station,,text
28,8854,"54mm stainless steel portafilter
480ml stainless steel milk jug
1 & 2 cup single and dual wall filter baskets
Water filter holder with filter
Water hardness strip
the Razor™ precision trimming tool 
Cleaning tablets
Steam wand cleaning tool 
Cleaning disc 
Cleaning brush 
Descale powder",,text
28,8855,"14.2 x 13.4 x 16.3""",14.2,in
28,8856,Stainless Steel,,text
28,8857,67.6 oz,67.6,oz
28,8858,"30 grind settings
Auto/manual dosing
1 cup and 2 cup extractions
14 café favorite presets - Flat White, Latte, Cappuccino, Espresso, Babyccino, Hot Chocolate, Tea, Cold Brew, Cold Espresso, Espresso Shakerato, Latte Shakerato & Espresso Martini
Create, save and name up to 6 customizable drinks",,text
28,8859,1750 W,1750.0,w
28,8860,120 V,120.0,v
28,8861,2 Year Limited Warranty,,text
28,8858,ThermoJet Heating System,,text
28,8862,24.18 lbs / 10.97 kg,24.18,lb
28,8863,"Auto MilQ hands-free texturing
Alternative milk settings - Dairy, Almond, Oat & Soy
Temperature range 104°F to 167°F",,text
28,8864,Baratza® European Precision Burrs,,text
28,8865,Touchscreen,,text
28,8866,"Impress™ Puck System
Assisted tamping with 7º Barista Twist Finish",,text
1,4398,Breville,,text
1,4401,Brushed Stainless Steel,,text
1,4435,"12.5""D x 14.5""W x 16.5""H",,text
1,4433,Manual,,text
1,4431,Espresso Machine,,text
1,4433,Espresso,,text
1,4395,Manual,,text
1,4416,1600 W,1600.0,w
1,4415,120 V,120.0,v
1,8867,Buttons,,text
1,4431,"ground, whole bean",,text
1,4431,Reusable,,text
1,4405,23.7 lb,23.7,lb
1,8868,1,1.0,count
1,4406,Stainless Steel,,text
1,4394,No,,text
1,4437,"54mm stainless steel portafilter, 480ml stainless steel milk jug, 1 & 2 cup single and dual wall filter baskets, Water filter holder with filter, the Razor™ precision trimming tool, Cleaning tablets, Allen key, Steam wand cleaning tool, Cleaning disc, Cleaning brush, Descale powder",,text
1,8869,the Barista Express® Impress,,text
1,4420,00021614807564,,text
1,4398,Breville,,text
1,4436,2 Year Limited Warranty,,text
1,4399,BES876BSS1BNA1,,text
1,8870,B0BBYNPV33,,text
1,8871,Modern,,text
28,4437,"54mm stainless steel portafilter
480ml stainless steel milk jug
1 & 2 cup single and dual wall filter baskets
Water filter holder with filter
the Razor™ precision trimming tool
Cleaning tablets
Allen key
Steam wand cleaning tool
Cleaning disc
Cleaning brush
Descale powder",,text
28,4435,"12.9"" x 14.9"" x 16.1""",12.9,in
28,4406,Stainless Steel,,text
28,4412,2L Water Tank,67.63,oz
28,4408,"25 precision grind settings
Preset Single or Double Shot
Auto Dose Correct for the next grind 
Hot water
Adjustable brew temperature
Adjustable volumetric shot control",,text
28,4416,1750 W,1750.0,w
28,4415,120 V,120.0,v
28,4436,2 Year Limited Warranty,,text
28,4408,"15 bar Italian Pump
Thermocoil system
PID Temperature Control
1750W Thermocoil–Integrated stainless steel water path accurately controls water temperature",,text
28,4405,22.6 lbs / 10.25 kg,22.6,lb
28,4414,Manual milk texturing,,text
28,4396,Steel conical burrs,,text
28,8872,Simple button control,,text
28,4411,High quality 54mm portafilter,,text
28,4411,"Assisted tamping with 7˚ Barista Twist Finish
Dose Level Indicator & Feedback",,text
28,4396,25 precision grind settings,25.0,count
28,4397,Extraction Feedback pressure gauge,,text
28,4512,"Included Accessories:
54mm Tamper
the Razor™ Precision Dosing Tool
16 fl.oz / 480ml Stainless Steel Milk Jug
1 & 2 Cup Single Wall & Dual Wall Filter Baskets 
Cleaning Tool
Cleaning Disc",,text
28,4506,7.5” x 13.5” x 12”,7.5,in
28,4489,Stainless Steel,,text
28,4494,64 oz,64.0,oz
28,4491,"Control Panel: 1 Cup, 2 Cup and Steam button 
Adjustable milk temperature and texture level
Hot water via the steam wand",,text
28,4500,1560 W,1560.0,w
28,4499,110-120 Volts,-120.0,v
28,4507,2 Year Limited Warranty,,text
28,4488,10.91 lb,10.91,lb
28,4498,Hands-free milk texturing,,text
28,4491,"15 bar Italian Pump
Ready in 3 seconds thermojet system
PID Temperature Control",,text
28,8873,Simple button control,,text
28,4493,54mm portafilter,,text
28,4493,Manual tamper,,text
2,4678,Stainless Steel,,text
2,4678,Luxe Cafe,,text
2,4701,Residential,,text
2,4697,12.99 x 13.39 x 14.57 Inches,14.57,in
1,8874,Dishwasher Safe,,text
1,8875,Black/Silver,,text
1,4938,Ceramic,,text
1,4948,Ninja,,text
1,4941,"17.16""D x 14.19""W x 11.02""H",,text
1,4944,1760 W,1760.0,w
1,4942,20.28 lb,20.28,lb
1,8876,"10"" x 10"" Grill Grate, 4-qt. Crisper Basket, 6-qt. Cooking Pot, Chef-Created 15-Recipe Book & Cleaning brush, Ninja Foodi Grill 10"" x 10"" Grill Grate, 4-qt. Crisper Basket, 6-qt. Cooking Pot, Chef-Creat… See more",,text
1,8877,6-in-1,,text
1,8878,110 V,110.0,v
1,4948,Ninja,,text
1,8876,"10"" x 10"" Grill Grate, 4-qt. Crisper Basket, 6-qt. Cooking Pot, Chef-Created 15-Recipe Book & Cleaning brush, Ninja Foodi Grill",,text
1,4943,1 year limited warranty,,text
1,4946,00622356592260,,text
1,4948,Ninja,,text
1,8879,EG201,,text
1,8877,"Foodi 6-in-1 Indoor Grill with Air Fry, Roast, Bake, Broil, & Dehydrate, 2nd Generation, Black/Silver",,text
1,8880,"#2,434 in Kitchen & Dining ( See Top 100 in Kitchen & Dining ) #3 in Electric Contact Grills",,text
1,8881,B0B7XZ4ZN9,,text
1,8880,4.7 4.7 out of 5 stars (934) 4.7 out of 5 stars,,text
1,8882,PFOA Free,,text
1,8874,Dishwasher Safe,,text
1,4937,6,,text
1,4941,"17.16""D x 14.19""W x 11.02""H",,text
1,8877,6-in-1,,text
1,4943,1 year limited warranty,,text
2,8883,Beats by Dr. Dre,,text
2,8884,Integrated Rechargeable Battery,,text
2,8885,Y,,text
2,8886,"Carrying Case, USB-C Cable, 3.5mm Audio Cable",,text
2,8887,50 hours,50.0,hr
2,8888,8.23 x 5.20 x 3.70 in,3.7,in
2,8889,Pink,,text
2,8890,Casual Listening,,text
2,8890,Built-in Microphone,,text
2,8891,Apple & Android,,text
2,8889,Pink,,text
2,8892,1.16 lb,1.16,lb
2,8893,Passive Noise Cancellation,,text
2,8894,No,,text
2,8895,On-Ear,,text
2,8885,Bluetooth,,text
2,8895,Headphones,,text
2,8896,Battery,,text
2,8897,"USB-C, 3.5mm",,text
7,5445,8.82 Ounces,0.5513,lb
7,5421,"Closed, dynamic",,text
7,5449,Neodymium,,text
7,5451,48 ohms,48.0,ohm
7,5451,16 ohms,16.0,ohm
7,5450,4 Hz,4.0,hz
7,5450,0 Hz,0.0,hz
7,5450,4 Hz,4.0,hz
7,5450,0 Hz,0.0,hz
7,5450,20 Hz,20.0,hz
7,5450,0 Hz,0.0,hz
7,5450,0 Hz,0.0,hz
7,5452,102 dB,102.0,db
7,5433,Touch Sensor,,text
7,8898,Single-sided (detachable),,text
7,5444,3.94 in,3.94,in
7,5414,Gold-plated L-shaped stereo mini plug,,text
7,8899,Stereo Mini Jack,,text
7,5421,Over Ear,,text
7,5416,Yes,,text
7,5431,Yes,,text
7,5433,Yes,,text
7,5424,Approx. 3.5 hrs,3.5,h
7,5440,USB,,text
7,5423,30 hours,30.0,hr
7,5423,40 hours,40.0,hr
7,5423,24 hours,24.0,hr
7,5423,32 hours,32.0,hr
7,5434,Bluetooth Specification Version 5.2,,text
7,5417,32.81 ft,32.81,ft
7,5450,2.4 GHz band (2.4000–2.4835 GHz),,text
7,5438,"A2DP, AVRCP, HFP, HSP",,text
7,5416,"SBC, AAC, LDAC",,text
7,5425,SCMS-T,,text
7,5413,Auto NC Optimizer,,text
7,8900,Yes,,text
7,5433,Yes,,text
7,8901,Yes,,text
1,5606,Sony,,text
1,5609,Black,,text
1,5600,Over Ear,,text
1,5599,Wireless,,text
1,5606,Sony,,text
1,8379,ULT WEAR,,text
1,8902,Adult,,text
1,8383,1 year,1.0,count
1,8381,1,1.0,count
1,5626,00027242928688,,text
1,5606,Sony,,text
1,8903,B0CWVX1GNX,,text
1,8904,true,1.0,text
1,5595,Bluetooth,,text
1,5595,Bluetooth,,text
1,5596,10 Meters,10.0,m
1,5613,5.2,5.2,version
1,8905,Volume Control,,text
1,8905,Push Button,,text
1,5602,30 hours,30.0,hr
1,5592,Active Noise Cancellation,,text
1,5629,110 dB,110.0,db
1,5627,Dynamic Driver,,text
1,5627,40 Millimeters,40.0,mm
1,8906,Recycled Plastic,,text
1,8380,"Entertainment, Fitness, Gaming, Travel",,text
1,5604,"Cellphones, Tablets",,text
1,8907,Detachable,,text
1,5597,Not Water Resistant,,text
1,8380,"ULT mode for more bass, Foldable design, Carrying Case, Wearing detection, Touch Control, Beamforming microphones, Multi device connection",,text
1,5600,Over Ear,,text
1,5600,Round,,text
1,5623,Approx. 255 g,0.5622,lb
1,8381,1,1.0,count
1,8908,Built-in C Cable*1+1C1A,,text
1,5995,Anker,,text
1,5998,Shell White,,text
1,8909,Fast Charging,,text
1,8910,$49.99 $ 49 . 99,,text
1,8911,USB-A + USB-C + USB-C Cable,,text
1,8912,"iPhone 16/15, MacBook,Galaxy",,text
1,8909,30W & Built-In USB-C Cable,30.0,w
1,6006,7.58 oz,0.4738,lb
1,8909,Fast Charging,,text
1,8913,10 V,10.0,v
1,8914,Battery,,text
1,8915,1.5 W,1.5,w
1,8916,2,,text
1,8917,50% in just 45 minutes,,text
1,8918,1.5 Hours,1.5,h
1,8914,No,,text
1,8912,iPhone 17/16/15 Series,,text
1,8919,Rechargeable,,text
1,8920,2,2.0,count
1,6000,Lithium Polymer,,text
1,5996,A1259,,text
1,8921,ANATEL:02421-25-16934,,text
1,5995,Anker Innovations Limited,,text
1,8922,B0C9CPK4GL,,text
1,8923,Limited,,text
1,6006,7.58 Ounces,0.4738,lb
1,8924,"4.09""L x 2.06""W x 1.02""Th",,text
1,8925,1.0 Count,1.0,count
1,8924,3.94 x 1.97 x 1.18 inches,1.18,in
1,8926,144 Grams,144.0,g
1,8927,Built-in C Cable*1+1C1A,,text
1,8928,Anker,,text
1,6025,10000 mAh,10000.0,mah
1,8929,Pure Black,,text
1,8930,Fast Charging,,text
1,8931,USB-A + USB-C + USB-C Cable,,text
1,8932,"iPhone 16/15, MacBook,Galaxy",,text
1,8930,30W & Built-In USB-C Cable,30.0,w
1,6033,7.58 oz,0.4738,lb
1,8930,Fast Charging,,text
1,8933,10 V,10.0,v
1,8934,Battery,,text
1,8935,1.5 A,1.5,a
1,6027,2,,text
1,8935,"1.5 Amps, 2.25 Amps, 2.5 Amps, 3 Amps",,text
1,8936,50% in 45 minutes,,text
1,8937,45 min,45.0,min
1,8932,Smartphone,,text
1,8932,"Apple iPhone 12, Apple iPhone 13, Apple iPhone 14, Apple iPhone 15",,text
1,8938,Rechargeable,,text
1,8939,3,3.0,count
1,6033,7.58 oz (215 g),0.4738,lb
1,6032,"4.09""L x 2.06""W x 1.02""Th",,text
1,8940,1.0 Count,1.0,count
1,6032,4.09 x 2.06 x 0.94 inches,0.94,in
1,8941,144 Grams,144.0,g
1,8940,1.0 Count,1.0,count
1,6034,A1259H11,,text
1,8942,1 C batteries required. (included),1.0,count
1,8943,24 month,,text
1,8944,ANATEL:02421-25-16934,,text
1,8928,Anker,,text
1,8945,B0C9CJKCH3,,text
1,8943,Limited,,text
1,8946,Lithium Polymer,,text
22,8947,220 W,220.0,w
22,8947,140 W,140.0,w
22,8947,100 W,100.0,w
22,8949,"3.3 ft USB-C to USB-C charging cable (240W), travel pouch, welcome guide",,text
13,8950,2321140,,text
13,8951,2213652,,text
13,6705,2315094,,text
13,6754,2213651,,text
13,6769,2303593,,text
13,8952,4158372,,text
13,8953,600603316227,,text
29,6986,"Americano,Coffee,Doppio+,Double Espresso,Espresso,Long,Over Ice",,text
29,6986,"Cappuccino,Cappuccino Mix,Cappuccino +,Cortado,Espresso Macchiato,Flat White,Hot Milk,Latte Macchiato",,text
29,7024,17.5x9.5x14,,text
29,6983,21.5 lb,21.5,lb
29,6979,Silver black,,text
29,6979,Painted,,text
29,6987,64.25 oz,64.25,oz
29,8954,250,250.0,g
29,8955,14,,text
29,6975,15 bar,15.0,bar
29,8956,5.19,5.19,mm
29,6989,Touch,,text
29,6992,120 V,120.0,v
29,6993,1450 W,1450.0,w
29,6986,4 user profiles,,text
1,7002,Nespresso,,text
1,8957,2.1 Pounds,2.1,lb
1,7005,White,,text
1,8958,"7.9""D x 14.4""W x 10.8""H",,text
1,8959,"Auto Shut-Off, Milk Frother, Passive Cup Warmer, Self-Priming System, one-button operation",,text
1,8960,4.1 out of 5 stars 126,,text
1,8961,$475.30 $ 475 . 30,,text
1,7001,19 bar,19.0,bar
1,7017,"25 seconds (coffee, +15 sec. for milk beverages)",,text
1,7015,"Ristretto, Espresso, Lungo, Cappuccino, Latte Macchiato, Flat White, Caffè Latte, Hot Milk and Hot Foam",,text
1,7017,✓,,text
1,7016,One-touch system with removable milk container,,text
1,7014,16.9 oz,16.9,oz
1,7011,A,,text
1,7019,✓,,text
1,7014,33.8 oz,33.8,oz
1,8959,- One-touch system to prepare 9 recipes - Easy rinsing system - Milk jug dishwasher safe,,text
1,8959,"Auto Shut-Off, Milk Frother, Passive Cup Warmer, Self-Priming System, one-button operation",,text
1,8962,Espresso Machine,,text
1,8959,"Cappuccino, Espresso, Flate White, Latte, Ristretto",,text
1,8959,"Cappuccino, Latte, Espresso, Ristretto, Flat White, Foamed Milk, Hot Milk",,text
1,6999,Fully Automatic,,text
1,7018,120 V,120.0,v
1,8963,Buttons,,text
1,7001,19 bar,19.0,bar
1,8962,capsule,,text
1,7012,Not Smart Home Compatible,,text
1,8964,Electrical,,text
1,8962,Nespresso Original,,text
1,8962,No Filter Needed,,text
1,8958,"7.9""D x 14.4""W x 10.8""H",,text
1,7009,9.2 lb,9.2,lb
1,8965,1,1.0,count
1,8965,1,1.0,count
1,7002,Nespresso,,text
1,8966,"Gran Lattissima, Nespresso Original Line Capsule Sampler Pack",,text
1,8967,Gran Lattissima,,text
1,8968,FFP,,text
1,7002,Nespresso,,text
1,7003,EN640W,,text
1,8960,"#282,155 in Home & Kitchen ( See Top 100 in Home & Kitchen ) #140 in Single-Serve Brewers",,text
1,8969,B0CMZ874N2,,text
1,8960,4.1 4.1 out of 5 stars (126) 4.1 out of 5 stars,4.1,count
1,8968,Modern,,text
1,7010,Plastic,,text
1,7005,Matte,,text
1,6998,Yes,,text
13,7726,2321141,,text
13,8970,2384722,,text
13,8971,"058465782481, 058465793975, 058465793982, 058465793999, 058465802714, 058465802721, 058465806415, 058465807320, 058465807337, 058465807344, 058465807801, 058465808075, 058465808273, 058465808945, 058465809065, 058465809133, 058465812034, 058465812041, 058465816049",,text
13,8972,EFR331; EFR376; RFR320; RFR321; RFR322; RFR335; RFR376,,text
13,8973,2331902,,text
13,8974,2396903,,text
13,8975,"058465793937, 058465807740, 058465807788, 058465808761, 058465808778, 058465809973, 058465816407",,text
1,8976,"19.3""D x 17.5""W x 25""H",,text
1,8977,Magic Chef,,text
1,8978,2.6 cu ft,2.6,cu_ft
1,8979,Compact Internal Freezer,,text
1,8980,Stainless Steel,,text
1,8981,Compact,,text
1,8982,"Countertop, Freestanding",,text
1,8983,1,,text
1,8984,Manual,,text
1,8980,stainless steel,,text
1,8981,Compact,,text
1,8984,Manual,,text
1,8985,Wire,,text
1,8986,Compact,,text
1,8987,Compressor,,text
1,8985,4,4.0,count
1,8988,Yes,,text
1,8983,Reversible,,text
1,8989,reciprocating or rotary_vane,,text
1,8990,No,,text
1,8991,Yes,,text
1,8992,Electronic,,text
1,8980,Solid,,text
1,8976,"19.3""D x 17.5""W x 25""H",,text
1,8993,2.6 cu ft,2.6,cu_ft
1,8994,41.9 lb,41.9,lb
1,8995,2.6 Cubic Feet,2.6,cu_ft
1,8996,19.32 in,19.32,in
1,8997,Energy Star,,text
1,8998,HMBR265SE1,,text
1,8977,Magic Chef,,text
1,8999,1.0 Count,1.0,count
1,9000,B00FA2R1PA,,text
13,9001,2213650,,text
13,9002,2317778,,text
13,9003,2215218,,text
13,9004,084691263784,,text
13,9005,2382091,,text
13,9006,3549943,,text
1,9007,Apple,,text
1,9008,13 inches,13.0,in
1,9009,256 GB,256.0,gb
1,9010,8 GB,8.0,gb
1,9011,macOS,,text
1,9012,Lightweight,,text
1,9013,Integrated,,text
1,9014,2408 x 1506,,text
1,9015,Apple M5 chip,,text
1,9015,10-core CPU,,text
1,9016,18 hours,18.0,hr
1,9017,Touch ID,,text
1,9014,2408 x 1506,,text
1,9018,Built-in 36.5-watt-hour lithium-ion battery,36.5,wh
1,9019,One USB 3 (USB-C) port with support for: Charging DisplayPort USB 3 (up to 10Gb/s) One USB 2 (USB-C) port with support for: Charging USB 2 (up to 480Mb/s) 3.5 mm headphone jack,,text
1,9020,Supports one external display with up to a native resolution of 4K at 60Hz Simultaneously supports the built-in display at full native resolution USB 3 (USB-C) port supports native DisplayPort 1.4 speeds (up to HBR3),4.0,count
1,9021,Dual-speaker sound system Support for Spatial Audio when playing music or video with Dolby Atmos on built-in speakers Dual-mic array with directional beamforming Voice Isolation and Wide Spectrum microphone modes for enhanced voice clarity in audio and video calls 3.5 mm headphone jack,,text
1,9022,"Line voltage: 100V to 240V AC Frequency: 50Hz to 60Hz Operating temperature: 50° to 95° F (10° to 35° C) Storage temperature: -13° to 113° F (-25° to 45° C) Relative humidity: 0% to 90% noncondensing Operating altitude: tested up to 10,000 feet Maximum storage altitude: 15,000 feet Maximum shipping altitude: 35,000 feet",,text
1,9023,2.7 lb,2.7,lb
1,9011,macOS,,text
1,9024,"Features include: VoiceOver Zoom Motion, display, and text settings Accessibility Reader Voice Control Switch Control Closed Captions Live Captions Personal Voice and Live Speech",,text
1,9025,MacBook Neo 20W USB-C Power Adapter USB-C Charge Cable (1.5 m),,text
1,9026,‎8.12 x 11.71 x 0.5 inches,0.5,in
1,9023,2.71 lb,2.71,lb
1,9007,‎Apple,,text
1,9027,‎B0GR6FHGXX,,text
1,9028,‎MHFF4LL/A,,text
40,9029,Apple,,text
40,9030,Indigo,,text
40,9030,Citrus,,text
40,9030,Blush,,text
40,9031,Wi-Fi,,text
40,9031,Backlit Keyboard,,text
40,9031,Bluetooth,,text
40,9031,Integrated Webcam,,text
40,9031,Lightweight,,text
40,9031,MagSafe,,text
40,9032,Integrated Graphics,,text
40,9033,8 GB,8.0,gb
40,9034,1x Headphone Jack,,text
40,9035,1,1.0,count
40,9036,macOS,,text
40,9037,None,,text
40,9038,Apple A18 Pro Chip,,text
40,9039,Apple,,text
40,9040,2408 x 1506,,text
40,9041,13.6 inches,13.6,in
40,9041,13 inches,13.0,in
40,9042,256 GB,256.0,gb
40,9037,SSD,,text
40,9043,1080p,1080.0,p
40,9044,Wi-Fi 6E,,text
44,9045,13 inches,13.0,in
44,9046,Apple Liquid Retina,,text
44,9047,2408 x 1506,,text
44,9048,500 nits,500.0,nit
44,9049,60 Hz,60.0,hz
44,9050,2,2.0,count
44,9051,8 GB,8.0,gb
44,9052,SSD,,text
44,9053,256 GB,256.0,gb
44,9054,Lithium-Ion Battery,,text
44,9055,16 hours,16.0,hr
44,9056,0.5 Inches,0.5,in
44,9057,11.71 Inches,11.71,in
44,9058,8.12 Inches,8.12,in
44,9059,2.7 lb,2.7,lb
44,9060,Yes,,text
44,9061,1080P,1080.0,p
44,9062,macOS,,text
44,9063,Indigo,,text
44,9064,Password Protected,,text
44,9065,"Display Port, Headphone Jack (3.5 mm), USB C",,text
44,9066,Wi-Fi 6,,text
44,9067,"MacBook Neo, 20W USB-C Power Adapter, USB-C Charge Cable (1.5 m)",20.0,w
44,9068,12 Month(s),12.0,month
44,9069,12 Month(s),12.0,month
1,9070,Apple,,text
1,9071,13 inches,13.0,in
1,9072,Indigo,,text
1,9073,512 GB,512.0,gb
1,9074,8 GB,8.0,gb
1,9075,"Fingerprint Reader, Lightweight",,text
1,9076,Integrated,,text
1,9077,2408 x 1506,,text
1,9078,Apple M5 chip,,text
1,9078,10-core CPU,,text
1,9076,From 8-core GPU,,text
1,9079,18 hours,18.0,hr
1,9080,Touch ID,,text
1,9072,Silver Blush Citrus Indigo,,text
1,9077,2408 x 1506,,text
1,9081,Built-in 36.5-watt-hour lithium-ion battery,36.5,wh
1,9082,One USB 3 (USB-C) port with support for: Charging DisplayPort USB 3 (up to 10Gb/s) One USB 2 (USB-C) port with support for: Charging USB 2 (up to 480Mb/s) 3.5 mm headphone jack,,text
1,9083,Supports one external display with up to a native resolution of 4K at 60Hz Simultaneously supports the built-in display at full native resolution USB 3 (USB-C) port supports native DisplayPort 1.4 speeds (up to HBR3),4.0,count
1,9084,Dual-speaker sound system Support for Spatial Audio when playing music or video with Dolby Atmos on built-in speakers Dual-mic array with directional beamforming Voice Isolation and Wide Spectrum microphone modes for enhanced voice clarity in audio and video calls 3.5 mm headphone jack,,text
1,9085,"Line voltage: 100V to 240V AC Frequency: 50Hz to 60Hz Operating temperature: 50° to 95° F (10° to 35° C) Storage temperature: -13° to 113° F (-25° to 45° C) Relative humidity: 0% to 90% noncondensing Operating altitude: tested up to 10,000 feet Maximum storage altitude: 15,000 feet Maximum shipping altitude: 35,000 feet",,text
1,9086,2.7 lb,2.7,lb
1,9087,"Features include: VoiceOver Zoom Motion, display, and text settings Accessibility Reader Voice Control Switch Control Closed Captions Live Captions Personal Voice and Live Speech",,text
1,9088,MacBook Neo 20W USB-C Power Adapter USB-C Charge Cable (1.5 m),,text
1,9089,‎8.12 x 11.71 x 0.5 inches,0.5,in
1,9086,2.71 lb,2.71,lb
1,9070,‎Apple,,text
1,9090,‎B0GR6JMY9W,,text
1,9091,‎MHFG4LL/A,,text
44,9045,13 inches,13.0,in
44,9092,Apple A18 Pro 6-Core CPU,,text
44,9092,Apple A18 Pro 5-Core GPU,,text
44,9051,8 GB,8.0,gb
44,9052,SSD,,text
44,9053,512 GB,512.0,gb
44,9055,16 hours,16.0,hr
44,9062,macOS,,text
44,9047,2408 x 1506,,text
44,9048,500 nits,500.0,nit
44,9049,60 Hz,60.0,hz
44,9061,1080P,1080.0,p
44,9059,2.7 lb,2.7,lb
44,9056,0.5 Inches,0.5,in
44,9057,11.71 Inches,11.71,in
44,9058,8.12 Inches,8.12,in
44,9054,Lithium-Ion Battery,,text
44,9065,"Display Port, Headphone Jack (3.5 mm), USB C",,text
44,9066,Wi-Fi 6,,text
44,9064,Password Protected,,text
44,9067,"MacBook Neo, 20W USB-C Power Adapter, USB-C Charge Cable (1.5 m)",20.0,w
44,9068,12 Month(s),12.0,month
44,9069,12 Month(s),12.0,month
40,9093,Apple,,text
40,9094,Indigo,,text
40,9094,Citrus,,text
40,9094,Blush,,text
40,9095,Backlit Keyboard,,text
40,9095,Bluetooth,,text
40,9095,Fingerprint Reader,,text
40,9095,Integrated Webcam,,text
40,9095,Lightweight,,text
40,9095,MagSafe,,text
40,9095,Wi-Fi,,text
40,9096,Integrated Graphics,,text
40,9097,8 GB,8.0,gb
40,9098,1x Headphone Jack,,text
40,9099,1,1.0,count
40,9100,macOS,,text
40,9101,None,,text
40,9102,Apple A18 Pro Chip,,text
40,9103,Apple,,text
40,9104,2408 x 1506,,text
40,9105,13.6 inches,13.6,in
40,9105,13 inches,13.0,in
40,9106,512 GB,512.0,gb
40,9101,SSD,,text
40,9107,1080p,1080.0,p
40,9108,Wi-Fi 6E,,text
1,9109,Apple,,text
1,9110,MacBook Air,,text
1,9111,Midnight,,text
1,9112,512 GB,512.0,gb
1,9113,16 GB,16.0,gb
1,9114,macOS,,text
1,9115,"Backlit Keyboard, Fingerprint Reader, Lightweight",,text
1,9116,Integrated,,text
1,9117,2880 x 1864,,text
1,9118,Apple M5 chip,,text
1,9118,10-core CPU,,text
1,9119,18 hours,18.0,hr
1,9120,Touch ID,,text
1,9111,Sky Blue Silver Starlight Midnight,,text
1,9117,2880 x 1864,,text
1,9121,Up to 18 hours video streaming Up to 15 hours wireless web Built-in 66.5-watt-hour lithium-polymer battery 40W Dynamic Power Adapter with 60W Max USB-C to MagSafe 3 Cable (2 m) Fast-charge capable with 70W USB-C Power Adapter or higher,,text
1,9122,MagSafe 3 charging port 3.5 mm headphone jack Two Thunderbolt 4 (USB-C) ports with support for: Charging DisplayPort Thunderbolt 4 (up to 40Gb/s) USB 4 (up to 40Gb/s),,text
1,9123,Supports up to two external displays: Two displays up to a native resolution of 6K at 60Hz or 4K at 144Hz One display up to a native resolution of 8K at 60Hz or 5K at 120Hz or 4K at 240Hz Supports up to two external displays over a single Thunderbolt port Simultaneously supports the built-in display at full native resolution Thunderbolt 4 (USB-C) ports support native DisplayPort 1.4 speeds (up to HBR3) with DSC capability,144.0,count
1,9124,"Backlit Magic Keyboard with: 78 (ANSI) or 79 (ISO) keys including 12 full-height function keys Touch ID Ambient light sensor Force Touch trackpad for precise cursor control and pressure-sensing capabilities; enables Force clicks, accelerators, pressure-sensitive drawing, and Multi-Touch gestures",,text
1,9125,Apple N1 wireless networking chip Wi-Fi 7 (802.11be) Bluetooth 6 Thread networking technology,,text
1,9126,12MP Center Stage camera with support for Desk View 1080p HD video recording Advanced image signal processor with computational video,,text
1,9127,"Six-speaker sound system with force-cancelling woofers Support for Spatial Audio when playing music or video with Dolby Atmos on built-in speakers Spatial Audio with dynamic head tracking when using supported models of AirPods, AirPods Pro, and AirPods Max Three-mic array with directional beamforming Voice Isolation and Wide Spectrum microphone modes for enhanced voice clarity in audio and video calls 3.5 mm headphone jack with advanced support for high-impedance headphones",,text
1,9128,"Line voltage: 100V to 240V AC Frequency: 50Hz to 60Hz Operating temperature: 50° to 95° F (10° to 35° C) Storage temperature: -13° to 113° F (-25° to 45° C) Relative humidity: 0% to 90% noncondensing Operating altitude: tested up to 10,000 feet Maximum storage altitude: 15,000 feet Maximum shipping altitude: 35,000 feet",,text
1,9129,3.3 lb,3.3,lb
1,9114,macOS,,text
1,9130,"Features include: VoiceOver Zoom Motion, display, and text settings Accessibility Reader Voice Control Switch Control Closed Captions Live Captions Personal Voice and Live Speech",,text
1,9131,15-inch MacBook Air 40W Dynamic Power Adapter with 60W Max USB-C to MagSafe 3 Cable (2 m),,text
1,9132,‎9.35 x 0.45 x 13.4 inches,13.4,in
1,9129,3.32 lb,3.32,lb
1,9109,‎Apple,,text
1,9133,‎B0GR114BV7,,text
1,9134,‎MDVH4LL/A,,text
44,9045,15 inches,15.0,in
44,9045,15.3 inches,15.3,in
44,9046,Apple Liquid Retina,,text
44,9047,2880 x 1864,,text
44,9048,500 nits,500.0,nit
44,9049,60 Hz,60.0,hz
44,9092,10-Cores,,text
44,9051,16 GB,16.0,gb
44,9052,SSD,,text
44,9053,512 GB,512.0,gb
44,9054,Lithium-Polymer Battery,,text
44,9055,18 hours,18.0,hr
44,9060,Yes,,text
44,9061,1080P,1080.0,p
44,9135,Backlit,,text
44,9066,Wi-Fi 7,,text
44,9136,6.0,6.0,version
44,9137,0.45 in,0.45,in
44,9138,13.4 in,13.4,in
44,9139,9.35 in,9.35,in
44,9059,5 lb,5.0,lb
44,9068,12 Month(s),12.0,month
44,9069,12 Month(s),12.0,month
40,9140,AppleCare+ Available,,text
40,153,Apple,,text
40,9141,Bluetooth,,text
40,9141,Backlit Keyboard,,text
40,9141,Integrated Webcam,,text
40,9141,Fingerprint Reader,,text
40,9141,Lightweight,,text
40,9141,MagSafe,,text
40,149,Integrated Graphics,,text
40,7426,1x Headphone Jack,,text
40,164,2,2.0,count
40,163,macOS,,text
40,229,None,,text
40,146,Apple M5 chip,,text
40,143,15.3 inches,15.3,in
40,229,SSD,,text
2,148,16 GB,16.0,gb
2,230,Wireless,,text
2,143,15 inches,15.0,in
2,165,Front Camera/Webcam Resolution:12 Megapixel,,text
2,152,English (US),,text
2,230,Outputs - HDMI,,text
2,9142,1 GHz,1.0,ghz
2,9143,"Power Adapter, Charging Cable",,text
2,153,Apple,,text
2,158,Apple,,text
2,169,5 lb,5.0,lb
2,9144,MacBooks,,text
2,235,13.40 x 9.35 x 0.45 Inches,0.45,in
2,145,false,0.0,boolean
2,9145,Aluminum,,text
2,9141,Business,,text
2,9146,16 GB,16.0,gb
2,9141,"Backlit Keyboard, Webcam, Touch ID",,text
2,163,macOS,,text
2,230,2,,text
2,7428,18 hours,18.0,hr
2,147,512 GB,512.0,gb
2,9147,12,12.0,mp
2,231,"Bluetooth, Wi-Fi",,text
2,149,Integrated Graphics,,text
2,7420,Retina Display,,text
2,147,512 GB,512.0,gb
2,156,Midnight,,text
2,144,2880 x 1864,,text
2,9148,MacBook Air,,text
2,146,10,,text
2,147,512 GB,512.0,gb
2,182,16 GB,16.0,gb
2,178,true,1.0,boolean
2,221,3.52 lb,3.52,lb
2,180,Core i7-1355U,,text
2,182,16 GB,16.0,gb
2,203,Windows 11 Home,,text
2,186,"Business, Netbooks",,text
2,195,1.7 GHz,1.7,ghz
2,9149,"Touchscreen, Backlit Keyboard, HD Audio",,text
2,224,Windows 11,,text
2,182,16 GB,16.0,gb
2,177,1920 x 1080,,text
2,177,Full HD,,text
2,194,Intel,,text
2,176,15.6 inches,15.6,in
2,188,HP,,text
2,181,512 GB,512.0,gb
2,177,1920 x 1080,,text
2,177,Full HD,,text
2,9150,Plastic,,text
2,181,512 GB,512.0,gb
2,208,"Bluetooth, Wi-Fi",,text
2,188,HP,,text
2,191,Natural Silver,,text
2,196,10,10.0,count
2,183,Intel Iris Xe Graphics,,text
2,191,Silver,,text
2,181,512 GB,512.0,gb
1,9151,HP,,text
1,9152,TPN-Q279_598U1AV,,text
1,9153,15.6 inches,15.6,in
1,9154,Silver,,text
1,9155,512 GB,512.0,gb
1,9156,AMD Ryzen 5,,text
1,9157,16 GB,16.0,gb
1,9158,Windows 11 Home,,text
1,9159,Backlit Keyboard,,text
1,9160,Dedicated,,text
1,9155,512 GB,512.0,gb
1,9159,Backlit Keyboard,,text
1,9160,Dedicated,,text
1,9160,NVIDIA GeForce RTX 2050,,text
1,9161,SSD,,text
1,9162,5.1 lb,5.1,lb
1,9160,NVIDIA,,text
1,9159,Gaming,,text
1,9163,Yes,,text
1,9164,4 GB,4.0,gb
1,9165,Clamshell,,text
1,9161,SSD,,text
1,9166,GDDR6,,text
1,9167,"External displays, keyboards, mice, storage devices, printers, and other accessories that use USB, HDMI, Ethernet, Wi-Fi, or Bluetooth connectivity.",,text
1,9168,Limited,,text
1,9169,"14.09""L x 10.04""W x 0.93""Th",,text
1,9161,None,,text
1,9170,AC adapter,,text
1,9171,HDMI,,text
1,9172,1920 x 1080,,text
1,9172,1920 x 1080,,text
1,9173,LED,,text
1,9172,1920 x 1080,,text
1,9173,LED,,text
1,9174,1,1.0,count
1,9175,Yes,,text
1,9176,Anti-glare,,text
1,9177,Lithium Ion,,text
1,9178,4,4.0,count
1,9179,52.5 Watt Hours,52.5,wh
1,9180,Keyboard,,text
1,9180,Gaming,,text
1,9181,Headphones,,text
1,9181,Yes,,text
1,9182,Ryzen 5,,text
1,9183,3.3 GHz,3.3,ghz
1,9184,6,6.0,count
1,9185,AMD,,text
1,9156,7535HS,,text
1,9182,Ryzen 7000 Series,,text
1,9183,4550 MHz,4.55,ghz
1,9186,16 MB,16.0,mb
1,9187,2023,,text
1,9151,HP Inc.,,text
1,9168,1,12.0,month
1,9188,B0CFSBT85B,,text
1,9157,16 GB,16.0,gb
1,9189,DDR4,,text
1,9157,16 GB,16.0,gb
1,9190,"Bluetooth, Wi-Fi",,text
1,9190,Wi-Fi,,text
1,9190,Wi-Fi 6,,text
1,9191,5.2,5.2,version
1,9192,Wi-Fi 6,,text
1,9193,3,3.0,count
1,9171,"Bluetooth, Ethernet, USB 3.0",,text
1,9194,6,6.0,count
1,9195,1,1.0,count
2,9196,AMD Ryzen 7,,text
2,9197,IPS,,text
2,9199,Wi-Fi 6 and Bluetooth,,text
2,9200,HDMI,,text
2,9201,144 Hz,144.0,hz
2,9202,12 hours,12.0,hr
2,9200,"1 USB Type-C 5Gbps signaling rate (DisplayPort 1.4a, HP Sleep and Charge), 1 USB Type-A 5Gbps signaling rate (HP Sleep and Charge), 1 USB Type-A 5Gbps signaling rate, 1 RJ-45, 1 Headphone/microphone combo, 1 AC smart pin, 1 HDMI 2.1",,text
2,9203,Gaming,,text
2,9204,NVIDIA GeForce RTX 4050,,text
2,9197,Solid State,,text
2,9205,Windows 11 Pro,,text
2,9206,8,8.0,count
2,9207,false,0.0,boolean
2,9208,Mica Silver,,text
2,9209,5.06 lb,5.06,lb
2,9210,AMD,,text
2,9211,Gaming Laptops,,text
2,9203,Backlit Keyboard,,text
2,9212,15.6 inches,15.6,in
2,9213,HP,,text
2,9214,512 GB,512.0,gb
2,9215,No,,text
2,9214,512 GB,512.0,gb
2,9216,Windows 11 Pro,,text
2,9217,3.2 GHz,3.2,ghz
2,9218,0.93 in,0.93,in
2,9214,512 GB,512.0,gb
8,9219,HP,,text
8,9220,B7FS4UA-I011-R,,text
8,9221,Silver,,text
8,9222,Windows 11 Home,,text
8,9223,Intel Processor N150,,text
8,9224,Intel N150,,text
8,9225,Shared system memory,,text
8,9226,128 GB,128.0,gb
8,9227,4 GB,4.0,gb
8,9228,LPDDR5 4800,,text
8,9229,None,,text
8,9230,Wi-Fi 6,,text
8,9231,Bluetooth 5.4,,text
8,9232,1 x USB Type-C 10Gbps signaling rate (DisplayPort 1.2) 2 x USB Type-A 5Gbps signaling rate,5.0,a
8,9233,1 x HDMI 1.4b,,text
8,9234,1 x headphone/microphone combo,,text
8,9235,Dual speakers,,text
8,9236,Multi Touch,,text
8,9236,"Full-size, natural silver keyboard",,text
8,9237,HP True Vision 720p HD camera,,text
8,9238,Mainstream,,text
8,9239,41 Wh,41.0,wh
8,9240,3.24 lb,3.24,lb
2,9241,128 GB,128.0,gb
2,9242,14-dq6015dx,,text
2,9243,8 hours,8.0,hr
2,9244,1366 x 768,,text
2,9245,Windows 11 Home,,text
2,9244,1366 x 768,,text
2,9246,4,4.0,count
2,9247,false,0.0,boolean
2,9248,4 GB,4.0,gb
2,9249,Pink,,text
2,9250,Wi-Fi 6 | Bluetooth 5.4,,text
2,9251,Intel,,text
2,9253,HP,,text
2,9254,0.8 GHz,0.8,ghz
2,9255,Intel N150,,text
2,9256,3.24 lb,3.24,lb
2,9257,Intel Graphics,,text
2,9241,128 GB,128.0,gb
2,9258,8.86 x 12.76 x 0.71 in,0.71,in
8,9259,HP,,text
8,9260,OmniBook 3,,text
8,9261,Glacier Silver,,text
8,9262,Windows 11 Home,,text
8,9263,AMD Ryzen 5,,text
8,9264,FHD,,text
8,9265,512 GB,512.0,gb
17,9266,1024 GB,1024.0,gb
17,9266,1024 GB,1024.0,gb
17,9266,64 GB,64.0,gb
17,9267,up to AMD Ryzen™ AI 7 Series Processors,,text
17,9267,Up to AMD Ryzen™ AI 78,,text
17,9267,2,,text
17,9268,12 hours,12.0,hr
17,9269,32 GB,32.0,gb
17,9269,24 GB,24.0,gb
17,9269,8 GB,8.0,gb
17,9270,1920 x 1080,,text
17,9270,1920 x 1080,,text
17,9271,AMD Radeon Graphics,,text
17,9272,HP True Vision HD Camera,,text
17,9273,Dual Array Microphone with noise reduction technology,,text
17,9274,Yes,,text
17,9275,"Power, USB Type-A 5Gbps, USB Type-A 5Gbps, HDMI 1.4b, USB Type-C(R) 10Gbps, Headphone/microphone combo",,text
17,9276,Windows 11 Home,,text
17,9267,up to AMD Ryzen™ AI 7 Series Processors,,text
17,9267,Up to AMD Ryzen™ AI 78,,text
17,9267,2,,text
17,9270,1920 x 1080,,text
17,9270,1920 x 1080,,text
17,9277,3.26 lb (1.477 kg),3.26,lb
17,9269,32 GB,32.0,gb
17,9269,24 GB,24.0,gb
17,9269,8 GB,8.0,gb
17,9271,Up to AMD Radeon™ 860M Graphics,,text
17,9266,1024 GB,1024.0,gb
17,9266,1024 GB,1024.0,gb
17,9266,64 GB,64.0,gb
17,9278,up to 50 TOPS,50.0,tops
17,9269,32 GB,32.0,gb
17,9269,24 GB,24.0,gb
17,9269,8 GB,8.0,gb
17,9266,1024 GB,1024.0,gb
17,9266,1024 GB,1024.0,gb
17,9266,64 GB,64.0,gb
17,9279,200+ reliability tests covering everyday wear and tear,,text
17,9279,MIL-STD-810H,,text
17,9280,Yes,,text
1,9281,Lenovo,,text
1,9282,IdeaPad Slim 3x,,text
1,9283,15.3 inches,15.3,in
1,9284,Luna Grey,,text
1,9285,512 GB,512.0,gb
1,9286,16 GB,16.0,gb
1,9287,Windows 11 Home,,text
1,9288,AI-focused features,,text
1,9289,Integrated,,text
1,9285,512 GB,512.0,gb
1,9288,AI-focused features,,text
1,9289,Integrated,,text
1,9290,SSD,,text
1,9291,1.55 lb,1.55,lb
1,9288,Entertainment,,text
1,9292,Yes,,text
1,9293,Ultra-Portable,,text
1,9294,Shared,,text
1,9295,"Headphone, Mouse, Speaker",,text
1,9296,Limited,,text
1,9297,"13.52""L x 9.51""W x 0.7""Th",,text
1,9298,Hdmi,,text
1,9299,1920 x 1200,,text
1,9299,1920 x 1200,,text
1,9300,LCD,,text
1,9299,1920 x 1200,,text
1,9300,IPS,,text
1,9301,true,1.0,boolean
1,9302,"Bluetooth, Wi-Fi",,text
1,9302,Wi-Fi 7,,text
1,9303,Wi-Fi 7,,text
1,9304,3,3.0,count
1,9305,7,7.0,count
1,9306,2.97 GHz,2.97,ghz
1,9307,1,1.0,count
1,9306,83N30009US,,text
1,9308,2.97 GHz,2.97,ghz
1,9309,"Laptop, Quick Start Guide, Internal battery, USB-C 65W adapter",65.0,w
1,9281,Lenovo,,text
1,9310,1.0 Count,1.0,count
1,9296,1 year limited parts and labor,,text
1,9311,B0DTBPC46X,,text
1,9286,16 GB,16.0,gb
1,9312,LPDDR5,,text
1,9313,16 GB,16.0,gb
1,9312,DDR5 RAM,,text
1,9314,Lithium Polymer,,text
1,9315,15 hours,15.0,hr
1,9316,60 Watt Hours,60.0,wh
1,9317,Touch Pad,,text
1,9317,Chiclet,,text
8,456,Lenovo,,text
8,9318,IdeaPad,,text
8,457,83N30000US,,text
8,459,Luna Grey,,text
8,487,Copilot+ PC,,text
8,470,Windows 11 Home,,text
8,447,Snapdragon,,text
8,465,Yes,,text
8,441,WUXGA,,text
8,443,1920 x 1200,,text
8,441,IPS,,text
8,445,60 Hz,60.0,hz
8,451,Qualcomm Adreno Graphics,,text
8,449,256 GB,256.0,gb
8,450,16 GB,16.0,gb
8,467,LPDDR5X - 8448,,text
8,475,Wi-Fi 7,,text
8,476,Wi-Fi 7,,text
8,455,Backlit,,text
8,9319,720p HD,,text
8,9320,Mainstream,,text
8,505,Consumer,,text
8,9321,Yes,,text
8,503,"13.52"" x 9.51"" x 0.7""",13.52,in
8,493,3.42 lb,3.42,lb
1,9322,Dell,,text
1,9323,Dell DB16250 Laptop,,text
1,9324,16 inches,16.0,in
1,9325,Ice Blue,,text
1,9326,1024 GB,1024.0,gb
1,9327,16 GB,16.0,gb
1,9328,Windows 11 Home,,text
1,9329,"Anti Glare Coating, Backlit Keyboard, HD Audio, Numeric Keypad",,text
1,9330,Intel Arc Graphics,,text
1,9326,1024 GB,1024.0,gb
1,9330,Intel Arc Graphics,,text
1,9330,Intel Arc Graphics,,text
1,9331,SSD,,text
1,9332,4.1 lb,4.1,lb
1,9329,"Business, Entertainment, Student",,text
1,9333,Yes,,text
1,9334,Clamshell,,text
1,9331,SSD,,text
1,9333,Front,,text
1,9335,No Fingerprint Reader,,text
1,9336,Shared,,text
1,9337,"External Display, Mouse, Keyboard, Storage Device, Printer",,text
1,9338,1 Year Basic Onsite Service after remote diagnosis with Hardware-Only Support + 6 Months Dell Migrate,,text
1,9339,"9.87""L x 14.05""W x 0.67""Th",,text
1,9331,None,,text
1,9340,USB Type-C,,text
1,9341,LPDDR5X,,text
1,9342,8533 MHz,8533.0,mhz
1,9343,16 GB,16.0,gb
1,9342,8533 MHz,8533.0,mhz
1,9344,"Bluetooth, Wi-Fi",,text
1,9344,"Bluetooth, Wi-Fi",,text
1,9344,"Bluetooth, Wi-Fi 7",,text
1,9345,5.4,5.4,version
1,9346,Wi-Fi 7,,text
1,9347,Touch Pad,,text
1,9347,"Full-size, Numeric Keypad, Backlit",,text
1,9347,QWERTY,,text
1,9348,2.2 GHz,2.2,ghz
1,9349,8,8.0,count
1,9350,Intel,,text
1,9351,13th Gen,,text
1,9348,4.8 GHz,4.8,ghz
1,9352,"65W Type-C Adapter, Dell 16 Plus DB16250 Laptop, Documentation, Power Cord",65.0,w
1,9322,Dell,,text
1,9353,1.0 Count,1.0,count
1,9338,"1 Year Basic Onsite Service after remote diagnosis with Hardware-Only Support, 6 Months Dell Migrate",,text
1,9354,B0F2JQQV62,,text
1,9355,2560 x 1600,,text
1,9355,2560 x 1600,,text
1,9356,LED,,text
1,9355,2560 x 1600,,text
1,9356,LED,,text
1,9357,false,0.0,boolean
1,9358,Matte,,text
1,9359,4,4.0,wh
1,9359,64 Watt Hours,64.0,wh
1,9360,3,3.0,count
1,9340,"Bluetooth, HDMI, Thunderbolt 4, USB 3.2 Gen 1, USB 3.2 Gen 2",,text
1,9361,4,4.0,count
1,9362,1,1.0,count
1,9363,1,1.0,count
1,9364,"Headphones, Speakers",,text
1,9364,Waves MaxxAudio Output + Dolby Atmos Cores and Stereo Speakers,,text
8,9365,DELL,,text
8,9366,16 Plus 2-in-1,,text
8,9367,Blue,,text
8,9368,Windows 11 Pro,,text
8,9369,1024 GB,1024.0,gb
8,9369,1024 GB,1024.0,gb
8,9370,LPDDR5X,,text
8,9371,None,,text
8,9372,1 x HDMI 2.1,,text
8,9373,Combo,,text
8,9374,Standard,,text
8,9374,Backlit,,text
8,9375,No,,text
8,9376,2-in-1 Convertible,,text
8,9376,Gaming,,text
15,9377,"Intel® Core™ Ultra 7 256V (47 TOPS NPU, 8 cores, up to 4.8 GHz)",,text
15,9378,Windows 11 Home,,text
15,9379,Intel® Arc™ Graphics,,text
15,9380,1920 x 1200,,text
15,9381,16 GB,16.0,gb
15,9382,1024 GB,1024.0,gb
15,9383,"Ice Blue, with Fingerprint Reader",,text
15,9384,Ice Blue English US backlit Copilot key keyboard with numeric keypad,,text
15,9385,"1 USB 3.2 Gen 1 Type-A (5 Gbps), 1 USB 3.2 Gen 2 (10 Gbps) Type-C port with DisplayPort™ 1.4 and Power Delivery, 1 Thunderbolt™ 4 (40 Gbps) with DisplayPort™ 2.1 and Power Delivery, 1 HDMI 2.1 port, 1 Universal Audio jack",,text
15,9386,"Height: 0.67 in. (16.99 mm), Width: 14.05 in. (356.78 mm), Depth: 9.87 in. (250.60 mm)",,text
15,9387,4.52 lb,4.52,lb
15,9388,"1080p at 30 fps FHD camera, Dual-array microphones",,text
15,9389,"Stereo speakers with Realtek ALC3329 Audio Controller, 2.5W x 2 = 5W total peak",,text
15,9390,"Exterior Chassis Materials: LCD cover / base cover: Aluminium, Bezel / palmrest cover: Plastic",,text
15,9391,"Intel® Wi-Fi 7 BE201, 2x2, 802.11be, Bluetooth® wireless card",,text
15,9392,64 Wh,64.0,wh
15,9393,65 W,65.0,w
15,9384,Active Pen Not Included,,text
7,581,AMD Ryzen 7 7730U,,text
7,599,AMD Ryzen 7 7730U (2.0GHz),2.0,ghz
7,599,AMD Ryzen 7 7730U (2.0GHz),2.0,ghz
7,584,16 GB,16.0,gb
7,584,16 GB,16.0,gb
7,584,16 GB,16.0,gb
7,583,1024 GB,1024.0,gb
7,583,1024 GB,1024.0,gb
7,583,1024 GB,1024.0,gb
7,585,AMD Radeon Graphics,,text
7,581,AMD Ryzen 7 7730U,,text
7,599,AMD Ryzen 7 7730U (2.0GHz),2.0,ghz
7,599,AMD Ryzen 7 7730U (2.0GHz),2.0,ghz
7,584,16 GB,16.0,gb
7,584,16 GB,16.0,gb
7,584,16 GB,16.0,gb
7,585,AMD Radeon Integrated Graphics,,text
7,583,1024 GB,1024.0,gb
7,583,1024 GB,1024.0,gb
7,583,1024 GB,1024.0,gb
7,577,15.6-inch FHD (1920 x 1080) Anti-Glare LED Backlight Touch Narrow Border WVA Display,15.6,in
7,617,"WiFi 6 (802.11ax), Bluetooth 5.1",,text
7,635,4.19 lb,4.19,lb
7,611,Windows 11 Home,,text
7,581,AMD Ryzen 7 7730U,,text
7,599,AMD Ryzen 7 7730U (2.0GHz),2.0,ghz
7,599,AMD Ryzen 7 7730U (2.0GHz),2.0,ghz
7,584,16 GB,16.0,gb
7,611,Windows 11 Home,,text
7,577,15.6-inch FHD (1920 x 1080) Anti-Glare LED Backlight Touch Narrow Border WVA Display,15.6,in
7,617,Wi-Fi 6,,text
7,9394,Bluetooth 5.1,,text
7,624,Built-in HD camera,,text
7,589,Enlarged ergonomic keyboard with separate numeric keypad,,text
7,9395,"Height: 0.67 in. - 0.75 in. (16.96 mm – 18.99 mm), Depth: 9.27 in. (235.56 mm), Width: 14.11 in. (358.50 mm)",,text
7,9396,"SD card reader, USB 2.0, Universal Audio jack, Power jack, HDMI 1.4, USB 3.2 Gen 1 Type-A, USB 3.2 Gen 1 Type-C™ (data only)",,text
7,9397,Notebook PC,,text
7,9398,Laptops,,text
7,598,AMD,,text
7,581,AMD Ryzen 7000 Series Processor,,text
7,9399,Ryzen 7,,text
7,599,2 GHz,2.0,ghz
7,599,4.5 GHz,4.5,ghz
7,600,Barcelo R,,text
7,600,8,8.0,count
7,9400,8 @ 2000 MHz,2000.0,mhz
7,601,16,16.0,count
7,602,4 megabytes,4.0,mb
7,602,16 megabytes,16.0,mb
7,9401,AMD Enhanced Virus Protection (NX bit),,text
7,584,16 GB,16.0,gb
7,584,16 GB,16.0,gb
7,604,SSD,,text
7,583,1024 GB,1024.0,gb
7,604,,,text
7,576,15.6 inches,15.6,in
7,575,IPS,,text
7,596,Matte,,text
7,577,1920 x 1080,,text
7,624,Yes,,text
7,626,720p,720.0,p
7,9402,HD,,text
7,578,false,0.0,boolean
7,609,AMD Radeon,,text
7,9403,Shared,,text
7,629,High Definition Audio,,text
7,629,Two Speakers,,text
7,616,Yes,,text
7,617,WiFi Only,,text
7,617,Wi-Fi 6,,text
7,617,"802.11b, 802.11g, 802.11a, WiFi 5 (802.11ac), WiFi 4 (802.11n), WiFi 6 (802.11ax)",,text
7,9404,Accelerometer,,text
7,614,1 x USB 2.0 (Type-A),2.0,a
7,614,1,1.0,count
7,9405,3.5mm Combo x1,,text
7,613,1,1.0,count
7,589,Numeric Keypad,,text
7,589,Standard,,text
7,9406,Touchpad,,text
7,622,65 watts,65.0,w
7,633,14.11 in,14.11,in
7,634,9.27 in,9.27,in
7,632,0.75 in,0.75,in
7,9407,Parts: 1 Year Limited,,text
7,9407,Labor: 1 Year Limited,,text
1,9408,Dell,,text
1,9409,Dell 15 DC15255 Laptop,,text
1,9410,15.6 inches,15.6,in
1,9411,Carbon Black,,text
1,9412,512 GB,512.0,gb
1,9413,AMD Ryzen 5,,text
1,9414,8 GB,8.0,gb
1,9415,Windows 11 Home,,text
1,9416,Dedicated,,text
1,9412,512 GB,512.0,gb
1,9416,Dedicated,,text
1,9416,AMD Radeon 610M,,text
1,9417,SSD,,text
1,9418,4.19 lb,4.19,lb
1,9416,AMD,,text
1,9419,"Business, Entertainment, Student",,text
1,9420,Yes,,text
1,9421,2 GB,2.0,gb
1,9422,Clamshell,,text
1,9417,SSD,,text
1,9420,Front,,text
1,9423,No Fingerprint Reader,,text
1,9424,Shared,,text
1,9425,"External displays, mice, keyboards, storage devices, printers, and other USB or Bluetooth-enabled accessories",,text
1,9426,On Site,,text
1,9427,"9.27""L x 14.11""W x 0.75""Th",,text
1,9417,None,,text
1,9428,HDMI,,text
1,9414,8 GB,8.0,gb
1,9429,LPDDR5,,text
1,9430,5500 MHz,5500.0,mhz
1,9414,8 GB,8.0,gb
1,9430,5500 MHz,5500.0,mhz
1,9431,4,0.00390625,mb
1,9432,1,1.0,count
1,9433,3,3.0,count
1,9434,41 Watt Hours,41.0,wh
1,9435,3,3.0,count
1,9428,"Bluetooth, HDMI, Secure Digital Card, USB 2.0, USB 3.2 Gen 1",,text
1,9436,4,4.0,count
1,9437,1,1.0,count
1,9438,"Headphones, Speakers",,text
1,9438,MaxxAudio Pro (Windows) / Stereo Speakers (Windows),,text
1,9439,Ryzen 5,,text
1,9440,2.8 GHz,2.8,ghz
1,9441,4,4.0,count
1,9442,AMD,,text
1,9413,7520U,,text
1,9439,5th Gen,,text
1,9440,4.3 GHz,4.3,ghz
1,9443,2025,,text
1,9444,"65 Watt AC Adapter, Dell 15 Laptop DC15255, Documentation, Power Cord",65.0,w
1,9408,Dell,,text
1,9445,1.0 Count,1.0,count
1,9426,1-Year Basic Onsite Service after remote diagnosis with Hardware-Only Support,,text
1,9446,B0FCTFGTPY,,text
1,9447,1920 x 1080,,text
1,9447,1920 x 1080,,text
1,9448,LED,,text
1,9447,1920 x 1080,,text
1,9448,LED,,text
1,9449,Non-Touch,,text
1,9450,Matte,,text
1,9451,"Bluetooth, Wi-Fi",,text
1,9451,"Bluetooth, Wi-Fi",,text
1,9451,"Bluetooth, Wi-Fi 5",,text
1,9452,5,5.0,version
1,9453,Wi-Fi 5,,text
1,9454,Touch Pad,,text
1,9454,"Full-size, Standard",,text
1,9454,QWERTY,,text
1,9455,"Automatic Shut-Off, Programmable, Temperature Control, Timer",,text
1,8265,"13.38""D x 11.96""W x 13.58""H",,text
1,9456,Stone,,text
1,8269,4 qt,4.0,qt
1,8268,Metal,,text
1,9455,"Automatic Shut-Off, Programmable, Temperature Control, Timer",,text
1,8264,1500 W,1500.0,w
1,8264,1500 W,1500.0,w
1,9457,120 V,120.0,v
1,9458,Touch,,text
1,9459,22 °F,22.0,f
1,9460,450 °F,450.0,f
1,9461,air_frying_technology,,text
1,9462,Not Smart Home Compatible,,text
1,8265,"13.38""D x 11.96""W x 13.58""H",,text
1,8269,4 qt,4.0,qt
1,9463,No,,text
1,8263,Yes,,text
1,8263,Dishwasher Safe,,text
1,8268,Glass,,text
1,9455,"Bake, Reheat, Roast",,text
1,9464,Ninja,,text
1,9465,Ninja FN101ST,,text
1,9466,10622356662571,,text
1,9467,Fixed,,text
1,9464,Ninja,,text
1,9468,FN101ST,,text
1,9469,"2 Storage Lids, 4 Crisper Plates, Crispi Container Adapter, & Small Lid, 4-QT Large Batch TempWare Container, 6-Cup Small Batch TempWare Container, Ninja Crispi PowerPod",4.0,qt
1,9470,1.0 Count,1.0,count
1,9471,#215 in Kitchen & Dining ( See Top 100 in Kitchen & Dining ) #5 in Air Fryers,,text
1,9472,B0DJFBDFZK,,text
1,9455,"Automatic Shut-Off, Programmable, Temperature Control, Timer",,text
1,8265,"13.38""D x 11.96""W x 13.58""H",,text
1,9456,Stone,,text
1,8269,4 qt,4.0,qt
1,8268,Metal,,text
1,9455,"Automatic Shut-Off, Programmable, Temperature Control, Timer",,text
1,8264,1500 W,1500.0,w
1,8264,1500 W,1500.0,w
1,9457,120 V,120.0,v
1,9458,Touch,,text
1,9459,22 °F,22.0,f
1,9460,450 °F,450.0,f
1,9461,air_frying_technology,,text
1,9462,Not Smart Home Compatible,,text
1,8265,"13.38""D x 11.96""W x 13.58""H",,text
1,8269,4 qt,4.0,qt
1,9463,No,,text
1,8263,Yes,,text
1,8263,Dishwasher Safe,,text
1,8268,Glass,,text
1,9455,"Bake, Reheat, Roast",,text
1,9464,Ninja,,text
1,9465,Ninja FN101ST,,text
1,9466,10622356662571,,text
1,9467,Fixed,,text
1,9464,Ninja,,text
1,9468,FN101ST,,text
1,9469,"2 Storage Lids, 4 Crisper Plates, Crispi Container Adapter, & Small Lid, 4-QT Large Batch TempWare Container, 6-Cup Small Batch TempWare Container, Ninja Crispi PowerPod",4.0,qt
1,9470,1.0 Count,1.0,count
1,9471,#215 in Kitchen & Dining ( See Top 100 in Kitchen & Dining ) #5 in Air Fryers,,text
1,9472,B0DJFBDFZK,,text
1,9455,"Automatic Shut-Off, Programmable, Temperature Control, Timer",,text
1,8265,"13.38""D x 11.96""W x 13.58""H",,text
1,9456,Stone,,text
1,8269,4 qt,4.0,qt
1,8268,Metal,,text
1,9455,"Automatic Shut-Off, Programmable, Temperature Control, Timer",,text
1,8264,1500 W,1500.0,w
1,8264,1500 W,1500.0,w
1,9457,120 V,120.0,v
1,9458,Touch,,text
1,9459,22 °F,22.0,f
1,9460,450 °F,450.0,f
1,9461,air_frying_technology,,text
1,9462,Not Smart Home Compatible,,text
1,8265,"13.38""D x 11.96""W x 13.58""H",,text
1,8269,4 qt,4.0,qt
1,9463,No,,text
1,8263,Yes,,text
1,8263,Dishwasher Safe,,text
1,8268,Glass,,text
1,9455,"Bake, Reheat, Roast",,text
1,9464,Ninja,,text
1,9465,Ninja FN101ST,,text
1,9466,10622356662571,,text
1,9467,Fixed,,text
1,9464,Ninja,,text
1,9468,FN101ST,,text
1,9469,"2 Storage Lids, 4 Crisper Plates, Crispi Container Adapter, & Small Lid, 4-QT Large Batch TempWare Container, 6-Cup Small Batch TempWare Container, Ninja Crispi PowerPod",4.0,qt
1,9470,1.0 Count,1.0,count
1,9471,#215 in Kitchen & Dining ( See Top 100 in Kitchen & Dining ) #5 in Air Fryers,,text
1,9472,B0DJFBDFZK,,text
2,9473,Air Fry,,text
2,9474,450 °F,450.0,f
2,9475,6-Cup Small Batch TempWare Container;4-QT Large Batch TempWare Container;2 Storage Lids;2 Crisper Plates;Crispi Container Adapter,,text
2,9476,14.55 lb,14.55,lb
2,9477,Dishwasher Safe Parts,,text
2,9478,11.50 x 9.76 x 11.81 in,11.81,in
2,9479,Glass,,text
2,9480,Automatic Shut-Off,,text
2,9481,1800 W,1800.0,w
2,9482,105 °F,105.0,f
2,9483,Ninja,,text
2,9473,4,,text
2,9484,4 qt,4.0,qt
6,9485,Gray,,text
6,9485,Gray,,text
6,9486,Digital,,text
6,9487,13.39 in,13.39,in
6,9488,11.97 in,11.97,in
6,9489,13.58 in,13.58,in
6,9490,4 qt,4.0,qt
6,9491,15.74 lb,15.74,lb
6,9492,Yes,,text
6,9493,Yes,,text
6,9494,1500 W,1500.0,w
6,9495,1-year,,text
4,673,"Dishwasher-safe parts, Dishwasher-safe parts, Dishwasher-safe parts, Dishwasher-safe parts",,text
4,9496,false,0.0,boolean
4,676,0.55 qt,0.55,qt
4,692,"Air fry, Bagel, Bake, Dehydrate, Broil, Pizza",,text
4,692,programmable,,text
4,685,Touchpad,,text
4,9497,removable_drip_tray,,text
4,9498,Ninja,,text
4,9499,Ninja Flip Toaster Oven & Air Fryer,,text
4,687,Gray,,text
4,9500,7.68 in,7.68,in
4,9501,15.75 in,15.75,in
4,9502,17.1 in,17.1,in
4,675,17.86 lb,17.86,lb
4,9503,32 in,32.0,in
4,691,true,,text
4,691,"This product contains aluminum, stainless steel ingredients (chromium, manganese, nickel, phosphorous) and perfluoroalkyl and polyfluoroalkyl substances (PFAS).For more information about chemicals in this product, visit https://res.cloudinary.com/sharkninja-na/image/upload/v1692814015/NinjaUS/PFAS_Data_list_082323.pdf Este producto contiene aluminio, ingredientes de acero inoxidable (cromo, manganeso, níquel, fósforo) y sustancias perfluoroalquilos y polifluoroalquilos (PFAS). Para obtener más información sobre los productos químicos de este producto, visite https://res.cloudinary.com/sharkninja-na/image/upload/v1692814015/NinjaUS/PFAS_Data_list_082323.pdf",,text
4,683,450 °F,450.0,f
4,674,"UL Listed, UL Listed, UL Listed, UL Listed, UL Listed",,text
4,9504,1 year limited,,text
4,9505,1 year limited,,text
5,676,18.55 qt,18.55,qt
5,692,8-in-1,,text
5,691,80% more energy efficient than traditional full size oven,,text
41,9506,"8-in-1 Functionality: Air fry, Roast, Broil, Bake, Pizza, Toast, Bagel, Dehydrate",,text
41,9507,4 qt,4.0,qt
41,9507,12 qt,12.0,qt
41,9507,toast up to 6 slices of bread,,qt
41,9507,cook 6 chicken breasts,,qt
41,9508,85-450F,-450.0,f
41,9509,"Metal, plastic, rubber, other",,text
41,9510,Wipe clean,,text
41,9511,OvenCrisp Technology™ with infrared heating and rapid circulating air combining for edge-to-edge even cooking,,text
41,9506,50% faster cooking and crisping vs a traditional oven,,text
31,675,19.84 lb,19.84,lb
31,9503,32 in,32.0,in
31,680,19.13 in L x 10.2 in W x 18.43 in H,,text
31,681,stainless steel,,text
31,10632,120 volts,120.0,v
31,679,1 W,1.0,w
31,679,800 W,800.0,w
31,679,1 W,1.0,w
31,679,800 W,800.0,w
31,679,15 W,15.0,w
4,703,Dishwasher-safe parts,,text
4,698,9.8 qt,9.8,qt
4,714,Air fry,,text
4,714,Air,,text
4,714,false,,text
4,9512,Wolfgang Puck,,text
4,697,"Wolfgang Puck 310oz Stainless Steel Air Fryer, Large Single Basket Design, Simple Dial Controls",,text
4,701,Silver,,text
4,9513,14 in,14.0,in
4,9514,12 in,12.0,in
4,9515,14 in,14.0,in
4,700,15 lb,15.0,lb
4,9516,true,,text
4,9516,None,,text
4,9517,Button,,text
4,710,400 °F,400.0,f
4,696,1700 W,1700.0,w
4,9518,None,,text
4,9519,1 Year Warranty,,text
4,9520,None,,text
4,752,"Dishwasher-safe, Hand wash",,text
4,746,6 qt,6.0,qt
4,791,"Air fry, Roast, Bake",,text
4,791,Air,,text
4,791,programmable,,text
4,9521,Cosori,,text
4,9522,TurboBlaze Smart Air Fryer,,text
4,9523,Oyster,,text
4,9524,11.9 in,11.9,in
4,9525,14.4 in,14.4,in
4,9526,11.8 in,11.8,in
4,750,11.5 lb,11.5,lb
4,9527,"Lead - For more information about chemicals in this product, visit https://cosori.com/pages/state-cookware-disclosures",,text
4,785,Touchpad,,text
4,782,400 °F,400.0,f
4,791,auto_shutoff,,text
4,9528,Not Applicable,,text
4,9529,2 years,,text
4,9530,2 years,,text
39,9531,6 qt,6.0,qt
39,9532,20 in,20.0,in
39,9533,120 V,120.0,v
39,9534,1725 W,1725.0,w
39,9531,6 qt,6.0,qt
39,9535,White,,text
39,9536,Metal,,text
39,9537,4,,text
39,9537,Yes,,text
39,9538,Yes,,text
39,9537,Yes,,text
39,9537,Yes,,text
39,9539,Yes,,text
39,9540,No,,text
39,9541,"15.74""L x 13""W x 13.39""H",,text
39,9542,14.1 lb,14.1,lb
33,9543,6 qt,6.0,qt
33,9543,6.5 qt,6.5,qt
33,9543,6 qt,6.0,qt
33,9544,up to 46% quicker,,text
33,9545,"AC 120V, 60Hz",120.0,v
33,9546,1725 W,1725.0,w
33,9543,6 qt,6.0,qt
33,9543,6.5 qt,6.5,qt
33,9543,6 qt,6.0,qt
33,9547,90°F - 450°F / 30°C - 230°C,,f
33,9548,14.1 lb / 6.4 kg,14.1,lb
33,9549,5,,text
33,9549,46% faster,,text
33,9547,450 °F,450.0,f
33,9547,130°F - 135°F,,f
33,9543,6 qt,6.0,qt
33,9550,low,,text
33,9551,Yes,,text
33,9552,Yes,,text
3,9553,Dishwasher-Safe Parts,,text
3,9554,21.5 lb,21.5,lb
3,9555,New,,text
3,9556,Automatic Shut-Off,,text
3,9557,56 oz,56.0,oz
3,9558,"Coffee Filter Starter Kit, Removable Water Reservoir, Descaling Solution, Cleaning Brush",,text
3,9559,Whole Beans,,text
3,9560,"Stainless Steel, Plastic, Aluminum",,text
3,9561,"2 Year Limited Warranty. To obtain a copy of the manufacturer's or supplier's warranty for this item prior to purchasing the item, please call Target Guest Services at 1-800-591-3869",2.0,a
3,9562,15.87 Inches (H) x 11.22 Inches (W) x 14.37 Inches (D),,text
3,9563,1550 W,1550.0,w
3,9564,"15 Bars of Pressure, Grind and Brew, Removable Water Reservoir, Automatic Shut-Off, Frothing Wand, Removable Drip Tray, Thermo Block Heating System, Water Level Window",15.0,bar
3,9565,Electric,,text
2,794,14.37 x 11.22 x 15.87 in,15.87,in
2,766,21.5 lb,21.5,lb
2,759,De'Longhi,,text
2,758,15 bar,15.0,bar
2,9566,Temperature Control,,text
2,762,Stainless Steel,,text
2,9566,Residential,,text
2,9567,No,,text
44,9568,11.22 Inches x 15.87 Inches x 14.37 Inches,,text
44,9059,21.5 lb,21.5,lb
44,9063,Stainless Steel,,text
44,9569,Counter Top,,text
44,9569,Espresso & Cappuccino Maker,,text
44,9570,Yes,,text
44,9570,Thermoblock,,text
44,9571,15 bar,15.0,bar
44,9572,240 V,240.0,v
44,9573,1600 W,1600.0,w
44,9068,12 Month(s),12.0,month
44,9069,12 Month(s),12.0,month
44,9574,8,8.0,count
29,8816,4.45,4.45,mm
29,758,15 bar,15.0,bar
29,770,55.79 oz,55.79,oz
29,777,1550 W,1550.0,w
29,776,120 V,120.0,v
29,794,14.37x11.22x15.87,14.37,in
29,762,Metal,,text
29,8817,Metal,,text
29,775,Manual,,text
29,774,Thermoblock,,text
29,769,3,3.0,count
29,757,8,8.0,count
29,773,Button & Dial,,text
6,804,Multiple colors/finishes,,text
6,9575,None,,text
6,804,Stainless Steel/Black,,text
6,818,Digital,,text
6,809,Stainless steel,,text
6,9576,Super automatic,,text
6,9577,,,text
6,811,Single thermoblock,,text
6,815,60 oz,60.0,oz
6,807,18 in,18.0,in
6,808,20.8 lb,20.8,lb
6,805,14.17 in,14.17,in
6,806,9.45 in,9.45,in
6,9578,0,0.0,in
6,811,Yes,,text
6,811,Yes,,text
6,800,15 bar,15.0,bar
6,9579,2-year limited,,text
44,9568,14.17 Inches H x 9.45 Inches W x 17.32 Inches D,,text
44,9059,25.95 lb,25.95,lb
44,9063,Silver Black,,text
44,9569,Counter Top,,text
44,9580,8.8,297.56,oz
44,9570,Yes,,text
44,9570,Thermoblock,,text
44,9571,15 bar,15.0,bar
44,9581,Touch,,text
44,9572,120 Volts,120.0,v
44,9573,1250 W,1250.0,w
44,9582,24 Month(s),,text
44,9583,"6 One-Touch Recipes, Built-in Conical Burr Grinder with 13 settings, Traditional Milk Frother, Removable and dishwasher-safe parts for easy cleaning, Compact Design",6.0,in
29,9584,High-quality AISI304 stainless steel,,text
29,9585,Compatible with all De'Longhi La Specialista and De'Longhi Dedica Maestro models,,text
41,9586,"13.25"" x 12.5"" x 15.75""",13.25,in
41,9587,67 oz,67.0,oz
41,9588,1/2 lb.,2.0,g
41,9589,1600 W,1600.0,w
41,9590,Programmable & manual options; integrated conical burr grinder,,text
41,9591,Advanced temperature control with PID stability,,text
41,9592,"Dosing Funnel™ Attachment, Razor Dose Trimming Tool, 54mm Stainless Steel Portafilter, 1 cup & 2cup Single & Dual Wall Filter Baskets, Coffee Scoop, Integrated Tamper, Stainless Steel Milk Jug, Cleaning disc and tablets, Cleaning brush, tool and Allen Key, Water Filter Holder and Water Filter",,text
41,9509,Die-cast metal,,text
41,9593,1-year warranty,,text
2,893,12.00 x 11.00 x 13.50 in,13.5,in
2,876,22.9 lb,22.9,lb
2,872,Stainless Steel,,text
2,896,Residential,,text
2,872,Silver,,text
2,869,Breville,,text
2,868,15 bar,15.0,bar
8,914,HP,,text
8,915,7J267UA-N,,text
8,917,Natural Silver,,text
8,905,Intel Processor N200,,text
8,907,64 GB,64.0,gb
8,958,None,,text
8,969,1 x headphone/microphone combo,,text
8,949,Dual speakers,,text
8,913,Multi Touch,,text
8,913,"Full-size, natural silver keyboard with numeric keypad",,text
8,911,47 Wh,47.0,wh
8,9594,Chromebook,,text
8,955,3.81 lb,3.81,lb
2,9595,Intel UHD Graphics,,text
2,9596,64 GB,64.0,gb
2,9597,8 hours,8.0,hr
2,9598,Chromebook 15a-nb0013dx,,text
2,9599,N200,,text
2,9600,Wi-Fi 6 | Bluetooth 5.3,,text
2,9601,3.81 lb,3.81,lb
2,9602,4,4.0,count
2,9603,false,0.0,boolean
2,9604,Intel,,text
2,9605,9.51 x 14.28 x 0.78 in,0.78,in
2,9606,LCD,,text
2,9607,8 GB,8.0,gb
2,9608,15.6 inches,15.6,in
2,9609,HP,,text
2,9610,Power Adapter,,text
2,9611,Webcam,,text
2,9612,Silver,,text
2,9596,64 GB,64.0,gb
2,9613,3.2 GHz,3.2,ghz
2,9614,ChromeOS,,text
1,9615,HP,,text
1,9616,17-cp3602nr,,text
1,9617,Blue,,text
1,9618,512 GB,512.0,gb
1,9619,AMD Ryzen 5,,text
1,9620,8 GB,8.0,gb
1,9621,Windows 11 Home,,text
1,9622,"Backlit Keyboard, Fingerprint Reader, Numeric Keypad",,text
1,9623,Integrated,,text
1,9618,512 GB,512.0,gb
1,9622,"Backlit Keyboard, Fingerprint Reader, Numeric Keypad",,text
1,9623,Integrated,,text
1,9623,AMD Radeon Graphics,,text
1,9624,SSD,,text
1,9622,Personal,,text
1,9625,Yes,,text
1,9626,Laptop,,text
1,9624,SSD,,text
1,9627,"15.78""L x 10.15""W x 0.81""Th",,text
1,9628,HDMI,,text
1,9629,1600 x 900,,text
1,9629,1600 x 900,,text
1,9630,LCD,,text
1,9629,1600 x 900,,text
1,9630,LCD,,text
1,9631,true,1.0,boolean
1,9632,Wi-Fi,,text
1,9632,Wi-Fi,,text
1,9632,Wi-Fi 6,,text
1,9633,3,3.0,count
1,9634,6,6.0,count
1,9635,1,1.0,count
1,9636,Ryzen 5,,text
1,9637,4.3 GHz,4.3,ghz
1,9638,6,6.0,count
1,9639,AMD,,text
1,9619,AMD Ryzen 5 7430U,,text
1,9636,6th Gen,,text
1,9637,4.3 GHz,4.3,ghz
1,9640,16 MB,16.0,mb
1,9641,HP Laptop,,text
1,9615,HP Inc.,,text
1,9642,1.0 Count,1.0,count
1,9643,#855 in Computers & Accessories ( See Top 100 in Computers & Accessories ) #75 in Traditional Laptop Computers,,text
1,9644,B0FN4SHST2,,text
1,9620,8 GB,8.0,gb
1,9645,3200 MHz,3200.0,mhz
1,9646,8 GB,8.0,gb
1,9647,DDR4 SDRAM,,text
1,9648,2,2.0,count
1,9649,"Keyboard, Touchscreen",,text
1,9649,US,,text
1,9650,$869.00 $ 869 . 00,,text
1,9639,Ryzen,,text
1,9631,✔,,text
1,9649,✔,,text
1,9651,✔,,text
8,9652,17.3 inches,17.3,in
8,9653,Intel Core i7-13620H,,text
3,9654,"17.3"" HD+ Touch",,text
3,8738,AMD Ryzen 5 7430U,,text
3,8739,32 GB,32.0,gb
3,8740,1024 GB,1024.0,gb
3,8741,AMD Radeon Graphics,,text
3,8743,Wi-Fi 6,,text
3,8744,Windows 11 Pro,,text
3,8745,Blue,,text
17,9655,17.3 inches,17.3,in
17,9656,Natural silver,,text
17,9657,Windows 11 Home,,text
17,9658,AMD Ryzen 5,,text
17,9658,AMD Ryzen™ 5 Processor,,text
17,9658,AMD Ryzen 5 7530U,,text
17,9659,AMD Radeon Graphics,,text
17,9660,8 GB,8.0,gb
17,9660,8 GB,8.0,gb
17,9661,128 GB,128.0,gb
17,9661,128 GB,128.0,gb
17,9662,1600 x 900,,text
17,9655,"17.3"" diagonal",17.3,in
17,9662,1600 x 900,,text
17,10633,true,1.0,bool
17,10634,BrightView,,text
17,9663,HP Fast Charge,,text
17,9664,Lift-hinge design for improved comfort,,text
17,9665,"['SuperSpeed USB Type-A 5Gbps signaling rate', 'AC Smart pin', 'SuperSpeed USB Type-A 5Gbps signaling rate', 'HDMI 1.4b', 'SuperSpeed USB Type-C® 5Gbps signaling rate', 'Headphone/microphone combo']",,text
17,9666,"EPEAT® Gold, ENERGY STAR® certified",,text
17,9662,1600 x 900,,text
17,9655,"17.3"" diagonal",17.3,in
17,9662,1600 x 900,,text
17,10633,true,1.0,bool
17,10634,BrightView,,text
17,9667,16:9,,text
17,9658,AMD Ryzen 5,,text
17,9658,AMD Ryzen™ 5 Processor,,text
17,9658,AMD Ryzen 5 7530U,,text
17,9658,AMD Ryzen 5,,text
17,9658,AMD Ryzen™ 5 Processor,,text
17,9658,AMD Ryzen 5 7530U,,text
17,9659,Integrated: AMD Radeon™ Graphics,,text
17,9662,1600 x 900,,text
17,9655,"17.3"" diagonal",17.3,in
17,9662,1600 x 900,,text
17,10633,true,1.0,bool
17,10634,BrightView,,text
17,9668,250 nits,250.0,nit
17,9660,8 GB,8.0,gb
17,9660,8 GB,8.0,gb
17,9661,128 GB,128.0,gb
17,9661,128 GB,128.0,gb
17,9669,Realtek Wi-Fi 6 (1x1) and Bluetooth® 5.3 wireless card,,text
17,9670,45 W Smart AC power adapter,45.0,w
17,9671,41 Wh,41.0,wh
17,9672,9 hours,9.0,hr
17,9672,9 hours,9.0,hr
17,9673,50 min,50.0,min
17,9674,EPEAT® Gold with Climate+,,text
17,9675,HP True Vision 720p HD camera with temporal noise reduction and integrated dual array digital microphones,,text
17,9676,Dual speakers,,text
17,9677,HP Imagepad,,text
17,9677,"Full-size, soft gray keyboard with numeric keypad",,text
17,9678,15.78 x 10.15 x 0.81 in,0.81,in
17,9679,4.58 lb,4.58,lb
1,9680,Lenovo,,text
1,9681,Yoga Slim 7 14Q8X9,,text
1,9682,14.5 inches,14.5,in
1,9683,Cosmic Blue,,text
1,9684,1024 GB,1024.0,gb
1,9685,Snapdragon,,text
1,9686,16 GB,16.0,gb
1,9687,Windows 11 Home,,text
1,9688,"Backlit Keyboard, HD Audio",,text
1,9689,Integrated,,text
1,9684,1024 GB,1024.0,gb
1,9688,"Backlit Keyboard, HD Audio",,text
1,9689,Integrated,,text
1,9689,Qualcomm Adreno GPU,,text
1,9690,SSD,,text
1,9689,Qualcomm,,text
1,9688,Business,,text
1,9691,Yes,,text
1,9692,Clamshell,,text
1,9690,SSD,,text
1,9693,Shared,,text
1,9694,"12.79""L x 8.86""W x 0.51""Th",,text
1,9690,None,,text
1,9695,DisplayPort,,text
1,9696,2944 x 1840,,text
1,9696,2944 x 1840,,text
1,9697,OLED,,text
1,9696,2944 x 1840,,text
1,9697,LCD,,text
1,9698,true,1.0,boolean
1,9699,Wi-Fi,,text
1,9699,Wi-Fi,,text
1,9699,Wi-Fi 6,,text
1,9700,3,3.0,count
1,9701,4,4.0,count
1,9702,Speakers,,text
1,9685,Snapdragon,,text
1,9703,1.7 GHz,1.7,ghz
1,9704,12,12.0,count
1,9705,Qualcomm,,text
1,9685,Snapdragon X Elite X1E-78-100,,text
1,9706,7th Gen,,text
1,9703,1.7 GHz,1.7,ghz
1,9707,2024,,text
1,9708,"65W AC Adapter, ONT 32GB USB Drive",,text
1,9680,Lenovo,,text
1,9709,1.0 Count,1.0,count
1,9710,"#238,367 in Computers & Accessories ( See Top 100 in Computers & Accessories ) #44,836 in Traditional Laptop Computers",,text
1,9711,B0DTKG71MZ,,text
1,9686,16 GB,16.0,gb
1,9712,LPDDR5,,text
1,9713,8448 MHz,8448.0,mhz
1,9686,16 GB,16.0,gb
1,9713,8448 MHz,8448.0,mhz
1,9712,DDR5 SDRAM,,text
1,9714,Lithium Ion,,text
1,9715,6 hours,6.0,hr
1,9716,"Keyboard, Microphone, Touchscreen",,text
1,9716,Backlit,,text
2,9717,PC Laptops,,text
2,9718,Windows 11 Home,,text
2,9719,8.87 in,8.87,in
2,9720,16 GB,16.0,gb
2,9721,2.82 lb,2.82,lb
2,9722,1.7 GHz,1.7,ghz
2,9723,14.5 inches,14.5,in
2,9724,Qualcomm,,text
2,9725,Snapdragon X Elite,,text
2,9726,Lenovo,,text
2,9727,Wi-Fi,,text
2,9728,Blue,,text
7,1073,AMD Ryzen 5 7520U 2.8GHz,,text
7,1076,8 GB,8.0,gb
7,1075,256 GB,256.0,gb
7,1073,AMD Radeon 610M,,text
7,1073,AMD Ryzen 5 7520U 2.8GHz,,text
7,1076,8 GB,8.0,gb
7,1073,AMD Radeon 610M,,text
7,1075,256 GB,256.0,gb
7,1087,"15.6"" Full HD Anti-Glare",,text
7,1108,"Bluetooth, Wi-Fi 6",,text
7,1123,3.48 lbs. (1.58 kg),3.48,lb
7,1101,Windows 11 Home,,text
7,1114,SD Memory Card Reader,,text
7,9729,5.2,5.2,version
7,9730,Notebook PC,,text
7,9731,IdeaPad,,text
7,1085,Abyss Blue,,text
7,1089,AMD,,text
7,1073,AMD Ryzen 7000 Series Processor,,text
7,1140,Ryzen 5,,text
7,1090,2.8 GHz,2.8,ghz
7,1090,4.3 GHz,4.3,ghz
7,1091,Mendocino,,text
7,1091,Quad-Core,,text
7,9732,2 @ 1900 MHz,1900.0,mhz
7,1092,8,8.0,count
7,1094,2 megabytes,2.0,mb
7,1094,4 megabytes,4.0,mb
7,1076,8 GB,8.0,gb
7,1096,LPDDR5,,text
7,1097,LPDDR5-5500,,text
7,9733,8GB,8.0,gb
7,1127,SSD,,text
7,1075,256 GB,256.0,gb
7,1127,,256.0,gb
7,1087,Full HD Anti-glare,,text
7,1088,Matte,,text
7,1070,1920 x 1080,,text
7,1112,Yes,,text
7,1113,720p,720.0,p
7,9734,HD,,text
7,9735,No,,text
7,1072,220 nits,220.0,nit
7,1099,AMD Radeon 610M,,text
7,9736,Shared,,text
7,1116,DOLBY Audio,,text
7,1116,2 x 1.5 W Stereo Speakers,,text
7,1108,WiFi Only,,text
7,1108,Wi-Fi 6,,text
7,1108,"802.11b, 802.11g, 802.11a, WiFi 5 (802.11ac), WiFi 4 (802.11n), WiFi 6 (802.11ax)",,text
7,9729,Bluetooth 5.2,,text
7,1137,3.5mm Combo x1,,text
7,1105,1 x USB 2.0 (Type-A),2.0,a
7,1105,1,1.0,count
7,1102,1,1.0,count
7,1081,English,,text
7,9737,Buttonless Mylar Surface Touchpad,,text
7,1111,65 watts,65.0,w
7,1079,42 Wh,42.0,wh
7,1124,true,1.0,text
7,1121,14.18 in,14.18,in
7,1122,9.29 in,9.29,in
7,1120,0.7 in,0.7,in
1,9738,Lenovo,,text
1,9739,82VG00TYUS,,text
1,9740,15.6 inches,15.6,in
1,9741,256 GB,256.0,gb
1,9742,AMD Ryzen 5,,text
1,9743,8 GB,8.0,gb
1,9744,Windows 11 Home,,text
1,9745,"Dolby Audio, Smart Noise Cancelling, Privacy Shutter",,text
1,9746,Integrated,,text
1,9741,256 GB,256.0,gb
1,9745,"Dolby Audio, Smart Noise Cancelling, Privacy Shutter",,text
1,9746,Integrated,,text
1,9747,SSD,,text
1,9748,1.5 lb,1.5,lb
1,9746,AMD,,text
1,9745,Business,,text
1,9749,Yes,,text
1,9750,Clamshell,,text
1,9751,"External displays, mice, keyboards, storage devices, printers, and other accessories via USB, HDMI, SD card reader, Wi-Fi 6, and Bluetooth.",,text
1,9752,"14.18""L x 0.7""W x 9.29""Th",,text
1,9747,None,,text
1,9753,HDMI,,text
1,9754,1920 x 1080,,text
1,9754,1920 x 1080,,text
1,9755,LCD,,text
1,9754,1920 x 1080,,text
1,9755,IPS,,text
1,9756,Touchscreen,,text
1,9757,Yes,,text
1,9758,"Wi-Fi 6, Bluetooth, USB 3.2 Gen 1 Type-A, USB 2.0 Type-A, USB 3.2 Type-C, HDMI, Headphone/Microphone combo",,text
1,9758,"Bluetooth, Wi-Fi 6",,text
1,9759,9 hours,9.0,hr
1,9760,"Touch Pad, Touchscreen",,text
1,9761,Yes,,text
1,9762,Ryzen 5,,text
1,9763,2.8 GHz,2.8,ghz
1,9764,1,1.0,count
1,9765,AMD,,text
1,9742,AMD Ryzen 5 7520U,,text
1,9762,Zen 4,,text
1,9763,4.3 GHz,4.3,ghz
1,9766,4 MB,4.0,mb
1,9767,2025,,text
1,9768,Webcam,,text
1,9738,Lenovo,,text
1,9769,1.0 Count,1.0,count
1,9770,1 Year Limited Warranty,,text
1,9771,B0FKGBZDR3,,text
1,9743,8 GB,8.0,gb
1,9772,6400 MHz,6400.0,mhz
1,9743,8 GB,8.0,gb
1,9773,DDR5 RAM,,text
1,9774,3,3.0,count
1,9775,5,5.0,count
8,9259,Lenovo,,text
8,9260,IdeaPad,,text
8,9261,Blue,,text
8,9262,Windows 11 Home,,text
8,9776,AMD Ryzen 5 7000 Series,,text
8,9263,AMD Ryzen 5 7520U,,text
8,9777,15.6 inches,15.6,in
8,9778,Non-Touch Screen,,text
8,9264,FHD,,text
8,9779,1920 x 1080,,text
8,9264,IPS,,text
8,9780,AMD Radeon 610M,,text
8,9781,Integrated Card,,text
8,9265,256 GB,256.0,gb
8,9782,8 GB,8.0,gb
8,9783,1 x HDMI,,text
8,9784,1 x HDMI 1.4,,text
8,9785,Non-backlit,,text
8,9786,Lithium Polymer,,text
8,9787,9 hours,9.0,hr
18,8746,AMD Ryzen™ 5 7520U Processor (2.80 GHz up to 4.30 GHz),,text
18,8746,"AMD Athlon™ Gold 7220U Processor (2.40 GHz, up to 3.70 GHz Max Boost, 2 Cores, 4 Threads, 4 MB Cache)",,text
18,8747,Windows 11 Home,,text
18,8748,AMD Radeon 610M,,text
18,8749,8 GB,8.0,gb
18,8749,8 GB,8.0,gb
18,8750,256 GB,256.0,gb
18,8750,128 GB,128.0,gb
18,8751,720P HD with Dual Microphone and Privacy Shutter,,text
18,8752,Wi-Fi 6 2x2 AX & Bluetooth® 5.1 or above,,text
18,8753,1920 x 1080,,text
18,10635,TN,,text
18,10636,Anti-Glare,,text
18,10637,false,0.0,bool
18,10638,45%NTSC,,text
18,8753,1920 x 1080,,text
18,10636,anti-glare,,text
18,8754,Grey - English (US),,text
18,8755,Abyss Blue,,text
18,8756,1 Year Courier or Carry-in,1.0,in
18,8746,AMD Ryzen™ 5 7520U Processor (2.80 GHz up to 4.30 GHz),,text
18,8746,"AMD Athlon™ Gold 7220U Processor (2.40 GHz, up to 3.70 GHz Max Boost, 2 Cores, 4 Threads, 4 MB Cache)",,text
18,8747,Windows 11 Home,,text
18,8748,AMD Radeon 610M,,text
18,8753,1920 x 1080,,text
18,10635,TN,,text
18,10636,Anti-Glare,,text
18,10637,false,0.0,bool
18,10638,45%NTSC,,text
18,8753,1920 x 1080,,text
18,10636,anti-glare,,text
18,8749,8 GB,8.0,gb
18,8749,8 GB,8.0,gb
18,8761,9 hours,9.0,hr
18,8750,256 GB,256.0,gb
18,8750,128 GB,128.0,gb
18,9788,Webcam privacy shutter,,text
18,9789,2 x 1.5W speakers with Dolby Audio™,,text
18,8751,720p HD,,text
18,8758,"17.9mm x 360.2mm x 236mm / 0.7"" x 14.2"" x 9.3""",17.9,mm
18,8759,Starting at 1.58kg / 3.48lbs,3.48,lb
18,8755,"Cloud Grey, Abyss Blue",,text
18,8752,"WiFi 6 802.11AX (2 x 2), Bluetooth® 5.1 or above",,text
1,9790,Lenovo,,text
1,9791,Newest Lenovo Slim 3 Chromebook,,text
1,9792,14 inches,14.0,in
1,9793,Abyss Blue,,text
1,9794,64 GB,64.0,gb
1,9795,4 GB,4.0,gb
1,9796,ChromeOS,,text
1,9797,"Memory Card Slot, Numeric Keypad, Privacy Camera",,text
1,9798,Integrated,,text
1,9794,64 GB,64.0,gb
1,9797,"Memory Card Slot, Numeric Keypad, Privacy Camera",,text
1,9798,Integrated,,text
1,9798,ARM Mali-G52 2EE MC2,,text
1,9799,eMMC,,text
1,9800,2.86 lb,2.86,lb
1,9797,Personal,,text
1,9801,Yes,,text
1,9802,Clamshell,,text
1,9801,Integrated 720p HD Webcam,,text
1,9803,Shared,,text
1,9804,"External displays, USB devices, headphones, mice, keyboards, Bluetooth-enabled devices, and storage devices",,text
1,9805,One-year seller warranty,,text
1,9806,"12.83""L x 8.73""W x 0.73""Th",,text
1,9799,None,,text
1,9807,HDMI 1.4,,text
1,9808,1920 x 1080,,text
1,9809,LED,,text
1,9809,LED,,text
1,9810,250 nits,250.0,nit
1,9811,1,1.0,count
1,9812,true,1.0,boolean
1,9813,Yes,,text
1,9814,Glossy,,text
1,9815,Lithium Ion,,text
1,9816,47 Watt Hours,47.0,wh
1,9817,1,1.0,count
1,9807,"MicroSD, USB 3.1 Type A, USB 3.1 Type C",,text
1,9818,1,1.0,count
1,9819,1,1.0,count
1,9820,1,1.0,count
1,9821,"Headphones, Speakers",,text
1,9821,2 x 1.5W,,text
1,9821,Dolby Audio,,text
1,9821,Yes,,text
1,9822,2 GHz,2.0,ghz
1,9823,8,8.0,count
1,9824,MediaTek,,text
1,9825,MediaTek Kompanio 520,,text
1,9822,2000 MHz,2.0,ghz
1,9826,128 KB,0.125,mb
1,9826,2 MB,2.0,mb
1,9826,4 MB,4.0,mb
1,9827,2023,,text
1,9790,Lenovo,,text
1,9828,B0CBJ4FM35,,text
1,9795,4 GB,4.0,gb
1,9829,DDR4,,text
1,9830,4 GB,4.0,gb
1,9831,5500 MHz,5500.0,mhz
1,9829,DDR SDRAM,,text
1,9832,4,4.0,count
1,9833,Wi-Fi,,text
1,9833,Wi-Fi,,text
1,9833,Bluetooth,,text
1,9834,5.1,5.1,version
1,9835,Wi-Fi 6,,text
1,9836,"Microphone, Touchscreen",,text
1,9836,Full-size keyboard,,text
1,9836,QWERTY,,text
1,9837,Touch,,text
2,1151,64 GB,64.0,gb
2,1145,1920 x 1080,,text
2,1146,true,1.0,boolean
2,9838,82XJ0000US,,text
2,1192,720P,,text
2,1205,2.87 lb,2.87,lb
2,1152,4 GB,4.0,gb
2,1186,IEEE 802.11ax,,text
2,1166,2,2.0,count
2,1149,ARM Cortex A76,,text
2,1156,Chromebooks,,text
2,1158,Lenovo,,text
2,9839,Chrome OS,,text
2,1153,Integrated Graphics,,text
2,1149,2.05 GHz,2.05,ghz
2,1144,14 inches,14.0,in
2,9840,4 GB,4.0,gb
2,9841,Inputs - USB(2),,text
2,1173,ChromeOS,,text
8,9842,ChromeOS,,text
8,9843,64 GB,64.0,gb
18,8793,Physical camera shutter,,text
18,9844,"IdeaPad Slim 3 Chromebook (14” MTK), 45W AC Adapter, Internal Battery, Quick Start Guide",45.0,w
18,9845,ENERGY STAR®-rated and EPEAT® Gold-registered,,text
1,9846,Dell,,text
1,9847,Dell 15 DC15250 Laptop,,text
1,9848,15.6 inches,15.6,in
1,9849,Platinum Silver,,text
1,9850,512 GB,512.0,gb
1,9851,Core i5 Family,,text
1,9852,16 GB,16.0,gb
1,9853,Windows 11 Home,,text
1,9854,"Anti Glare Coating, Backlit Keyboard, Memory Card Slot, Numeric Keypad",,text
1,9855,Integrated,,text
1,9850,512 GB,512.0,gb
1,9854,"Anti Glare Coating, Backlit Keyboard, Memory Card Slot, Numeric Keypad",,text
1,9855,Integrated,,text
1,9855,Intel UHD Graphics,,text
1,9856,SSD,,text
1,9857,3.64 lb,3.64,lb
1,9855,Intel,,text
1,9854,"Business, Entertainment, Student",,text
1,9858,Yes,,text
1,9859,Clamshell,,text
1,9856,SSD,,text
1,9858,Front,,text
1,9860,No Fingerprint Reader,,text
1,9861,Shared,,text
1,9862,"External displays, mice, keyboards, storage devices, printers, and other accessories that can connect via USB, HDMI, Bluetooth, or Wi-Fi.",,text
1,9863,On Site,,text
1,9864,"9.25""L x 14.11""W x 0.75""Th",,text
1,9856,None,,text
1,9865,HDMI,,text
1,9852,16 GB,16.0,gb
1,9866,DDR4,,text
1,9867,3200 MHz,3200.0,mhz
1,9852,16 GB,16.0,gb
1,9867,3200 MHz,3200.0,mhz
1,9866,DDR4 SDRAM,,text
1,9868,1,1.0,count
1,9869,3,3.0,count
1,9870,41 Watt Hours,41.0,wh
1,9871,3,3.0,count
1,9865,"Bluetooth, HDMI, Secure Digital Card, USB 2.0, USB 3.2 Gen 1",,text
1,9872,4,4.0,count
1,9873,1,1.0,count
1,9874,"Headphones, Speakers",,text
1,9874,MaxxAudio Pro (Windows) / Stereo Speakers (Windows),,text
1,9875,Core i5 Family,,text
1,9876,Intel,,text
1,9851,Intel Core i5-1334U,,text
1,9875,13th Generation,,text
1,9877,4.6 GHz,4.6,ghz
1,9878,"65 Watt AC Adapter, Dell 15 Laptop DC15250, Documentation, Power Cord",65.0,w
1,9846,Dell,,text
1,9879,1.0 Count,1.0,count
1,9863,1-Year Basic Onsite Service after remote diagnosis with Hardware-Only Support,,text
1,9880,#51 in Computers & Accessories ( See Top 100 in Computers & Accessories ) #5 in Traditional Laptop Computers,,text
1,9881,B0F167PYK7,,text
1,9882,1920 x 1080,,text
1,9882,1920 x 1080,,text
1,9883,LED,,text
1,9882,1920 x 1080,,text
1,9883,LED,,text
1,9884,Non-Touch,,text
1,9885,Matte,,text
1,9886,"Bluetooth, Wi-Fi",,text
1,9886,"Bluetooth, Wi-Fi",,text
1,9886,"Bluetooth, Wi-Fi 6",,text
1,9887,5.3,5.3,version
1,9888,Wi-Fi 6,,text
1,9889,Touch Pad,,text
1,9889,Ergonomic,,text
1,9889,QWERTY,,text
8,1767,DELL,,text
8,1770,Black,,text
8,1758,Intel Core i5,,text
8,1752,FHD,,text
8,1756,60 Hz,60.0,hz
8,1760,512 GB,512.0,gb
8,1761,8 GB,8.0,gb
8,9890,1 x HDMI,,text
8,1790,1 x HDMI 1.4,,text
8,1766,Non-backlit,,text
8,8459,Lithium Polymer,,text
1,9846,HP,,text
1,9847,TPN-I139,,text
1,9848,17.3 inches,17.3,in
1,9849,Silver,,text
1,9850,1024 GB,1024.0,gb
1,9851,Core i5 Family,,text
1,9852,16 GB,16.0,gb
1,9853,Windows 11 Pro,,text
1,9854,"Backlit Keyboard, Fingerprint Reader, Webcam",,text
1,9855,Integrated,,text
1,9882,1600 x 900,,text
1,9858,HP True Vision 720p HD camera with integrated dual array digital microphones,,text
1,9874,Dual speakers,,text
1,9849,Natural Silver,,text
1,9889,"Full-size, backlit, natural silver keyboard with numeric keypad",,text
1,9860,Fingerprint reader available,,text
1,9889,Precision Touchpad Support,,text
1,9891,50 min,50.0,min
1,9892,45 W Smart AC power adapter,45.0,w
1,9864,15.78 x 10.15 x 0.78 in,0.78,in
1,9857,5.25 lb,5.25,lb
1,9850,1024 GB,1024.0,gb
1,9854,"Backlit Keyboard, Fingerprint Reader, Webcam",,text
1,9855,Integrated,,text
1,9855,Intel Iris Xe Graphics,,text
1,9856,SSD,,text
1,9857,5.25 lb,5.25,lb
1,9855,Intel,,text
1,9854,Business,,text
1,9858,Yes,,text
1,9859,Laptop,,text
1,9856,SSD,,text
1,9860,Fingerprint Recognition,,text
1,9863,Limited,,text
1,9864,"15.78""L x 10.51""W x 0.78""Th",,text
1,9893,AC adapter,,text
1,9865,HDMI,,text
1,9882,HD+,,text
1,9882,1600 x 900,,text
1,9883,LED,,text
1,9882,1600 x 900,,text
1,9883,LED,,text
1,9894,250 nits,250.0,nit
1,9884,true,1.0,boolean
1,9895,Yes,,text
1,9885,glossy or semi-glossy,,text
1,9870,41 Watt Hours,41.0,wh
1,9871,3,3.0,count
1,9865,"HDMI, USB, USB Type C",,text
1,9872,6,6.0,count
1,9873,1,1.0,count
1,9896,1,1.0,count
1,9874,"Headphones, Speakers",,text
1,9874,Dual speakers,,text
1,9897,Array microphones,,text
1,9874,Yes,,text
1,9875,Core i5 Family,,text
1,9877,0.9 GHz,0.9,ghz
1,9898,10,10.0,count
1,9876,Intel,,text
1,9851,1335U,,text
1,9875,13th Gen,,text
1,9877,4.6 GHz,4.6,ghz
1,9899,2023,,text
1,9878,"AC Adapter, Webcam",,text
1,9846,HP Inc.,,text
1,9879,1.0 Count,1.0,count
1,9881,B0CBW4MWJ2,,text
1,9852,16 GB,16.0,gb
1,9866,DDR4,,text
1,9900,32 GB,32.0,gb
1,9866,DDR4 SDRAM,,text
1,9868,1,1.0,count
1,9886,"Bluetooth, Wi-Fi",,text
1,9886,Wi-Fi,,text
1,9886,Wi-Fi 6,,text
1,9887,5.0,5.0,version
1,9889,"Keyboard, Touchscreen",,text
1,9889,US,,text
1,9889,QWERTY,,text
1,9901,Touch,,text
1,9889,Present,,text
8,9902,HP,,text
8,9903,TPN-I139,,text
8,9904,Silver,,text
8,9905,Windows 11 Home,,text
8,9906,Intel Core i3,,text
8,9907,HD+,,text
8,9908,1024 GB,1024.0,gb
8,9909,32 GB,32.0,gb
8,9910,1 x HDMI,,text
8,9911,Home / Personal,,text
8,9912,Consumer,,text
8,9913,"15.78"" x 10.15"" x 0.78""",15.78,in
8,9914,4 lb,4.0,lb
1,9915,HP,,text
1,9916,Chrome,,text
1,9917,14 inches,14.0,in
1,9918,Silver,,text
1,9919,128 GB,128.0,gb
1,9920,Intel Mobile CPU,,text
1,9921,8 GB,8.0,gb
1,9922,ChromeOS,,text
1,9923,Support Stylus,,text
1,9924,Integrated,,text
1,9919,128 GB,128.0,gb
1,9923,Support Stylus,,text
1,9924,Integrated,,text
1,9924,Intel UHD Graphics 770,,text
1,9919,128 GB,128.0,gb
1,9924,Intel,,text
1,9923,"Business, Student",,text
1,9925,Yes,,text
1,9926,Convertible,,text
1,9927,"USB-C devices, USB-A devices, Bluetooth devices",,text
1,9928,Limited,,text
1,9929,"14""L x 13""W x 1""Th",,text
1,9930,None,,text
1,9931,USB Type C,,text
1,9932,1920 x 1080,,text
1,9933,LCD,,text
1,9932,1920 x 1080,,text
1,9933,IPS,,text
1,9934,true,1.0,boolean
1,9935,Wi-Fi,,text
1,9935,Wi-Fi 5,,text
1,9936,3,3.0,count
1,9937,3,3.0,count
1,9938,1,1.0,count
1,9939,Intel Mobile CPU,,text
1,9940,1.8 GHz,1.8,ghz
1,9941,Intel,,text
1,9939,10th Gen,,text
1,9940,3.8 GHz,3.8,ghz
1,9942,2024,,text
1,9943,AC Adapter,,text
1,9915,HP,,text
1,9944,1.0 Count,1.0,count
1,9928,90 Day,,text
1,9945,B0DH31CX4X,,text
1,9921,8 GB,8.0,gb
1,9946,LPDDR5,,text
1,9921,8 GB,8.0,gb
1,9946,DDR5 SDRAM,,text
1,9947,Lithium Ion,,text
1,9948,45 Watt Hours,45.0,wh
1,9949,Touch Pad,,text
1,9949,Standard,,text
2,1906,HP True Vision FHD camera,,text
2,1865,IPS,,text
2,1868,true,1.0,boolean
2,1872,8 GB,8.0,gb
2,1871,256 GB,256.0,gb
2,1865,Solid State,,text
2,1872,8 GB,8.0,gb
2,9950,Chromebook Plus x360 14 inch,14.0,in
2,1871,256 GB,256.0,gb
2,1886,8,8.0,count
2,9951,Home Office,,text
2,1885,3.8 GHz,3.8,ghz
2,1882,2023,,text
2,1871,256 GB,256.0,gb
2,9952,ChromeOS,,text
2,9951,Touchscreen,,text
2,1884,Intel,,text
2,1866,14 inches,14.0,in
2,1872,8 GB,8.0,gb
2,1878,HP,,text
2,1876,"2-in-1s, Chromebooks, Business, PC Laptops",2.0,in
2,1916,3.2 lb,3.2,lb
2,1867,Full HD,,text
2,1913,0.72 in,0.72,in
2,1902,"Bluetooth, Wi-Fi",,text
2,9953,10 hours,10.0,hr
2,9954,Metal,,text
2,1881,Silver,,text
2,1870,Intel Core i3,,text
2,1881,Silver,,text
2,1873,Intel UHD Graphics,,text
8,9955,HP,,text
8,9956,A4HB3UA-RB,,text
8,9957,Meteor Silver,,text
8,9958,Intel Core i3-N305,,text
8,9959,256 GB,256.0,gb
8,9960,None,,text
8,9961,1 x Headphone/microphone combo,,text
8,9962,HD Audio with stereo speakers,,text
8,9963,Multi Touch,,text
8,9963,"Full-size, backlit, soft grey keyboard",,text
8,9964,47 Wh,47.0,wh
8,9965,Chromebook,,text
8,9966,3.03 lb,3.03,lb
2,9967,16 GB,16.0,gb
2,9968,true,1.0,boolean
2,9969,10.75 hours,10.75,hr
2,9970,1920 x 1080,,text
2,9971,Qwerty,,text
2,9972,Ryzen 7-7730U,,text
2,9967,16 GB,16.0,gb
2,9973,Plastic; Metal,,text
2,9974,Windows 11 Home,,text
2,9975,8,8.0,count
2,9976,Home Office,,text
2,9977,"Bluetooth, Wi-Fi 6",,text
2,9967,16 GB,16.0,gb
2,9979,AMD,,text
2,9980,15.6 inches,15.6,in
2,9981,HP,,text
2,9972,4.5 GHz,4.5,ghz
2,9982,3.52 lb,3.52,lb
2,9983,9.29 x 14.17 x 0.73 Inches,0.73,in
2,9984,512 GB,512.0,gb
2,9976,"Webcam, Numeric Keypad",,text
2,9985,LED,,text
2,9986,Silver,,text
2,9984,512 GB,512.0,gb
2,9987,AMD Radeon Graphics,,text
1,9988,HP,,text
1,9989,HP 15-fc0037wm,,text
1,9990,15.6 inches,15.6,in
1,9991,Blue,,text
1,9992,256 GB,256.0,gb
1,9993,8 GB,8.0,gb
1,9994,Windows 11 Home,,text
1,9995,"HD Audio, Wide Vision 5MP Camera",,text
1,9996,Integrated,,text
1,9996,AMD,,text
1,9992,256 GB,256.0,gb
1,9995,"HD Audio, Wide Vision 5MP Camera",,text
1,9996,Integrated,,text
1,9997,256 GB,256.0,gb
1,9996,AMD,,text
1,9995,"Business, Gaming, Student",,text
1,9998,Yes,,text
1,9999,Clamshell,,text
1,9997,SSD,,text
1,10000,DDR DRAM,,text
1,10001,"External displays, mice, keyboards, storage devices, printers, and other accessories that use USB, HDMI, Wi-Fi, or Bluetooth connectivity",,text
1,10002,Limited,,text
1,10003,"15.78""L x 1""W x 10.15""Th",,text
1,10004,HDMI,,text
1,10005,1920 x 1080,,text
1,10005,1920 x 1080,,text
1,10006,LED,,text
1,10007,Non-touch,,text
1,10008,"Bluetooth, Wi-Fi",,text
1,10008,802.11n,,text
1,10009,Microphone,,text
1,10009,Backlit,,text
1,10010,2.8 GHz,2.8,ghz
1,10011,6,6.0,count
1,10012,AMD,,text
1,10013,3000U,,text
1,10014,2021,,text
1,9988,HP,,text
1,10015,1.0 Count,1.0,count
1,10002,90 day seller,,text
1,10016,B0D9C575BR,,text
1,9993,8 GB,8.0,gb
1,10017,DDR4,,text
1,9993,16 GB,16.0,gb
1,10018,3200 MHz,3200.0,mhz
1,10017,DDR4 SDRAM,,text
1,10019,2,2.0,count
1,10020,4,4.0,count
1,10021,1,1.0,count
1,10022,Headphones,,text
8,10023,HP,,text
8,10024,B8LA8UA#ABA-R,,text
8,10025,B8LA8UA#ABA-R,,text
8,10026,Natural Silver,,text
8,10027,Windows 11 Home,,text
8,10028,AMD Ryzen 7,,text
8,10029,512 GB,512.0,gb
8,10030,Everyday Value,,text
8,10031,1.59 lb,1.59,lb
2,10032,1920 x 1080,,text
2,10033,64 GB,64.0,gb
2,10034,0.82 in,0.82,in
2,10035,4 GB,4.0,gb
2,10036,4 lb,4.0,lb
2,10037,ChromeOS,,text
2,10038,false,0.0,boolean
2,10035,4 GB,4.0,gb
2,10039,1.1 GHz,1.1,ghz
2,10040,2,2.0,count
2,10041,Intel,,text
2,10032,1920 x 1080,,text
2,10042,Chromebooks,,text
2,10043,LCD,,text
2,10044,Intel UHD Graphics,,text
2,10045,HP,,text
2,10046,Full Size (10 Key),,text
2,10047,Chrome OS,,text
2,10048,Webcam,,text
2,10033,64 GB,64.0,gb
2,10049,Gray,,text
2,10033,64 GB,64.0,gb
2,10035,4 GB,4.0,gb
2,10050,14 inches,14.0,in
2,10051,Intel Celeron,,text
2,10052,11 hours,11.0,hr
2,10053,Bluetooth,,text
1,10054,Lenovo,,text
1,10055,IdeaPad 3,,text
1,10056,15.6 inches,15.6,in
1,10057,Blue,,text
1,10058,8 GB,8.0,gb
1,10059,ChromeOS,,text
1,10060,Narrow,,text
1,10061,Integrated,,text
1,10060,Narrow,,text
1,10061,Integrated,,text
1,10061,Intel HD Graphics,,text
1,10062,eMMC,,text
1,10063,5.49 lb,5.49,lb
1,10061,Intel,,text
1,10060,Multimedia,,text
1,10064,Yes,,text
1,10065,Chromebook,,text
1,10062,,,text
1,10064,Front,,text
1,10066,Fingerprint Recognition,,text
1,10067,Shared,,text
1,10068,"Headphone, Keyboard, Mouse, Speaker",,text
1,10069,Limited,,text
1,10070,"14.25""L x 9.57""W x 0.75""Th",,text
1,10071,Intel® SoC (System on Chip) platform,,text
1,10072,Internal Lithium-Ion Battery & AC Adapter,,text
1,10073,HDMI,,text
1,10074,LPDDR4X,,text
1,10058,8 GB,8.0,gb
1,10074,DDR4 SDRAM,,text
1,10075,1,1.0,count
1,10076,Lithium Polymer,,text
1,10077,10 hours,10.0,hr
1,10077,12 hours,12.0,hr
1,10078,3,3.0,count
1,10079,2,2.0,count
1,10073,"HDMI, MicroSD, USB 3.0, USB Type C",,text
1,10080,1,1.0,count
1,10081,1,1.0,count
1,10082,Speakers,,text
1,10082,"Stereo speakers, 1.5W x2, Dolby Audio",,text
1,10083,Built-In,,text
1,10082,Dolby Audio,,text
1,10084,1.1 GHz,1.1,ghz
1,10085,1,1.0,count
1,10086,Intel,,text
1,10087,Intel Celeron N4500,,text
1,10084,2.8 GHz,2.8,ghz
1,10088,4 MB,4.0,mb
1,10088,4 MB,4.0,mb
1,10089,2023,,text
1,10090,"Computer, Charger, User Guide",,text
1,10054,Lenovo,,text
1,10069,1 Year Limited,,text
1,10091,B0BSJ46KY9,,text
1,10092,1920 x 1080,,text
1,10092,1920 x 1080,,text
1,10093,LCD,,text
1,10092,1920 x 1080,,text
1,10093,LED,,text
1,10094,300 nits,300.0,nit
1,10095,2,2.0,count
1,10096,Yes,,text
1,10097,anti-glare,,text
1,10098,"Bluetooth, Wi-Fi",,text
1,10098,Bluetooth,,text
1,10098,Wi-Fi 5,,text
1,10099,5.2,5.2,version
1,10100,Wi-Fi 6,,text
1,10101,Touch Pad,,text
1,10101,"6-row, multimedia Fn keys, numeric keypad",,text
1,10101,QWERTY,,text
1,10102,Touch,,text
1,10101,"Multi-touch, Precision Touch",,text
18,8746,Intel® Pentium® Silver N6000 Processor (1.10 GHz up to 3.30 GHz),,text
18,8746,Intel® Celeron® and Pentium® processors,,text
18,8747,ChromeOS,,text
18,8748,Intel UHD Graphics,,text
18,8749,8 GB,8.0,gb
18,8750,128 GB,128.0,gb
18,8751,720P HD with Dual Array Microphone,,text
18,8752,Wi-Fi 6 2x2 AX & Bluetooth® 5.1 or above,,text
18,8753,1920 x 1080,,text
18,8754,Grey - English (US),,text
18,8755,Arctic Grey,,text
18,8756,1 Year Courier or Carry-in,1.0,in
18,8746,Intel® Pentium® Silver N6000 Processor (1.10 GHz up to 3.30 GHz),,text
18,8746,Intel® Celeron® and Pentium® processors,,text
18,8753,1920 x 1080,,text
18,8752,WiFi 6 and Bluetooth® 5.1,,text
18,10103,"1 x USB-C, 2 x USB-A",,text
18,9788,Verified Boot,,text
18,10104,all-day battery life,,text
1,10105,Lenovo,,text
1,10106,IdeaPad 1 15IJL7,,text
1,10107,15.6 inches,15.6,in
1,10108,Abyss Blue,,text
1,10109,128 GB,128.0,gb
1,10110,4 GB,4.0,gb
1,10111,Windows 11 Home,,text
1,10112,Anti Glare Coating,,text
1,10113,Intel UHD Graphics,,text
1,10109,128 GB,128.0,gb
1,10112,Anti Glare Coating,,text
1,10113,Intel UHD Graphics,,text
1,10113,Intel UHD Graphics,,text
1,10114,Flash Storage,,text
1,10115,1.55 lb,1.55,lb
1,10112,Business,,text
1,10116,No,,text
1,10117,Notebook,,text
1,10114,SSD,,text
1,10116,Front,,text
1,10118,DDR4 SDRAM,,text
1,10119,"External mice, keyboards, storage devices, displays, printers, and other accessories that use USB, HDMI, Wi-Fi, or Bluetooth interfaces.",,text
1,10120,Manufacturer,,text
1,10121,"9.3""L x 14.2""W x 0.7""Th",,text
1,10114,None,,text
1,10122,HDMI,,text
1,10123,DDR4,,text
1,10124,2933 MHz,2933.0,mhz
1,10125,12 GB,12.0,gb
1,10124,2933 MHz,2933.0,mhz
1,10123,DDR4 SDRAM,,text
1,10126,1,1.0,count
1,10127,Lithium Ion,,text
1,10128,11 hours,11.0,hr
1,10129,4000 Milliampere Hour (mAh),4000.0,wh
1,10130,3,3.0,count
1,10122,"Bluetooth, HDMI, USB",,text
1,10131,3,3.0,count
1,10132,"Headphones, Speakers",,text
1,10133,1.1 GHz,1.1,ghz
1,10134,1,1.0,count
1,10135,Intel,,text
1,10136,Intel Pentium Silver N6000,,text
1,10133,3.3 GHz,3.3,ghz
1,10137,2022,,text
1,10105,Lenovo,,text
1,10138,1.0 Count,1.0,count
1,10120,1 year Manufacturer,,text
1,10139,B0BY4XQB1D,,text
1,10140,1920 x 1080,,text
1,10140,1920 x 1080,,text
1,10141,LCD,,text
1,10140,1920 x 1080,,text
1,10142,false,0.0,boolean
1,10143,Yes,,text
1,10144,"Bluetooth, Wi-Fi",,text
1,10144,"Bluetooth, Wi-Fi",,text
1,10144,"802.11a/b/g/n, Bluetooth",,text
1,10145,Touch Pad,,text
1,10145,Backlit,,text
18,10146,Intel® Pentium® Gold,,text
18,10147,Windows 11 Home,,text
18,10148,8 GB,8.0,gb
18,10149,512 GB,512.0,gb
18,10150,1920 x 1080,,text
18,10151,220 nits,220.0,nit
18,10152,1 Year Standard Depot Warranty,,text
18,10153,82LXX005US,,text
18,10146,Intel® Pentium® Gold,,text
18,10154,Intel UHD Graphics,,text
18,10150,1920 x 1080,,text
18,10151,220 nits,220.0,nit
18,10148,8 GB,8.0,gb
18,10155,6.1 hours,6.1,hr
18,10149,512 GB,512.0,gb
18,10156,Webcam privacy shutter,,text
18,10157,2 x 1.5W Dolby Audio™ speakers,,text
18,10158,720p HD,,text
18,10159,17.9mm x 360.2mm x 236mm / 0.7″ x 14.2″ x 9.3″,17.9,mm
18,10160,Starting at 1.6kg / 3.5lbs,3.5,lb
18,10161,"Sand, Abyss Blue, Cloud Grey",,text
18,10162,"WiFi 6 802.11AX (2 x 2), Bluetooth® 5.2",,text
1,2421,Lenovo,,text
1,8763,Lenovo V15-IKB,,text
1,2410,15.6 inches,15.6,in
1,2423,Black,,text
1,2415,2048 GB,2048.0,gb
1,2414,AMD Ryzen 5,,text
1,2416,24 GB,24.0,gb
1,2430,Windows 11 Pro,,text
1,8764,Anti Glare Coating,,text
1,2417,Integrated,,text
1,2415,2048 GB,2048.0,gb
1,2417,Integrated,,text
1,2417,AMD Radeon Graphics,,text
1,2443,3.8 lb,3.8,lb
1,8764,Business,,text
1,2439,Yes,,text
1,8765,Laptop,,text
1,8766,SSD,,text
1,2439,720p HD webcam,,text
1,2428,DDR4 SDRAM,,text
1,8767,Extended,,text
1,8768,"14.13""L x 9.29""W x 0.78""Th",,text
1,8769,"AMD 5000 series chipset (Promontory or Lucienne, etc.)",,text
1,8770,AC adapter,,text
1,8771,HDMI,,text
1,2426,DDR4,,text
1,2427,3200 MHz,3200.0,mhz
1,2416,24 GB,24.0,gb
1,2427,3200 MHz,3200.0,mhz
1,2426,DDR4 SDRAM,,text
1,8772,2,2.0,count
1,8772,2,2.0,count
1,2437,"Bluetooth, Wi-Fi",,text
1,2437,Wi-Fi,,text
1,2437,Bluetooth,,text
1,8773,5.2,5.2,version
1,2438,Wi-Fi 6E,,text
1,2420,Keyboard,,text
1,2420,US,,text
1,2420,QWERTY,,text
1,2420,Present,,text
1,8769,Ryzen 5,,text
1,8774,4 GHz,4.0,ghz
1,8775,6,6.0,count
1,2425,AMD,,text
1,2414,5500U,,text
1,8769,5th generation,,text
1,8774,4 GHz,4.0,ghz
1,8776,8 MB,8.0,mb
1,2424,2023,,text
1,2421,Lenovo,,text
1,8777,1.0 Count,1.0,count
1,8778,B0BVBX7G2D,,text
1,2411,1920 x 1080,,text
1,2411,1920 x 1080,,text
1,8779,LED,,text
1,2411,1920 x 1080,,text
1,8779,LCD,,text
1,8780,1,1.0,count
1,8781,Yes,,text
1,8782,anti-glare,,text
1,8783,Lithium Ion,,text
1,2434,3,3.0,count
1,8771,"HDMI, USB 2.0, USB 3.0",,text
1,8784,6,6.0,count
1,8785,1,1.0,count
1,2431,1,1.0,count
1,8786,1,1.0,count
1,8787,Headphones,,text
1,8787,Dolby Audio,,text
1,2436,Headphones,,text
1,8787,Dolby Audio sound,,text
1,8787,Yes,,text
1,10163,Lenovo,,text
1,10164,Newest Flagship Lenovo Chromebook,,text
1,10165,14 inches,14.0,in
1,10166,Blue,,text
1,10167,64 GB,64.0,gb
1,10168,4 GB,4.0,gb
1,10169,ChromeOS,,text
1,10170,Backlit Keyboard,,text
1,10171,Integrated,,text
1,10167,64 GB,64.0,gb
1,10170,Backlit Keyboard,,text
1,10171,Integrated,,text
1,10171,ARM Mali-G52 2EE MC2,,text
1,10172,eMMC,,text
1,10173,2.9 lb,2.9,lb
1,10170,Business,,text
1,10174,Yes,,text
1,10175,Chromebook,,text
1,10172,SSD,,text
1,10174,"Front, Privacy",,text
1,10176,Shared,,text
1,10177,Limited,,text
1,10178,"12.83""L x 8.73""W x 0.73""Th",,text
1,10179,MediaTek Kompanio 520,,text
1,10172,None,,text
1,10180,AC adapter,,text
1,10181,1920 x 1080,,text
1,10182,LED,,text
1,10182,LED,,text
1,10183,250 nits,250.0,nit
1,10184,true,1.0,boolean
1,10185,Yes,,text
1,10186,Lithium Ion,,text
1,10187,13.5 hours,13.5,hr
1,10188,47 Watt Hours,47.0,wh
1,10189,2,2.0,count
1,10190,"MicroSD, USB 3.1 Type A, USB 3.1 Type C",,text
1,10191,4,4.0,count
1,10192,1,1.0,count
1,10193,1,1.0,count
1,10194,1,1.0,count
1,10195,"Headphones, Speakers",,text
1,10195,"Stereo speakers, 1.5W x2, Dolby Audio™",,text
1,10196,2 GHz,2.0,ghz
1,10197,8,8.0,count
1,10198,MediaTek,,text
1,10199,MediaTek Kompanio 520,,text
1,10196,2 GHz,2.0,ghz
1,10200,2 MB,2.0,mb
1,10200,4 MB,4.0,mb
1,10201,2023,,text
1,10163,Lenovo,,text
1,10202,1.0 Count,1.0,count
1,10177,90-days Warranty,,text
1,10203,B0CBJ46QZX,,text
1,10168,4 GB,4.0,gb
1,10204,DDR4,,text
1,10205,3200 MHz,3200.0,mhz
1,10206,4 GB,4.0,gb
1,10204,DDR4 SDRAM,,text
1,10207,1,1.0,count
1,10207,1,1.0,count
1,10208,Wi-Fi,,text
1,10208,Wi-Fi,,text
1,10208,Wi-Fi 6,,text
1,10209,5.1,5.1,version
1,10210,Wi-Fi 6,,text
1,10211,"Microphone, Touchscreen",,text
1,10211,Backlit,,text
1,10211,QWERTY,,text
1,10212,Touch,,text
1,10213,Lenovo,,text
1,10214,IdeaPad 1 15IJL7,,text
1,10215,15.6 inches,15.6,in
1,10216,Gray,,text
1,10217,1024 GB,1024.0,gb
1,10218,Celeron,,text
1,10219,20 GB,20.0,gb
1,10220,Windows 11 Home,,text
1,10221,Numeric Keypad,,text
1,10222,Integrated,,text
1,10217,1024 GB,1024.0,gb
1,10221,Numeric Keypad,,text
1,10222,Integrated,,text
1,10222,Intel UHD Graphics,,text
1,10223,3.4 lb,3.4,lb
1,10222,Intel,,text
1,10221,Personal,,text
1,10224,Yes,,text
1,10225,Ultra-Portable,,text
1,10226,SSD,,text
1,10224,Front,,text
1,10227,DDR SDRAM,,text
1,10228,"Mice, keyboards, external storage devices, printers, and displays",,text
1,10229,Limited,,text
1,10230,"14.18""L x 9.29""W x 0.7""Th",,text
1,10226,None,,text
1,10231,Built-in Battery,,text
1,10232,HDMI,,text
1,10219,20 GB,20.0,gb
1,10233,DDR4,,text
1,10234,2400 MHz,2400.0,mhz
1,10219,20 GB,20.0,gb
1,10234,2400 MHz,2400.0,mhz
1,10233,DDR4 SDRAM,,text
1,10235,2,2.0,count
1,10236,Lithium Ion,,text
1,10237,9 hours,9.0,hr
1,10238,41 Watt Hours,41.0,wh
1,10239,3,3.0,count
1,10232,"Bluetooth, HDMI, Headphone, USB",,text
1,10240,6,6.0,count
1,10241,1,1.0,count
1,10242,Celeron,,text
1,10243,1.1 GHz,1.1,ghz
1,10244,2,2.0,count
1,10245,Intel,,text
1,10218,Intel Celeron N4500,,text
1,10242,8th Gen,,text
1,10243,2.8 GHz,2.8,ghz
1,10246,4 MB,4.0,mb
1,10247,2023,,text
1,10213,"Lenovo Group, Ltd.",,text
1,10248,1.0 Count,1.0,count
1,10249,B0CDQTSSTR,,text
1,10250,1920 x 1080,,text
1,10250,1920 x 1080,,text
1,10251,LED,,text
1,10250,1920 x 1080,,text
1,10251,LED,,text
1,10252,false,0.0,boolean
1,10253,"Bluetooth, Wi-Fi",,text
1,10253,Wi-Fi,,text
1,10253,"Bluetooth, Wi-Fi 6",,text
1,10254,5.0,5.0,version
1,10255,Wi-Fi 6,,text
1,10256,Keyboard,,text
1,10256,US,,text
1,10257,Headphones,,text
1,10257,Yes,,text
1,10245,Intel,,text
3,10258,3,3.0,count
3,10259,1920 x 1080,,text
3,10260,13 inches (H) x 2.7 inches (W) x 21 inches (D),,text
3,10261,Intel Pentium,,text
3,10262,128 GB,128.0,gb
3,10263,USB-C,,text
3,10264,false,0.0,boolean
3,10265,No Backlit Keyboard,,text
3,10266,None,,text
3,10267,20 hours,20.0,hr
3,10268,Wi-Fi 6,,text
3,10269,Intel UHD Graphics,,text
3,10270,16:9 Aspect Ratio,,text
3,10266,eMMC,,text
3,10271,3.3 GHz,3.3,ghz
3,10272,4,4.0,count
3,10273,15 inches,15.0,in
3,10274,20 GB,20.0,gb
3,10275,Windows 11 Home,,text
3,10276,New,,text
3,10269,Intel Pentium Silver N6000,,text
3,10277,"1 Lithium, Required, Installed",,text
3,10278,DDR4,,text
3,10279,5.2 lb,5.2,lb
3,10280,Built-In Microphone,,text
1,10281,Lenovo,,text
1,10282,21SH000GUS,,text
1,10283,16 inches,16.0,in
1,10284,Arctic Gray,,text
1,10285,512 GB,512.0,gb
1,10286,16 GB,16.0,gb
1,10287,Windows 11 Pro,,text
1,10288,"Fingerprint Reader, Backlit Keyboard, Numeric Keypad, Wifi, Webcam",,text
1,10289,Intel,,text
1,10285,512 GB,512.0,gb
1,10288,"Fingerprint Reader, Backlit Keyboard, Numeric Keypad, Wifi, Webcam",,text
1,10289,Intel,,text
1,10290,SSD,,text
1,10291,5.7 lb,5.7,lb
1,10289,Intel,,text
1,10288,"Business, Student",,text
1,10292,Yes,,text
1,10293,Notebook,,text
1,10294,DDR5 SDRAM,,text
1,10295,"19.7""L x 12.8""W x 3.2""Th",,text
1,10296,HDMI,,text
1,10297,1920 x 1200,,text
1,10297,1920 x 1200,,text
1,10297,1920 x 1200,,text
1,10298,IPS,,text
1,10299,300 nits,300.0,nit
1,10300,"Wi-Fi, Bluetooth, HDMI, USB, Thunderbolt, Ethernet",,text
1,10300,"Bluetooth, Wi-Fi",,text
1,10300,Wi-Fi 6,,text
1,10301,Touch Pad,,text
1,10301,"Full-size, QWERTY, Standard keys",,text
1,10302,2.2 GHz,2.2,ghz
1,10303,1,1.0,count
1,10304,Intel,,text
1,10305,12th Gen,,text
1,10302,4.8 GHz,4.8,ghz
1,10306,"ThinkBook 16 G8 IRL 21SH000GUS Notebook, AC Adapter",16.0,g
1,10281,Lenovo,,text
1,10307,1.0 Count,1.0,count
1,10308,B0F83ZRQM7,,text
1,10286,16 GB,16.0,gb
1,10309,DDR5 SDRAM,,text
1,10286,64 GB,64.0,gb
1,10310,5600 MHz,5600.0,mhz
1,10309,DDR5 SDRAM,,text
1,10311,2,2.0,count
1,10312,3,3.0,count
1,10313,1,1.0,count
1,10314,1,1.0,count
1,10315,1,1.0,count
2,10298,IPS,,text
2,10316,2.2 GHz,2.2,ghz
2,10286,16 GB,16.0,gb
2,10286,16 GB,16.0,gb
2,10296,Wireless,,text
2,10284,Arctic Gray,,text
2,10317,Windows 11 Pro,,text
2,10293,PC Laptops,,text
2,10295,10.00 x 14.00 x 0.69 in,0.69,in
2,10303,8,8.0,count
2,10301,English,,text
2,10318,AC Adapter,,text
2,10319,false,0.0,boolean
2,10300,"Bluetooth, None, 802.11ax, Wi-Fi",,text
2,10296,"Inputs - USB(3),LAN & Outputs - HDMI",,text
2,10292,Front Camera/Webcam,,text
2,10288,Business,,text
2,10316,Intel,,text
2,10320,"Acrylonitrile Butadiene Styrene (ABS), Polycarbonate, Aluminum",,text
2,10283,16 inches,16.0,in
2,10286,64 GB,64.0,gb
2,10282,21SH000GUS,,text
2,10316,Intel Core 5 210H,,text
2,10285,512 GB,512.0,gb
2,10321,60 Hz,60.0,hz
2,10281,Lenovo,,text
2,10289,Integrated Graphics,,text
2,10291,3.7 lb,3.7,lb
2,10285,512 GB,512.0,gb
2,10287,Windows 11 Pro,,text
2,10288,"Backlit Keyboard, Webcam",,text
2,10310,5600 MHz,5600.0,mhz
2,10285,512 GB,512.0,gb
1,10322,HP,,text
1,10323,15-fd0150wm,,text
1,10324,15.6 inches,15.6,in
1,10325,1152 GB,1152.0,gb
1,10326,Core i5,,text
1,10327,32 GB,32.0,gb
1,10328,Windows 11,,text
1,10329,HD Audio,,text
1,10330,Integrated,,text
1,10325,1152 GB,1152.0,gb
1,10329,HD Audio,,text
1,10330,Integrated,,text
1,10330,Intel,,text
1,10331,SSD,,text
1,10332,3.5 lb,3.5,lb
1,10329,"Student, Business, Multimedia",,text
1,10333,Yes,,text
1,10334,Clamshell,,text
1,10331,SSD,,text
1,10335,"External displays, mice, keyboards, storage devices, printers, and other accessories with USB, HDMI, Bluetooth, or Wi-Fi connectivity",,text
1,10336,"19""L x 10""W x 1""Th",,text
1,10337,HDMI,,text
1,10338,1920 x 1080,,text
1,10338,1920 x 1080,,text
1,10339,LED,,text
1,10338,1920 x 1080,,text
1,10339,LED,,text
1,10340,"Bluetooth, Wi-Fi",,text
1,10340,"802.11a, 802.11ac, 802.11ax",,text
1,10341,3,3.0,count
1,10342,4,4.0,count
1,10343,Core i5,,text
1,10344,1.1 GHz,1.1,ghz
1,10345,Intel,,text
1,10326,Intel Core i5-1334U,,text
1,10343,13th Gen,,text
1,10344,4.6 GHz,4.6,ghz
1,10346,2024,,text
1,10322,HP,,text
1,10347,1.0 Count,1.0,count
1,10348,B0FJWMPBJ2,,text
1,10327,32 GB,32.0,gb
1,10327,32 GB,32.0,gb
1,10349,DDR4 SDRAM,,text
1,10350,Lithium Ion,,text
1,10351,41 Watt Hours,41.0,wh
1,10352,Touchscreen,,text
1,10352,Full-size with numeric keypad,,text
2,10353,1920 x 1080,,text
2,10354,true,1.0,boolean
2,10355,Qwerty,,text
2,10356,Core i5-1334U,,text
2,10357,8 GB,8.0,gb
2,10358,Plastic; Metal,,text
2,10359,Windows 11 Home,,text
2,10360,Home Office,,text
2,10361,"Bluetooth, Wi-Fi 6",,text
2,10362,Windows 11,,text
2,10357,16 GB,16.0,gb
2,10364,Intel,,text
2,10356,Core i5-1334U,,text
2,10357,8 GB,8.0,gb
2,10365,HP,,text
2,10366,3.52 lb,3.52,lb
2,10367,9.29 x 14.17 x 0.73 Inches,0.73,in
2,10360,Webcam,,text
2,10368,Power adapter,,text
2,10356,10,,text
2,10369,LED,,text
2,10370,Silver,,text
2,10371,11 hours,11.0,hr
2,10372,512 GB,512.0,gb
2,10373,AMD Radeon Graphics,,text
8,9259,HP,,text
8,9261,Natural Silver,,text
8,9262,Windows 11 Home,,text
8,9263,Intel Core i5 13th Gen,,text
8,9264,FHD,,text
8,9265,512 GB,512.0,gb
8,9785,Non-backlit,,text
1,10374,HP,,text
1,10375,HP OmniBook 5,,text
1,10376,16 inches,16.0,in
1,10377,Silver,,text
1,10378,1024 GB,1024.0,gb
1,10379,AMD R Series,,text
1,10380,16 GB,16.0,gb
1,10381,Windows 11 Pro,,text
1,10382,HD Audio,,text
1,10383,Integrated,,text
1,10378,1024 GB,1024.0,gb
1,10382,HD Audio,,text
1,10383,Integrated,,text
1,10383,AMD Radeon 860M,,text
1,10384,SSD,,text
1,10385,3.97 lb,3.97,lb
1,10382,"Student, Business, Multimedia",,text
1,10386,Yes,,text
1,10387,Laptop,,text
1,10384,SSD,,text
1,10386,Front,,text
1,10388,"14.08""L x 10.03""W x 0.73""Th",,text
1,10389,HDMI 2.1,,text
1,10390,1920 x 1200,,text
1,10390,1920 x 1200,,text
1,10391,LED,,text
1,10390,1920 x 1200,,text
1,10391,LCD,,text
1,10392,true,1.0,boolean
1,10393,Bluetooth,,text
1,10393,Wi-Fi,,text
1,10393,Wi-Fi 6,,text
1,10394,4,4.0,count
1,10395,5,5.0,count
1,10396,Speakers,,text
1,10397,AMD R Series,,text
1,10398,8,8.0,count
1,10399,AMD,,text
1,10379,AMD Ryzen AI 7 353,,text
1,10400,HDMI Cable,,text
1,10374,HP,,text
1,10401,1.0 Count,1.0,count
1,10402,1 Year,1.0,count
1,10403,B0FBRFL75S,,text
1,10380,16 GB,16.0,gb
1,10404,LPDDR5,,text
1,10380,16 GB,16.0,gb
1,10404,DDR5 SDRAM,,text
1,10405,16 MB,16.0,mb
1,10406,Lithium Ion,,text
1,10407,59 Watt Hours,59.0,wh
1,10408,"Touch Pad, Touchscreen",,text
1,10408,"Full-size, backlit, numeric keypad",,text
8,2687,HP,,text
8,2688,BV9U6UA-R,,text
8,2690,Silver,,text
8,2701,Windows 11 Home,,text
8,10409,Qualcomm Snapdragon,,text
8,2680,Snapdragon X Plus X1P-42-100,,text
8,10410,Shared system memory,,text
8,2681,1024 GB,1024.0,gb
8,2698,LPDDR5X 8448,,text
8,2696,None,,text
8,2707,Wi-Fi 6,,text
8,2704,"1 x USB Type-A 10Gbps signaling rate 2 x USB Type-C 10Gbps signaling rate (USB Power Delivery 3.0, DisplayPort 1.4a, HP Sleep and Charge)",1.4,a
8,10411,1 x headphone/microphone combo,,text
8,2713,Dual speakers,,text
8,2686,Multi Touch,,text
8,2686,"Full-size, soft gray keyboard",,text
8,10412,Mainstream,,text
8,2685,59 Wh,59.0,wh
8,2720,3.52 lb,3.52,lb
2,10413,16 GB,16.0,gb
2,10414,8 hours,8.0,hr
2,10415,PC Laptops,,text
2,10416,Windows 11 Home,,text
2,10417,8,8.0,count
2,10418,false,0.0,boolean
2,10419,1920 x 1200,,text
2,10420,16 inches,16.0,in
2,10421,LCD,,text
2,10422,9.65 x 13.98 x 0.52 in,0.52,in
2,10423,HP,,text
2,10424,Power Adapter,,text
2,10425,Qualcomm,,text
2,10426,OmniBook 5 16-fb0135dx,,text
2,10427,3.52 lb,3.52,lb
2,10428,1024 GB,1024.0,gb
2,10429,Wi-Fi 6E | Bluetooth 5.3,,text
2,10430,Webcam,,text
2,10431,Silver,,text
2,10428,1024 GB,1024.0,gb
2,10432,3.2 GHz,3.2,ghz
3,10433,16:10 Aspect Ratio,,text
3,2791,SSD,,text
3,2774,16 GB,16.0,gb
3,2772,Intel Arc 140V Graphics (8GB),,text
3,2767,IPS,,text
3,2791,None,,text
3,2792,LPDDR5x,,text
3,2772,Intel Core Ultra 7,,text
3,10434,.71 inches (H) x 14.02 inches (W) x 9.67 inches (D),,text
3,2768,16 inches,16.0,in
3,10435,18 hours,18.0,hr
3,2769,1920 x 1200,,text
3,2788,8,8.0,count
3,10436,"1 Non-Universal Lithium Ion, Required, Installed",,text
3,2800,4,4.0,count
3,2773,1024 GB,1024.0,gb
3,2803,Wi-Fi 6E,,text
3,10437,Thunderbolt 4,,text
3,2770,true,1.0,boolean
3,2797,Windows 11 Home,,text
3,10438,New,,text
3,10439,Energy Star Certified,,text
3,2779,Backlit Keyboard,,text
3,2818,4.15 lb,4.15,lb
3,2802,Built-In Microphone,,text
8,10440,HP OmniBook X Flip,,text
1,10441,HP,,text
1,10442,OmniBook X Flip 2-in-1,2.0,in
1,10443,16 inches,16.0,in
1,10444,Eclipse Gray,,text
1,10445,1024 GB,1024.0,gb
1,10446,Core i7 Family,,text
1,10447,16 GB,16.0,gb
1,10448,Windows 11 Home,,text
1,10449,"Backlit Keyboard, HD Audio",,text
1,10450,Integrated,,text
1,10445,1024 GB,1024.0,gb
1,10449,"Backlit Keyboard, HD Audio",,text
1,10450,Integrated,,text
1,10450,Intel Arc Graphics 140V,,text
1,10451,SSD,,text
1,10450,Intel,,text
1,10449,Business,,text
1,10452,Yes,,text
1,10453,Convertible,,text
1,10451,SSD,,text
1,10454,Shared,,text
1,10455,"14.03""L x 9.66""W x 0.62""Th",,text
1,10451,None,,text
1,10456,"HDMI, Thunderbolt 4, USB-C with DisplayPort",,text
1,10457,1920 x 1200,,text
1,10457,1920 x 1200,,text
1,10458,LED,,text
1,10457,1920 x 1200,,text
1,10458,LED,,text
1,10459,true,1.0,boolean
1,10460,Wi-Fi,,text
1,10460,Wi-Fi,,text
1,10460,Wi-Fi 6,,text
1,10461,4,4.0,count
1,10462,6,6.0,count
1,10463,1,1.0,count
1,10464,Speakers,,text
1,10465,Core i7 Family,,text
1,10466,2 GHz,2.0,ghz
1,10467,8,8.0,count
1,10468,Intel,,text
1,10446,Intel Core Ultra 7 256V,,text
1,10465,13th Gen,,text
1,10469,2025,,text
1,10470,"65W AC Adapter, WWC 32GB USB Drive",,text
1,10441,HP,,text
1,10471,1.0 Count,1.0,count
1,10472,"#114,121 in Computers & Accessories ( See Top 100 in Computers & Accessories ) #20,653 in Traditional Laptop Computers",,text
1,10473,B0FCRTV9FB,,text
1,10447,16 GB,16.0,gb
1,10474,LPDDR5,,text
1,10475,8533 MHz,8533.0,mhz
1,10447,16 GB,16.0,gb
1,10475,8533.5 MHz,8533.5,mhz
1,10474,DDR5 SDRAM,,text
1,10476,Lithium Ion,,text
1,10477,6 hours,6.0,hr
1,10478,"Keyboard, Microphone, Touchscreen",,text
1,10478,Backlit,,text
4,10479,Air Fry,,text
4,10480,Air Fry,,text
4,10480,Bake,,text
2,10481,Air Fry,,text
2,10481,Bake,,text
2,10481,Roast,,text
2,10481,Reheat,,text
2,10482,Air Fry,,text
2,10482,Bake,,text
2,10482,Roast,,text
2,10482,Reheat,,text
2,10483,Air Fry,,text
2,10483,Roast,,text
2,10483,Reheat,,text
2,10483,Bake,,text
2,10484,Air Fry,,text
2,10484,Bake,,text
2,10484,Roast,,text
2,10484,Reheat,,text
2,10485,Air Fry,,text
2,10485,Roast,,text
2,10485,Reheat,,text
2,10485,Dehydrate,,text
2,10486,Air Fry,,text
2,10486,Roast,,text
2,10486,Reheat,,text
2,10486,Dehydrate,,text
2,10487,Air Fry,,text
2,10487,Roast,,text
2,10487,Reheat,,text
2,10487,Dehydrate,,text
2,10488,Air Fry,,text
2,10488,Roast,,text
2,10488,Reheat,,text
2,10488,Dehydrate,,text
2,10489,Air Fry,,text
2,10489,Roast,,text
2,10489,Reheat,,text
2,10489,Dehydrate,,text
2,10489,Bake,,text
2,10489,Broil,,text
2,10490,Air Fry,,text
2,10491,Air Fry,,text
2,10491,Bake,,text
2,10492,Air Fry,,text
2,10492,Bake,,text
2,10492,Roast,,text
2,10492,Reheat,,text
2,10493,Air Fry,,text
2,10493,Bake,,text
2,10493,Reheat,,text
2,10493,Roast,,text
2,10494,Air Fry,,text
2,10494,Roast,,text
2,10494,Reheat,,text
2,10494,Dehydrate,,text
2,10495,Air Fry,,text
4,10496,Air Fry,,text
4,10496,Bagel,,text
4,10496,Bake,,text
4,10496,Dehydrate,,text
4,10496,Broil,,text
4,10496,Pizza,,text
41,10497,Air Fry,,text
41,10497,Roast,,text
41,10497,Broil,,text
41,10497,Bake,,text
41,10497,Pizza,,text
41,10497,Toast,,text
41,10497,Bagel,,text
41,10497,Dehydrate,,text
4,10498,Air Fry,,text
4,10499,Air Fry,,text
4,10499,Roast,,text
4,10499,Bake,,text
4,10500,Bluetooth,,text
4,10500,Wi-Fi,,text
4,10501,Bluetooth,,text
4,10501,Wi-Fi,,text
3,10502,Bluetooth,,text
3,10502,Wi-Fi,,text
9,10500,Wi-Fi,,text
7,10500,Wi-Fi,,text
9,10501,Wi-Fi,,text
7,10501,Wi-Fi,,text
4,10503,Bluetooth,,text
4,10503,Wi-Fi,,text
9,10504,Wi-Fi,,text
1,10503,Bluetooth,,text
1,10503,Wi-Fi,,text
4,10505,Bluetooth,,text
4,10505,Wi-Fi,,text
3,10505,Wi-Fi,,text
4,10506,Bluetooth,,text
4,10506,Wi-Fi,,text
3,10506,Wi-Fi,,text
1,10506,Bluetooth,,text
1,10506,Wi-Fi,,text
4,10507,Bluetooth,,text
4,10507,Wi-Fi,,text
3,10507,Wi-Fi,,text
1,10507,Bluetooth,,text
1,10507,HDMI,,text
1,10507,USB,,text
1,10507,Wi-Fi,,text
4,10508,Bluetooth,,text
4,10508,Wi-Fi,,text
3,10508,Wi-Fi,,text
4,10509,Bluetooth,,text
4,10509,Wi-Fi,,text
4,10510,Bluetooth,,text
4,10510,Wi-Fi,,text
4,10511,Bluetooth,,text
4,10511,Wi-Fi,,text
1,10511,Bluetooth,,text
1,10511,Wi-Fi,,text
3,10511,Wi-Fi,,text
4,10512,Wi-Fi,,text
4,10513,Bluetooth,,text
4,10513,Wi-Fi,,text
4,10514,Bluetooth,,text
4,10514,Wi-Fi,,text
3,10514,Wi-Fi,,text
4,10515,Bluetooth,,text
4,10515,Wi-Fi,,text
4,10516,Bluetooth,,text
4,10516,Wi-Fi,,text
3,10515,Wi-Fi,,text
1,10516,Bluetooth,,text
1,10516,Wi-Fi,,text
4,10517,Wi-Fi,,text
4,10518,Wi-Fi,,text
4,10519,Bluetooth,,text
4,10519,Wi-Fi,,text
4,10520,Wi-Fi,,text
4,10521,Wi-Fi,,text
3,10521,Wi-Fi,,text
4,10522,Bluetooth,,text
4,10522,Wi-Fi,,text
4,10523,Wi-Fi,,text
4,10524,Bluetooth,,text
4,10524,Wi-Fi,,text
4,10525,Bluetooth,,text
4,10525,Wi-Fi,,text
3,10525,Wi-Fi,,text
4,10526,Wi-Fi,,text
4,10527,Bluetooth,,text
4,10527,Wi-Fi,,text
4,10528,Wi-Fi,,text
4,10529,Wi-Fi,,text
3,10529,Wi-Fi,,text
4,10530,Wi-Fi,,text
4,10531,Wi-Fi,,text
3,10531,Wi-Fi,,text
4,10532,Wi-Fi,,text
3,10532,Wi-Fi,,text
4,10533,Wi-Fi,,text
3,10533,Wi-Fi,,text
4,10534,Bluetooth,,text
4,10534,Wi-Fi,,text
3,10534,Wi-Fi,,text
1,10534,Bluetooth,,text
1,10534,HDMI,,text
1,10534,USB,,text
1,10534,Wi-Fi,,text
8,10534,Wi-Fi,,text
4,10535,Bluetooth,,text
4,10535,Wi-Fi,,text
4,10536,Wi-Fi,,text
2,10535,Bluetooth,,text
2,10535,Wi-Fi,,text
4,10537,Wi-Fi,,text
4,10538,Bluetooth,,text
4,10538,Wi-Fi,,text
4,10539,Wi-Fi,,text
1,10540,Bluetooth,,text
1,10540,Ethernet,,text
1,10540,Wi-Fi,,text
4,10541,Bluetooth,,text
4,10541,Wi-Fi,,text
17,10542,Wi-Fi,,text
4,10543,Bluetooth,,text
4,10543,Wi-Fi,,text
4,10544,Wi-Fi,,text
4,10545,Bluetooth,,text
4,10545,Wi-Fi,,text
7,10546,Wi-Fi,,text
4,10547,Bluetooth,,text
4,10547,Wi-Fi,,text
3,10547,Wi-Fi,,text
1,10548,Bluetooth,,text
1,10548,Ethernet,,text
1,10548,Wi-Fi,,text
4,10549,Bluetooth,,text
4,10549,Wi-Fi,,text
4,10550,Bluetooth,,text
4,10550,Wi-Fi,,text
1,10550,Bluetooth,,text
1,10550,Wi-Fi,,text
3,10550,Wi-Fi,,text
7,10550,Wi-Fi,,text
4,10551,Bluetooth,,text
4,10551,Wi-Fi,,text
2,10551,Bluetooth,,text
2,10551,HDMI,,text
3,10551,Wi-Fi,,text
7,10551,Wi-Fi,,text
4,10552,Bluetooth,,text
4,10552,Wi-Fi,,text
3,10552,Wi-Fi,,text
8,10552,HDMI,,text
8,10552,USB,,text
4,10553,Bluetooth,,text
4,10553,Wi-Fi,,text
3,10553,Wi-Fi,,text
1,10553,Bluetooth,,text
1,10553,Ethernet,,text
1,10553,USB,,text
1,10553,Wi-Fi,,text
4,10554,Bluetooth,,text
4,10554,Wi-Fi,,text
4,10555,Bluetooth,,text
4,10555,Wi-Fi,,text
4,10556,Bluetooth,,text
4,10556,Wi-Fi,,text
4,10557,Bluetooth,,text
4,10557,Wi-Fi,,text
4,10558,Bluetooth,,text
4,10559,Bluetooth,,text
4,10560,Bluetooth,,text
1,10561,Bluetooth,,text
1,10561,USB,,text
9,10560,Bluetooth,,text
9,10560,NFC,,text
4,10562,Bluetooth,,text
4,10563,Bluetooth,,text
4,10561,Bluetooth,,text
3,10561,Bluetooth,,text
4,10564,Bluetooth,,text
4,10565,Bluetooth,,text
4,10566,Bluetooth,,text
4,10567,Bluetooth,,text
3,10567,Bluetooth,,text
4,10568,Bluetooth,,text
9,10568,Bluetooth,,text
4,10569,Bluetooth,,text
4,10570,Bluetooth,,text
4,10571,Bluetooth,,text
4,10572,Bluetooth,,text
4,10573,Bluetooth,,text
4,10574,Bluetooth,,text
3,10574,Bluetooth,,text
9,10574,Bluetooth,,text
4,10575,Bluetooth,,text
4,10576,Bluetooth,,text
9,10575,Bluetooth,,text
4,10577,Bluetooth,,text
4,10578,Bluetooth,,text
4,10579,Bluetooth,,text
4,10580,Bluetooth,,text
4,10581,Bluetooth,,text
21,10582,Bluetooth,,text
4,10583,Bluetooth,,text
7,10504,Wi-Fi,,text
4,10584,Bluetooth,,text
9,10584,Bluetooth,,text
3,10536,Wi-Fi,,text
3,10558,Bluetooth,,text
3,10560,Bluetooth,,text
3,10585,Bluetooth,,text
3,10566,Bluetooth,,text
3,10573,Bluetooth,,text
3,10575,Bluetooth,,text
3,10579,Bluetooth,,text
4,10586,Bluetooth,,text
4,10586,Wi-Fi,,text
4,10587,Bluetooth,,text
4,10588,Bluetooth,,text
4,10589,Bluetooth,,text
4,10590,Bluetooth,,text
3,10591,Wi-Fi,,text
18,10592,Bluetooth,,text
18,10592,Wi-Fi,,text
18,10592,USB,,text
1,10537,Bluetooth,,text
1,10537,Ethernet,,text
1,10537,USB,,text
1,10537,Wi-Fi,,text
18,10593,Bluetooth,,text
2,10594,Bluetooth,,text
1,10568,Bluetooth,,text
40,10595,Wi-Fi,,text
44,10596,Wi-Fi,,text
40,10597,Wi-Fi,,text
1,10598,Bluetooth,,text
1,10598,Wi-Fi,,text
2,10504,Bluetooth,,text
2,10504,Wi-Fi,,text
2,10503,Bluetooth,,text
2,10503,Wi-Fi,,text
1,10599,Bluetooth,,text
1,10599,Ethernet,,text
1,10599,USB,,text
1,10599,Wi-Fi,,text
2,10600,Bluetooth,,text
2,10600,Wi-Fi,,text
2,10601,Bluetooth,,text
2,10601,Wi-Fi,,text
1,10602,Bluetooth,,text
1,10602,HDMI,,text
1,10602,USB,,text
1,10602,Wi-Fi,,text
1,10603,Bluetooth,,text
1,10603,Wi-Fi,,text
15,10604,Bluetooth,,text
15,10604,Wi-Fi,,text
7,10510,Bluetooth,,text
7,10510,Wi-Fi,,text
1,10605,Bluetooth,,text
1,10605,Wi-Fi,,text
2,10606,Bluetooth,,text
2,10606,Wi-Fi,,text
1,10607,HDMI,,text
1,10607,USB,,text
1,10607,Wi-Fi,,text
17,10608,Bluetooth,,text
17,10608,Wi-Fi,,text
1,10609,Wi-Fi,,text
2,10610,Wi-Fi,,text
7,10514,Bluetooth,,text
7,10514,Wi-Fi,,text
1,10611,Bluetooth,,text
1,10611,HDMI,,text
1,10611,USB,,text
1,10611,Wi-Fi,,text
1,10612,Wi-Fi,,text
1,10612,Bluetooth,,text
1,10613,Bluetooth,,text
1,10613,Wi-Fi,,text
1,10613,HDMI,,text
1,10613,USB,,text
1,10614,Wi-Fi,,text
2,10527,Bluetooth,,text
2,10527,Wi-Fi,,text
2,10615,Bluetooth,,text
2,10615,Wi-Fi,,text
1,10616,Bluetooth,,text
1,10616,HDMI,,text
1,10616,USB,,text
1,10616,Wi-Fi,,text
2,10617,Bluetooth,,text
1,10618,Bluetooth,,text
1,10618,HDMI,,text
1,10618,USB,,text
1,10618,Wi-Fi,,text
1,10619,Bluetooth,,text
1,10619,HDMI,,text
1,10619,USB,,text
1,10619,Wi-Fi,,text
18,10620,Bluetooth,,text
18,10620,Wi-Fi,,text
1,10621,Wi-Fi,,text
1,10622,Bluetooth,,text
1,10622,HDMI,,text
1,10622,USB,,text
1,10622,Wi-Fi,,text
3,10623,Wi-Fi,,text
1,10624,Bluetooth,,text
1,10624,Ethernet,,text
1,10624,HDMI,,text
1,10624,Thunderbolt,,text
1,10624,USB,,text
1,10624,Wi-Fi,,text
2,10624,Bluetooth,,text
2,10624,Wi-Fi,,text
1,10625,Bluetooth,,text
1,10625,HDMI,,text
1,10625,USB,,text
1,10625,Wi-Fi,,text
2,10626,Bluetooth,,text
2,10626,Wi-Fi,,text
1,10627,Bluetooth,,text
1,10627,Wi-Fi,,text
2,10628,Bluetooth,,text
2,10628,Wi-Fi,,text
3,10545,Wi-Fi,,text
1,10629,Wi-Fi,,text
