claim_id,product_id,attribute
1,195950852745,screen_size
2,195950852745,display_resolution
3,195950852745,touchscreen
4,195950852745,cpu_model
5,195950852745,storage_gb
6,195950852745,ram_gb
7,195950852745,gpu_model
8,195950852745,display_connectors
9,195950852745,battery_energy
10,195950852745,input_device_features
11,195950852745,brand
12,195950852745,model_number
13,195950852745,product_name
14,195950852745,color_finish
15,195950852745,release_year
16,195950852745,display_type
17,195950852745,cpu_brand
18,195950852745,cpu_cores
19,195950852745,ram_type
20,195950852745,ram_speed
21,195950852745,gpu_type
22,195950852745,gpu_brand
23,195950852745,operating_system
24,195950852745,usb_ports
25,195950852745,wireless_connectivity
26,195950852745,camera
27,195950852745,height
28,195950852745,width
29,195950852745,depth
30,195950852745,weight_lb
31,195950852745,energy_star_certified
32,195950852745,epeat
33,195950852745,warranty_parts
34,195950852745,warranty_labor
35,195950852745,gtin
36,195950853216,screen_size
37,195950853216,display_resolution
38,195950853216,touchscreen
39,195950853216,cpu_model
40,195950853216,storage_gb
41,195950853216,ram_gb
42,195950853216,gpu_model
43,195950853216,display_connectors
44,195950853216,battery_energy
45,195950853216,input_device_features
46,195950853216,brand
47,195950853216,model_number
48,195950853216,product_name
49,195950853216,color_finish
50,195950853216,release_year
51,195950853216,display_type
52,195950853216,cpu_brand
53,195950853216,cpu_cores
54,195950853216,ram_type
55,195950853216,ram_speed
56,195950853216,gpu_type
57,195950853216,gpu_brand
58,195950853216,operating_system
59,195950853216,usb_ports
60,195950853216,wireless_connectivity
61,195950853216,camera
62,195950853216,height
63,195950853216,width
64,195950853216,depth
65,195950853216,weight_lb
66,195950853216,energy_star_certified
67,195950853216,epeat
68,195950853216,warranty_parts
69,195950853216,warranty_labor
70,195950853216,gtin
71,195950850864,weight_lb
72,195950850864,cpu_cores
73,195950850864,storage_gb
74,195950850864,warranty
75,195950850864,cpu_clock_speed
76,195950850864,usb_ports
77,195950850864,cpu_model
78,195950850864,features
79,195950850864,input_device_features
80,195950850864,certifications
81,195950850864,condition
82,195950850864,camera_resolution
83,195950850864,battery_energy
84,195950850864,storage_type
85,195950850864,included_accessories
86,195950850864,display_resolution
87,195950850864,ram_gb
88,195950850864,connector_type
89,195950850864,microphone
90,195950850864,ram_type
91,195950850864,wireless_connectivity
92,195950850864,gpu_model
93,195950850864,screen_size
94,195950850864,dimensions
95,195950850864,cpu_series
96,195950850864,aspect_ratio
97,195950850864,operating_system
98,195950850864,display_type
99,195950850864,touchscreen
100,195950850864,ai_features
101,195950850864,model_name
102,195950852745,screen_brightness
103,195950852745,aspect_ratio
104,195950852745,storage_type
105,195950852745,connector_type
106,195950852745,bluetooth_version
107,195950852745,battery_type
108,195950852745,power_supply
109,195950852745,input_power
110,195950852745,operating_conditions
111,195950852745,certifications
112,195950852745,dimensions
113,195950852745,platform
114,195950852745,series
115,195950852745,gpu_memory
116,195950852745,audio_features
117,195950852745,microphone
118,195950852745,mouse_type
119,195950852745,battery_life_hr
120,195950852745,temperature_operating
121,195950852745,temperature_non_operating
122,195950852745,sku
123,195950853216,screen_brightness
124,195950853216,storage_type
125,195950853216,connector_type
126,195950853216,bluetooth_version
127,195950853216,battery_type
128,195950853216,power_supply
129,195950853216,input_power
130,195950853216,dimensions
131,195950853216,operating_conditions
132,195950853216,certifications
133,195950853216,material
134,195950853216,npu
135,195950853216,camera_resolution
136,195950853216,audio_features
137,195950853216,microphone
138,195950853216,mouse_type
139,195950853216,battery_life_hr
140,195950853216,temperature_operating
141,195950853216,temperature_non_operating
142,195950853216,sku
143,195950697087,screen_size
144,195950697087,display_resolution
145,195950697087,touchscreen
146,195950697087,cpu_model
147,195950697087,storage_gb
148,195950697087,ram_gb
149,195950697087,gpu_model
150,195950697087,display_connectors
151,195950697087,battery_energy
152,195950697087,input_device_features
153,195950697087,brand
154,195950697087,model_number
155,195950697087,product_name
156,195950697087,color_finish
157,195950697087,release_year
158,195950697087,cpu_brand
159,195950697087,cpu_cores
160,195950697087,ram_type
161,195950697087,gpu_type
162,195950697087,gpu_brand
163,195950697087,operating_system
164,195950697087,display_thunderbolt_ports
165,195950697087,camera
166,195950697087,height
167,195950697087,width
168,195950697087,depth
169,195950697087,weight_lb
170,195950697087,energy_star_certified
171,195950697087,epeat
172,195950697087,warranty_parts
173,195950697087,warranty_labor
174,195950697087,gtin
175,198828898210,display_type
176,198828898210,screen_size
177,198828898210,display_resolution
178,198828898210,touchscreen
179,198828898210,screen_brightness
180,198828898210,cpu_model
181,198828898210,storage_gb
182,198828898210,ram_gb
183,198828898210,gpu_model
184,198828898210,display_connectors
185,198828898210,battery_energy
186,198828898210,form_factor
187,198828898210,input_device_features
188,198828898210,brand
189,198828898210,model_number
190,198828898210,product_name
191,198828898210,color_finish
192,198828898210,release_year
193,198828898210,color_gamut
194,198828898210,cpu_brand
195,198828898210,cpu_clock_speed
196,198828898210,cpu_cores
197,198828898210,cpu_cache
198,198828898210,storage_type
199,198828898210,ram_type
200,198828898210,ram_speed
201,198828898210,gpu_type
202,198828898210,gpu_brand
203,198828898210,operating_system
204,198828898210,hdmi_ports
205,198828898210,usb_ports
206,198828898210,headphone_jack
207,198828898210,microphone
208,198828898210,wireless_connectivity
209,198828898210,wifi_standard
210,198828898210,ethernet_ports
211,198828898210,cooling_system
212,198828898210,power_supply
213,198828898210,camera
214,198828898210,camera_resolution
215,198828898210,card_reader
216,198828898210,audio_features
217,198828898210,security_features
218,198828898210,height
219,198828898210,width
220,198828898210,depth
221,198828898210,weight_lb
222,198828898210,energy_star_certified
223,198828898210,epeat
224,198828898210,software_app
225,198828898210,warranty_parts
226,198828898210,warranty_labor
227,198828898210,gtin
228,195950697087,screen_brightness
229,195950697087,storage_type
230,195950697087,ports_io
231,195950697087,wireless_connectivity
232,195950697087,bluetooth_version
233,195950697087,battery_type
234,195950697087,power_supply
235,195950697087,dimensions
236,195950697087,security_features
237,195950697087,certifications
238,198828898210,refresh_rate
239,198828898210,ports_io
240,198828898210,dimensions
241,198828898210,memory_slots
242,199251266874,display_type
243,199251266874,screen_size
244,199251266874,display_resolution
245,199251266874,touchscreen
246,199251266874,refresh_rate
247,199251266874,screen_brightness
248,199251266874,cpu_model
249,199251266874,storage_gb
250,199251266874,ram_gb
251,199251266874,gpu_model
252,199251266874,display_connectors
253,199251266874,battery_energy
254,199251266874,form_factor
255,199251266874,input_device_features
256,199251266874,brand
257,199251266874,model_number
258,199251266874,product_name
259,199251266874,color_finish
260,199251266874,release_year
261,199251266874,display_surface
262,199251266874,color_gamut
263,199251266874,cpu_brand
264,199251266874,cpu_clock_speed
265,199251266874,cpu_cores
266,199251266874,cpu_cache
267,199251266874,npu
268,199251266874,storage_type
269,199251266874,ram_type
270,199251266874,ram_speed
271,199251266874,gpu_type
272,199251266874,gpu_brand
273,199251266874,gpu_memory
274,199251266874,operating_system
275,199251266874,hdmi_ports
276,199251266874,display_thunderbolt_ports
277,199251266874,vga_ports
278,199251266874,usb_ports
279,199251266874,headphone_jack
280,199251266874,microphone
281,199251266874,wireless_connectivity
282,199251266874,wifi_standard
283,199251266874,ethernet_ports
284,199251266874,power_supply
285,199251266874,camera
286,199251266874,camera_resolution
287,199251266874,card_reader
288,199251266874,audio_features
289,199251266874,ai_features
290,199251266874,material
291,199251266874,height
292,199251266874,width
293,199251266874,depth
294,199251266874,weight_lb
295,199251266874,energy_star_certified
296,199251266874,epeat
297,199251266874,software_app
298,199251266874,warranty_parts
299,199251266874,warranty_labor
300,199251266874,gtin
301,199251266874,aspect_ratio
302,199251266874,included_accessories
303,199251266874,model_name
304,199251266874,features
305,199251266874,connector_type
306,199251266874,dimensions
307,199251266874,warranty
308,199251266874,certifications
309,199251266874,condition
310,199251266874,cpu_series
311,198990291222,screen_size
312,198990291222,display_resolution
313,198990291222,touchscreen
314,198990291222,screen_brightness
315,198990291222,cpu_model
316,198990291222,storage_gb
317,198990291222,ram_gb
318,198990291222,gpu_model
319,198990291222,display_connectors
320,198990291222,battery_energy
321,198990291222,form_factor
322,198990291222,input_device_features
323,198990291222,brand
324,198990291222,model_number
325,198990291222,product_name
326,198990291222,color_finish
327,198990291222,release_year
328,198990291222,display_type
329,198990291222,display_surface
330,198990291222,color_gamut
331,198990291222,cpu_brand
332,198990291222,cpu_clock_speed
333,198990291222,cpu_cores
334,198990291222,cpu_cache
335,198990291222,ram_type
336,198990291222,ram_speed
337,198990291222,gpu_type
338,198990291222,gpu_brand
339,198990291222,operating_system
340,198990291222,hdmi_ports
341,198990291222,usb_ports
342,198990291222,headphone_jack
343,198990291222,microphone
344,198990291222,wireless_connectivity
345,198990291222,wifi_standard
346,198990291222,ethernet_ports
347,198990291222,cooling_system
348,198990291222,power_supply
349,198990291222,camera
350,198990291222,camera_resolution
351,198990291222,card_reader
352,198990291222,audio_features
353,198990291222,height
354,198990291222,width
355,198990291222,depth
356,198990291222,weight_lb
357,198990291222,energy_star_certified
358,198990291222,epeat
359,198990291222,software_app
360,198990291222,storage_type
361,198990291222,warranty_parts
362,198990291222,warranty_labor
363,198990291222,gtin
364,198990291222,aspect_ratio
365,198990291222,connector_type
366,198990291222,cpu_series
367,198990291222,warranty
368,198990291222,features
369,198990291222,dimensions
370,198990291222,condition
371,198990291222,certifications
372,198990291222,battery_cells
373,198990291222,package_weight
374,199485172644,display_type
375,199485172644,screen_size
376,199485172644,display_resolution
377,199485172644,touchscreen
378,199485172644,screen_brightness
379,199485172644,cpu_model
380,199485172644,storage_gb
381,199485172644,ram_gb
382,199485172644,gpu_model
383,199485172644,display_connectors
384,199485172644,battery_energy
385,199485172644,input_device_features
386,199485172644,brand
387,199485172644,model_number
388,199485172644,product_name
389,199485172644,color_finish
390,199485172644,release_year
391,199485172644,display_surface
392,199485172644,color_gamut
393,199485172644,cpu_brand
394,199485172644,cpu_clock_speed
395,199485172644,cpu_cores
396,199485172644,cpu_cache
397,199485172644,npu
398,199485172644,storage_type
399,199485172644,ram_type
400,199485172644,ram_speed
401,199485172644,gpu_type
402,199485172644,gpu_brand
403,199485172644,operating_system
404,199485172644,hdmi_ports
405,199485172644,display_thunderbolt_ports
406,199485172644,usb_ports
407,199485172644,headphone_jack
408,199485172644,microphone
409,199485172644,wireless_connectivity
410,199485172644,wifi_standard
411,199485172644,ethernet_ports
412,199485172644,power_supply
413,199485172644,camera
414,199485172644,camera_resolution
415,199485172644,card_reader
416,199485172644,audio_features
417,199485172644,ai_features
418,199485172644,security_features
419,199485172644,height
420,199485172644,width
421,199485172644,depth
422,199485172644,weight_lb
423,199485172644,energy_star_certified
424,199485172644,epeat
425,199485172644,software_app
426,199485172644,warranty_parts
427,199485172644,warranty_labor
428,199485172644,gtin
429,199485172644,aspect_ratio
430,199485172644,cpu_series
431,199485172644,dimensions
432,199485172644,warranty
433,199485172644,features
434,199485172644,connector_type
435,199485172644,condition
436,199485172644,certifications
437,199485172644,model_name
438,199485172644,refresh_rate
439,199485172644,number_of_ports
440,199485172644,certification_id
441,198156688347,display_type
442,198156688347,screen_size
443,198156688347,display_resolution
444,198156688347,touchscreen
445,198156688347,refresh_rate
446,198156688347,screen_brightness
447,198156688347,cpu_model
448,198156688347,cpu_base_clock_frequency
449,198156688347,storage_gb
450,198156688347,ram_gb
451,198156688347,gpu_model
452,198156688347,display_connectors
453,198156688347,battery_energy
454,198156688347,form_factor
455,198156688347,input_device_features
456,198156688347,brand
457,198156688347,model_number
458,198156688347,product_name
459,198156688347,color_finish
460,198156688347,release_year
461,198156688347,color_gamut
462,198156688347,cpu_brand
463,198156688347,cpu_cores
464,198156688347,cpu_threads
465,198156688347,npu
466,198156688347,ram_type
467,198156688347,ram_speed
468,198156688347,gpu_type
469,198156688347,gpu_brand
470,198156688347,operating_system
471,198156688347,hdmi_ports
472,198156688347,usb_ports
473,198156688347,headphone_jack
474,198156688347,microphone
475,198156688347,wireless_connectivity
476,198156688347,wifi_standard
477,198156688347,ethernet_ports
478,198156688347,power_supply
479,198156688347,m2_slots
480,198156688347,camera
481,198156688347,camera_resolution
482,198156688347,gps_enabled
483,198156688347,card_reader
484,198156688347,customizable_case_lighting
485,198156688347,audio_features
486,198156688347,chrome_features
487,198156688347,ai_features
488,198156688347,security_features
489,198156688347,material
490,198156688347,height
491,198156688347,width
492,198156688347,depth
493,198156688347,weight_lb
494,198156688347,energy_star_certified
495,198156688347,epeat
496,198156688347,storage_type
497,198156688347,warranty_parts
498,198156688347,warranty_labor
499,198156688347,gtin
500,198156688347,aspect_ratio
501,198156688347,cpu_clock_speed
502,198156688347,cpu_series
503,198156688347,dimensions
504,198156688347,warranty
505,198156688347,features
506,198156688347,connector_type
507,198156688347,condition
508,198156688347,certifications
509,884116483182,display_type
510,884116483182,screen_size
511,884116483182,display_resolution
512,884116483182,touchscreen
513,884116483182,refresh_rate
514,884116483182,screen_brightness
515,884116483182,cpu_model
516,884116483182,cpu_base_clock_frequency
517,884116483182,storage_gb
518,884116483182,ram_gb
519,884116483182,gpu_model
520,884116483182,display_connectors
521,884116483182,battery_energy
522,884116483182,form_factor
523,884116483182,input_device_features
524,884116483182,brand
525,884116483182,model_number
526,884116483182,product_name
527,884116483182,color_finish
528,884116483182,release_year
529,884116483182,synchronization_technology
530,884116483182,cpu_brand
531,884116483182,cpu_clock_speed
532,884116483182,cpu_cores
533,884116483182,cpu_cache
534,884116483182,npu
535,884116483182,storage_type
536,884116483182,ram_type
537,884116483182,ram_speed
538,884116483182,gpu_type
539,884116483182,gpu_brand
540,884116483182,operating_system
541,884116483182,operating_system_architecture
542,884116483182,hdmi_ports
543,884116483182,display_thunderbolt_ports
544,884116483182,external_display_support
545,884116483182,usb_ports
546,884116483182,usb_c_ports
547,884116483182,headphone_jack
548,884116483182,microphone
549,884116483182,wireless_connectivity
550,884116483182,wifi_standard
551,884116483182,ethernet_ports
552,884116483182,cooling_system
553,884116483182,input_power
554,884116483182,power_supply
555,884116483182,m2_slots
556,884116483182,camera
557,884116483182,camera_megapixels
558,884116483182,camera_resolution
559,884116483182,gps_enabled
560,884116483182,card_reader
561,884116483182,customizable_case_lighting
562,884116483182,audio_features
563,884116483182,ai_features
564,884116483182,security_features
565,884116483182,height
566,884116483182,width
567,884116483182,depth
568,884116483182,weight_lb
569,884116483182,energy_star_certified
570,884116483182,epeat
571,884116483182,software_app
572,884116483182,warranty_parts
573,884116483182,warranty_labor
574,884116483182,gtin
575,884116430322,display_type
576,884116430322,screen_size
577,884116430322,display_resolution
578,884116430322,touchscreen
579,884116430322,refresh_rate
580,884116430322,screen_brightness
581,884116430322,cpu_model
582,884116430322,cpu_base_clock_frequency
583,884116430322,storage_gb
584,884116430322,ram_gb
585,884116430322,gpu_model
586,884116430322,display_connectors
587,884116430322,battery_energy
588,884116430322,form_factor
589,884116430322,input_device_features
590,884116430322,brand
591,884116430322,model_number
592,884116430322,product_name
593,884116430322,color_finish
594,884116430322,release_year
595,884116430322,synchronization_technology
596,884116430322,display_surface
597,884116430322,color_gamut
598,884116430322,cpu_brand
599,884116430322,cpu_clock_speed
600,884116430322,cpu_cores
601,884116430322,cpu_threads
602,884116430322,cpu_cache
603,884116430322,npu
604,884116430322,storage_type
605,884116430322,ram_type
606,884116430322,ram_speed
607,884116430322,memory_slots
608,884116430322,system_memory_ram_expandable_to
609,884116430322,gpu_type
610,884116430322,gpu_brand
611,884116430322,operating_system
612,884116430322,operating_system_architecture
613,884116430322,hdmi_ports
614,884116430322,usb_ports
615,884116430322,headphone_jack
616,884116430322,microphone
617,884116430322,wireless_connectivity
618,884116430322,wifi_standard
619,884116430322,ethernet_ports
620,884116430322,cooling_system
621,884116430322,input_power
622,884116430322,power_supply
623,884116430322,m2_slots
624,884116430322,camera
625,884116430322,camera_megapixels
626,884116430322,camera_resolution
627,884116430322,gps_enabled
628,884116430322,card_reader
629,884116430322,audio_features
630,884116430322,ai_features
631,884116430322,security_features
632,884116430322,height
633,884116430322,width
634,884116430322,depth
635,884116430322,weight_lb
636,884116430322,energy_star_certified
637,884116430322,epeat
638,884116430322,software_app
639,884116430322,warranty_parts
640,884116430322,warranty_labor
641,884116430322,gtin
642,884116483144,cpu_model
643,884116483144,ram_gb
644,884116483144,product_style
645,884116483144,operating_system
646,884116483144,cpu_cores
647,884116483144,energy_consumption
648,884116483144,ethernet_ports
649,884116483144,touchscreen
650,884116483144,energy_star_certified
651,884116483144,date_available
652,884116483144,date_certified
653,884116483144,features
654,884116483144,certification_id
655,884116483144,gtin
656,884116742180,cpu_model
657,884116742180,ram_gb
658,884116742180,product_style
659,884116742180,operating_system
660,884116742180,cpu_cores
661,884116742180,energy_consumption
662,884116742180,ethernet_ports
663,884116742180,touchscreen
664,884116742180,energy_star_certified
665,884116742180,date_available
666,884116742180,date_certified
667,884116742180,features
668,884116742180,certification_id
669,884116742180,gtin
670,884116742180,model_number
671,622356621083,included_accessories
672,622356621083,form_factor
673,622356621083,care_cleaning
674,622356621083,certifications
675,622356621083,weight_lb
676,622356621083,capacity_qt
677,622356621083,warranty
678,622356621083,appliance_type
679,622356621083,wattage
680,622356621083,dimensions
681,622356621083,material
682,622356621083,gtin
683,622356621083,max_temperature
684,622356621083,features
685,622356621083,controls
686,622356621083,power_source
687,622356621083,color_finish
688,622356621083,door_features
689,622356621083,model_name
690,622356621083,model_number
691,622356621083,environmental_compliance
692,622356621083,appliance_features
693,622356621083,temperature_range
694,787416689172,material
695,787416689172,holds_up_to
696,787416689172,wattage
697,787416689172,product_name
698,787416689172,capacity_qt
699,787416689172,condition
700,787416689172,weight_lb
701,787416689172,color_finish
702,787416689172,security_features
703,787416689172,care_cleaning
704,787416689172,model_number
705,787416689172,warranty
706,787416689172,features
707,787416689172,dimensions
708,787416689172,appliance_type
709,787416689172,gtin
710,787416689172,max_temperature
711,787416689172,voltage
712,787416689172,controller_type
713,787416689172,nonstick_coating
714,787416689172,appliance_features
715,787416689172,model_name
716,857561008637,wattage
717,857561008637,weight_lb
718,857561008637,holds_up_to
719,857561008637,dimensions
720,857561008637,care_cleaning
721,857561008637,warranty
722,857561008637,appliance_type
723,857561008637,material
724,857561008637,capacity_qt
725,857561008637,gtin
726,857561008637,max_temperature
727,857561008637,voltage
728,857561008637,controls
729,857561008637,min_temperature
730,857561008637,appliance_features
731,857561008637,nonstick_coating
732,857561008637,model_number
733,857561008637,brand
734,857561008637,product_style
735,857561008637,package_quantity
736,857561008637,product_name
737,857561008637,color_finish
738,857561008637,height
739,857561008637,width
740,857561008637,depth
741,857561008637,environmental_compliance
742,857561008637,certifications
743,857561008637,warranty_parts
744,857561008637,warranty_labor
745,810123673490,wattage
746,810123673490,capacity_qt
747,810123673490,holds_up_to
748,810123673490,material
749,810123673490,warranty
750,810123673490,weight_lb
751,810123673490,dimensions
752,810123673490,care_cleaning
753,810123673490,gtin
754,44387192552,care_cleaning
755,44387192552,operation_mode
756,44387192552,preset_beverage_settings
757,44387192552,grinder
758,44387192552,pump_pressure
759,44387192552,brand
760,44387192552,model_number
761,44387192552,product_name
762,44387192552,color_finish
763,44387192552,height
764,44387192552,width
765,44387192552,depth
766,44387192552,weight_lb
767,44387192552,environmental_compliance
768,44387192552,compatibility
769,44387192552,coffee_machine_features
770,44387192552,water_tank_capacity
771,44387192552,double_cup
772,44387192552,coffee_input_type
773,44387192552,controls
774,44387192552,appliance_features
775,44387192552,milk_frothing
776,44387192552,voltage
777,44387192552,wattage
778,44387192552,certifications
779,44387192552,warranty_parts
780,44387192552,warranty_labor
781,44387192552,gtin
782,810123673490,max_temperature
783,810123673490,min_temperature
784,810123673490,voltage
785,810123673490,controls
786,810123673490,nonstick_coating
787,810123673490,model_name
788,810123673490,model_number
789,810123673490,release_year
790,810123673490,features
791,810123673490,appliance_features
792,810123673490,noise_level
793,44387192552,bean_hopper_capacity
794,44387192552,dimensions
795,44387192552,included_accessories
796,44387290432,care_cleaning
797,44387290432,operation_mode
798,44387290432,preset_beverage_settings
799,44387290432,grinder
800,44387290432,pump_pressure
801,44387290432,brand
802,44387290432,model_number
803,44387290432,product_name
804,44387290432,color_finish
805,44387290432,height
806,44387290432,width
807,44387290432,depth
808,44387290432,weight_lb
809,44387290432,material
810,44387290432,environmental_compliance
811,44387290432,appliance_features
812,44387290432,compatibility
813,44387290432,bean_hopper_capacity
814,44387290432,coffee_machine_features
815,44387290432,water_tank_capacity
816,44387290432,double_cup
817,44387290432,coffee_input_type
818,44387290432,controls
819,44387290432,milk_frothing
820,44387290432,voltage
821,44387290432,wattage
822,44387290432,certifications
823,44387290432,warranty_parts
824,44387290432,warranty_labor
825,44387290432,gtin
826,21614803269,care_cleaning
827,21614803269,operation_mode
828,21614803269,grinder
829,21614803269,pump_pressure
830,21614803269,brand
831,21614803269,model_number
832,21614803269,product_name
833,21614803269,color_finish
834,21614803269,height
835,21614803269,width
836,21614803269,depth
837,21614803269,weight_lb
838,21614803269,material
839,21614803269,environmental_compliance
840,21614803269,appliance_features
841,21614803269,compatibility
842,21614803269,coffee_machine_features
843,21614803269,water_tank_capacity
844,21614803269,double_cup
845,21614803269,coffee_input_type
846,21614803269,controls
847,21614803269,milk_frothing
848,21614803269,voltage
849,21614803269,wattage
850,21614803269,certifications
851,21614803269,warranty_parts
852,21614803269,warranty_labor
853,21614803269,gtin
854,44387290432,dimensions
855,44387290432,included_accessories
856,21614803269,model_name
857,21614803269,dimensions
858,21614803269,input_device_features
859,21614803269,features
860,21614803269,warranty
861,21614803269,included_accessories
862,21614803269,output_power
863,21614803269,form_factor
864,21614803269,capacity_generic
865,21614055514,care_cleaning
866,21614055514,operation_mode
867,21614055514,grinder
868,21614055514,pump_pressure
869,21614055514,brand
870,21614055514,model_number
871,21614055514,product_name
872,21614055514,color_finish
873,21614055514,height
874,21614055514,width
875,21614055514,depth
876,21614055514,weight_lb
877,21614055514,material
878,21614055514,environmental_compliance
879,21614055514,appliance_features
880,21614055514,compatibility
881,21614055514,bean_hopper_capacity
882,21614055514,coffee_machine_features
883,21614055514,water_tank_capacity
884,21614055514,double_cup
885,21614055514,controls
886,21614055514,milk_frothing
887,21614055514,voltage
888,21614055514,wattage
889,21614055514,certifications
890,21614055514,warranty_parts
891,21614055514,warranty_labor
892,21614055514,gtin
893,21614055514,dimensions
894,21614055514,coffee_input_type
895,21614055514,included_accessories
896,21614055514,features
897,21614055514,form_factor
898,21614055514,output_power
899,21614055514,warranty
900,21614055514,capacity_generic
901,197192458518,screen_size
902,197192458518,display_resolution
903,197192458518,touchscreen
904,197192458518,screen_brightness
905,197192458518,cpu_model
906,197192458518,cpu_base_clock_frequency
907,197192458518,storage_gb
908,197192458518,ram_gb
909,197192458518,gpu_model
910,197192458518,display_connectors
911,197192458518,battery_energy
912,197192458518,form_factor
913,197192458518,input_device_features
914,197192458518,brand
915,197192458518,model_number
916,197192458518,product_name
917,197192458518,color_finish
918,197192458518,release_year
919,197192458518,display_type
920,197192458518,color_gamut
921,197192458518,cpu_brand
922,197192458518,cpu_clock_speed
923,197192458518,cpu_cores
924,197192458518,unlocked_processor
925,197192458518,cpu_cache
926,197192458518,npu
927,197192458518,ram_type
928,197192458518,ram_speed
929,197192458518,memory_slots
930,197192458518,gpu_type
931,197192458518,gpu_brand
932,197192458518,operating_system
933,197192458518,voice_assistant
934,197192458518,compatibility
935,197192458518,hdmi_ports
936,197192458518,display_thunderbolt_ports
937,197192458518,vga_ports
938,197192458518,usb_ports
939,197192458518,headphone_jack
940,197192458518,microphone
941,197192458518,wireless_connectivity
942,197192458518,wifi_standard
943,197192458518,ethernet_ports
944,197192458518,power_supply
945,197192458518,camera
946,197192458518,camera_resolution
947,197192458518,gps_enabled
948,197192458518,card_reader
949,197192458518,audio_features
950,197192458518,chrome_features
951,197192458518,security_features
952,197192458518,height
953,197192458518,width
954,197192458518,depth
955,197192458518,weight_lb
956,197192458518,energy_star_certified
957,197192458518,epeat
958,197192458518,storage_type
959,197192458518,warranty_parts
960,197192458518,warranty_labor
961,197192458518,gtin
962,197192458518,ports_io
963,197192458518,dimensions
964,197192458518,battery_capacity
965,197192458518,aspect_ratio
966,197192458518,cpu_series
967,197192458518,warranty
968,197192458518,features
969,197192458518,connector_type
970,197192458518,condition
971,197192458518,certifications
972,199485472645,screen_size
973,199485472645,display_resolution
974,199485472645,touchscreen
975,199485472645,refresh_rate
976,199485472645,cpu_model
977,199485472645,storage_gb
978,199485472645,ram_gb
979,199485472645,gpu_model
980,199485472645,display_connectors
981,199485472645,battery_energy
982,199485472645,input_device_features
983,199485472645,brand
984,199485472645,product_name
985,199485472645,color_finish
986,199485472645,release_year
987,199485472645,cpu_brand
988,199485472645,ram_type
989,199485472645,ram_speed
990,199485472645,memory_slots
991,199485472645,gpu_type
992,199485472645,gpu_brand
993,199485472645,operating_system
994,199485472645,hdmi_ports
995,199485472645,display_thunderbolt_ports
996,199485472645,vga_ports
997,199485472645,usb_ports
998,199485472645,headphone_jack
999,199485472645,microphone
1000,199485472645,wireless_connectivity
1001,199485472645,wifi_standard
1002,199485472645,ethernet_ports
1003,199485472645,camera
1004,199485472645,height
1005,199485472645,width
1006,199485472645,depth
1007,199485472645,weight_lb
1008,199485472645,energy_star_certified
1009,199485472645,warranty_parts
1010,199485472645,warranty_labor
1011,199485472645,gtin
1012,198153128372,screen_size
1013,198153128372,display_resolution
1014,198153128372,touchscreen
1015,198153128372,refresh_rate
1016,198153128372,screen_brightness
1017,198153128372,cpu_model
1018,198153128372,storage_gb
1019,198153128372,ram_gb
1020,198153128372,gpu_model
1021,198153128372,display_connectors
1022,198153128372,battery_energy
1023,198153128372,form_factor
1024,198153128372,input_device_features
1025,198153128372,brand
1026,198153128372,model_number
1027,198153128372,product_name
1028,198153128372,color_finish
1029,198153128372,release_year
1030,198153128372,display_type
1031,198153128372,color_gamut
1032,198153128372,cpu_brand
1033,198153128372,cpu_cores
1034,198153128372,npu
1035,198153128372,ram_type
1036,198153128372,gpu_type
1037,198153128372,gpu_brand
1038,198153128372,operating_system
1039,198153128372,compatibility
1040,198153128372,hdmi_ports
1041,198153128372,display_thunderbolt_ports
1042,198153128372,vga_ports
1043,198153128372,external_display_support
1044,198153128372,usb_ports
1045,198153128372,headphone_jack
1046,198153128372,microphone
1047,198153128372,wireless_connectivity
1048,198153128372,wifi_standard
1049,198153128372,ethernet_ports
1050,198153128372,camera
1051,198153128372,gps_enabled
1052,198153128372,card_reader
1053,198153128372,customizable_case_lighting
1054,198153128372,audio_features
1055,198153128372,ai_features
1056,198153128372,security_features
1057,198153128372,material
1058,198153128372,height
1059,198153128372,width
1060,198153128372,depth
1061,198153128372,weight_lb
1062,198153128372,energy_star_certified
1063,198153128372,epeat
1064,198153128372,software_app
1065,198153128372,storage_type
1066,198153128372,warranty_parts
1067,198153128372,warranty_labor
1068,198153128372,gtin
1069,199271336601,screen_size
1070,199271336601,display_resolution
1071,199271336601,touchscreen
1072,199271336601,screen_brightness
1073,199271336601,cpu_model
1074,199271336601,cpu_base_clock_frequency
1075,199271336601,storage_gb
1076,199271336601,ram_gb
1077,199271336601,gpu_model
1078,199271336601,display_connectors
1079,199271336601,battery_energy
1080,199271336601,form_factor
1081,199271336601,input_device_features
1082,199271336601,brand
1083,199271336601,model_number
1084,199271336601,product_name
1085,199271336601,color_finish
1086,199271336601,release_year
1087,199271336601,display_type
1088,199271336601,display_surface
1089,199271336601,cpu_brand
1090,199271336601,cpu_clock_speed
1091,199271336601,cpu_cores
1092,199271336601,cpu_threads
1093,199271336601,unlocked_processor
1094,199271336601,cpu_cache
1095,199271336601,npu
1096,199271336601,ram_type
1097,199271336601,ram_speed
1098,199271336601,memory_slots
1099,199271336601,gpu_type
1100,199271336601,gpu_brand
1101,199271336601,operating_system
1102,199271336601,hdmi_ports
1103,199271336601,display_thunderbolt_ports
1104,199271336601,vga_ports
1105,199271336601,usb_ports
1106,199271336601,headphone_jack
1107,199271336601,microphone
1108,199271336601,wireless_connectivity
1109,199271336601,wifi_standard
1110,199271336601,ethernet_ports
1111,199271336601,power_supply
1112,199271336601,camera
1113,199271336601,camera_resolution
1114,199271336601,card_reader
1115,199271336601,customizable_case_lighting
1116,199271336601,audio_features
1117,199271336601,ai_features
1118,199271336601,security_features
1119,199271336601,material
1120,199271336601,height
1121,199271336601,width
1122,199271336601,depth
1123,199271336601,weight_lb
1124,199271336601,energy_star_certified
1125,199271336601,epeat
1126,199271336601,software_app
1127,199271336601,storage_type
1128,199271336601,warranty_parts
1129,199271336601,warranty_labor
1130,199271336601,gtin
1131,198153128372,battery_type
1132,198153128372,product_height_inches
1133,198153128372,product_width_inches
1134,198153128372,product_depth_inches
1135,199271336601,aspect_ratio
1136,199271336601,dimensions
1137,199271336601,connector_type
1138,199271336601,warranty
1139,199271336601,features
1140,199271336601,cpu_series
1141,199271336601,condition
1142,199271336601,certifications
1143,196803504613,display_type
1144,196803504613,screen_size
1145,196803504613,display_resolution
1146,196803504613,touchscreen
1147,196803504613,refresh_rate
1148,196803504613,screen_brightness
1149,196803504613,cpu_model
1150,196803504613,cpu_base_clock_frequency
1151,196803504613,storage_gb
1152,196803504613,ram_gb
1153,196803504613,gpu_model
1154,196803504613,display_connectors
1155,196803504613,battery_energy
1156,196803504613,form_factor
1157,196803504613,input_device_features
1158,196803504613,brand
1159,196803504613,model_number
1160,196803504613,product_name
1161,196803504613,color_finish
1162,196803504613,release_year
1163,196803504613,color_gamut
1164,196803504613,cpu_brand
1165,196803504613,cpu_clock_speed
1166,196803504613,cpu_cores
1167,196803504613,npu
1168,196803504613,ram_type
1169,196803504613,ram_speed
1170,196803504613,memory_slots
1171,196803504613,gpu_type
1172,196803504613,gpu_brand
1173,196803504613,operating_system
1174,196803504613,operating_system_architecture
1175,196803504613,voice_assistant
1176,196803504613,compatibility
1177,196803504613,hdmi_ports
1178,196803504613,display_thunderbolt_ports
1179,196803504613,vga_ports
1180,196803504613,external_display_support
1181,196803504613,usb_ports
1182,196803504613,usb_a_ports
1183,196803504613,usb_c_ports
1184,196803504613,headphone_jack
1185,196803504613,microphone
1186,196803504613,wireless_connectivity
1187,196803504613,wifi_standard
1188,196803504613,ethernet_ports
1189,196803504613,cooling_system
1190,196803504613,input_power
1191,196803504613,power_supply
1192,196803504613,camera
1193,196803504613,camera_resolution
1194,196803504613,gps_enabled
1195,196803504613,card_reader
1196,196803504613,customizable_case_lighting
1197,196803504613,audio_features
1198,196803504613,chrome_features
1199,196803504613,ai_features
1200,196803504613,security_features
1201,196803504613,material
1202,196803504613,height
1203,196803504613,width
1204,196803504613,depth
1205,196803504613,weight_lb
1206,196803504613,energy_star_certified
1207,196803504613,epeat
1208,196803504613,storage_type
1209,196803504613,warranty_parts
1210,196803504613,warranty_labor
1211,196803504613,gtin
1212,198153907472,display_type
1213,198153907472,screen_size
1214,198153907472,display_resolution
1215,198153907472,touchscreen
1216,198153907472,refresh_rate
1217,198153907472,screen_brightness
1218,198153907472,cpu_model
1219,198153907472,storage_gb
1220,198153907472,ram_gb
1221,198153907472,gpu_model
1222,198153907472,display_connectors
1223,198153907472,battery_energy
1224,198153907472,form_factor
1225,198153907472,input_device_features
1226,198153907472,brand
1227,198153907472,model_number
1228,198153907472,product_name
1229,198153907472,color_finish
1230,198153907472,release_year
1231,198153907472,color_gamut
1232,198153907472,cpu_brand
1233,198153907472,cpu_cores
1234,198153907472,npu
1235,198153907472,ram_type
1236,198153907472,ram_speed
1237,198153907472,memory_slots
1238,198153907472,gpu_type
1239,198153907472,gpu_brand
1240,198153907472,operating_system
1241,198153907472,compatibility
1242,198153907472,hdmi_ports
1243,198153907472,display_thunderbolt_ports
1244,198153907472,vga_ports
1245,198153907472,external_display_support
1246,198153907472,usb_ports
1247,198153907472,headphone_jack
1248,198153907472,microphone
1249,198153907472,wireless_connectivity
1250,198153907472,wifi_standard
1251,198153907472,ethernet_ports
1252,198153907472,input_power
1253,198153907472,power_supply
1254,198153907472,camera
1255,198153907472,camera_megapixels
1256,198153907472,gps_enabled
1257,198153907472,card_reader
1258,198153907472,customizable_case_lighting
1259,198153907472,audio_features
1260,198153907472,chrome_features
1261,198153907472,ai_features
1262,198153907472,security_features
1263,198153907472,material
1264,198153907472,height
1265,198153907472,width
1266,198153907472,depth
1267,198153907472,weight_lb
1268,198153907472,energy_star_certified
1269,198153907472,epeat
1270,198153907472,storage_type
1271,198153907472,warranty_parts
1272,198153907472,warranty_labor
1273,198153907472,gtin
1274,196803504613,product_style
1275,196803504613,energy_consumption
1276,196803504613,date_available
1277,196803504613,date_certified
1278,196803504613,features
1279,196803504613,certification_id
1280,196803504613,aspect_ratio
1281,196803504613,dimensions
1282,196803504613,cpu_series
1283,196803504613,warranty
1284,196803504613,connector_type
1285,196803504613,condition
1286,196803504613,certifications
1287,198153907472,dimensions
1288,198153907472,camera_resolution
1289,198153907472,ports_io
1290,198153907472,cpu_clock_speed
1291,198153907472,battery_type
1292,198153907472,product_height_inches
1293,198153907472,product_width_inches
1294,198153907472,product_depth_inches
1295,198153907472,battery_cells
1296,884116742180,screen_size
1297,884116742180,display_resolution
1298,884116742180,storage_gb
1299,884116742180,gpu_model
1300,884116742180,display_connectors
1301,884116742180,battery_energy
1302,884116742180,input_device_features
1303,884116742180,brand
1304,884116742180,product_name
1305,884116742180,color_finish
1306,884116742180,release_year
1307,884116742180,cpu_brand
1308,884116742180,ram_type
1309,884116742180,gpu_type
1310,884116742180,gpu_brand
1311,884116742180,hdmi_ports
1312,884116742180,camera
1313,884116742180,height
1314,884116742180,width
1315,884116742180,depth
1316,884116742180,weight_lb
1317,884116742180,warranty_parts
1318,884116742180,warranty_labor
1319,810215808472,screen_size
1320,810215808472,display_resolution
1321,810215808472,touchscreen
1322,810215808472,refresh_rate
1323,810215808472,cpu_model
1324,810215808472,storage_gb
1325,810215808472,ram_gb
1326,810215808472,gpu_model
1327,810215808472,display_connectors
1328,810215808472,battery_energy
1329,810215808472,input_device_features
1330,810215808472,brand
1331,810215808472,product_name
1332,810215808472,color_finish
1333,810215808472,release_year
1334,810215808472,cpu_brand
1335,810215808472,ram_type
1336,810215808472,ram_speed
1337,810215808472,memory_slots
1338,810215808472,gpu_type
1339,810215808472,gpu_brand
1340,810215808472,operating_system
1341,810215808472,hdmi_ports
1342,810215808472,display_thunderbolt_ports
1343,810215808472,vga_ports
1344,810215808472,usb_ports
1345,810215808472,headphone_jack
1346,810215808472,microphone
1347,810215808472,wireless_connectivity
1348,810215808472,wifi_standard
1349,810215808472,ethernet_ports
1350,810215808472,camera
1351,810215808472,height
1352,810215808472,width
1353,810215808472,depth
1354,810215808472,weight_lb
1355,810215808472,energy_star_certified
1356,810215808472,warranty_parts
1357,810215808472,warranty_labor
1358,810215808472,gtin
1359,884116000068,screen_size
1360,884116000068,display_resolution
1361,884116000068,touchscreen
1362,884116000068,cpu_model
1363,884116000068,cpu_base_clock_frequency
1364,884116000068,storage_gb
1365,884116000068,ram_gb
1366,884116000068,gpu_model
1367,884116000068,display_connectors
1368,884116000068,battery_energy
1369,884116000068,input_device_features
1370,884116000068,brand
1371,884116000068,product_name
1372,884116000068,color_finish
1373,884116000068,release_year
1374,884116000068,cpu_brand
1375,884116000068,cpu_cores
1376,884116000068,ram_type
1377,884116000068,gpu_type
1378,884116000068,gpu_brand
1379,884116000068,operating_system
1380,884116000068,usb_ports
1381,884116000068,usb_a_ports
1382,884116000068,usb_c_ports
1383,884116000068,camera
1384,884116000068,height
1385,884116000068,width
1386,884116000068,depth
1387,884116000068,weight_lb
1388,884116000068,energy_star_certified
1389,884116000068,warranty_parts
1390,884116000068,warranty_labor
1391,884116000068,gtin
1392,810215807758,screen_size
1393,810215807758,display_resolution
1394,810215807758,touchscreen
1395,810215807758,refresh_rate
1396,810215807758,cpu_model
1397,810215807758,storage_gb
1398,810215807758,ram_gb
1399,810215807758,gpu_model
1400,810215807758,display_connectors
1401,810215807758,battery_energy
1402,810215807758,input_device_features
1403,810215807758,brand
1404,810215807758,product_name
1405,810215807758,color_finish
1406,810215807758,release_year
1407,810215807758,cpu_brand
1408,810215807758,ram_type
1409,810215807758,ram_speed
1410,810215807758,memory_slots
1411,810215807758,gpu_type
1412,810215807758,gpu_brand
1413,810215807758,operating_system
1414,810215807758,hdmi_ports
1415,810215807758,display_thunderbolt_ports
1416,810215807758,vga_ports
1417,810215807758,usb_ports
1418,810215807758,headphone_jack
1419,810215807758,microphone
1420,810215807758,wireless_connectivity
1421,810215807758,wifi_standard
1422,810215807758,ethernet_ports
1423,810215807758,camera
1424,810215807758,height
1425,810215807758,width
1426,810215807758,depth
1427,810215807758,weight_lb
1428,810215807758,energy_star_certified
1429,810215807758,warranty_parts
1430,810215807758,warranty_labor
1431,810215807758,gtin
1432,810210912518,display_type
1433,810210912518,screen_size
1434,810210912518,display_resolution
1435,810210912518,touchscreen
1436,810210912518,screen_brightness
1437,810210912518,cpu_model
1438,810210912518,cpu_base_clock_frequency
1439,810210912518,storage_gb
1440,810210912518,ram_gb
1441,810210912518,gpu_model
1442,810210912518,display_connectors
1443,810210912518,battery_energy
1444,810210912518,form_factor
1445,810210912518,input_device_features
1446,810210912518,brand
1447,810210912518,product_name
1448,810210912518,color_finish
1449,810210912518,release_year
1450,810210912518,cpu_brand
1451,810210912518,cpu_clock_speed
1452,810210912518,cpu_cores
1453,810210912518,cpu_threads
1454,810210912518,cpu_cache
1455,810210912518,storage_type
1456,810210912518,ram_type
1457,810210912518,gpu_type
1458,810210912518,gpu_brand
1459,810210912518,gpu_boost_clock_frequency
1460,810210912518,gpu_cores
1461,810210912518,operating_system
1462,810210912518,operating_system_architecture
1463,810210912518,hdmi_ports
1464,810210912518,external_display_support
1465,810210912518,usb_ports
1466,810210912518,headphone_jack
1467,810210912518,microphone
1468,810210912518,wireless_connectivity
1469,810210912518,wifi_standard
1470,810210912518,power_supply
1471,810210912518,camera
1472,810210912518,camera_resolution
1473,810210912518,card_reader
1474,810210912518,audio_features
1475,810210912518,ai_features
1476,810210912518,height
1477,810210912518,width
1478,810210912518,depth
1479,810210912518,weight_lb
1480,810210912518,energy_star_certified
1481,810210912518,epeat
1482,810210912518,warranty_parts
1483,810210912518,warranty_labor
1484,810210912518,gtin
1485,884116636861,screen_size
1486,884116636861,display_resolution
1487,884116636861,touchscreen
1488,884116636861,cpu_model
1489,884116636861,cpu_base_clock_frequency
1490,884116636861,storage_gb
1491,884116636861,ram_gb
1492,884116636861,gpu_model
1493,884116636861,display_connectors
1494,884116636861,battery_energy
1495,884116636861,input_device_features
1496,884116636861,brand
1497,884116636861,model_number
1498,884116636861,product_name
1499,884116636861,color_finish
1500,884116636861,release_year
1501,884116636861,cpu_brand
1502,884116636861,cpu_cores
1503,884116636861,ram_type
1504,884116636861,gpu_type
1505,884116636861,gpu_brand
1506,884116636861,operating_system
1507,884116636861,usb_ports
1508,884116636861,usb_a_ports
1509,884116636861,usb_c_ports
1510,884116636861,wireless_connectivity
1511,884116636861,wifi_standard
1512,884116636861,camera
1513,884116636861,height
1514,884116636861,width
1515,884116636861,depth
1516,884116636861,weight_lb
1517,884116636861,energy_star_certified
1518,884116636861,warranty_parts
1519,884116636861,warranty_labor
1520,884116636861,gtin
1521,810215808519,screen_size
1522,810215808519,display_resolution
1523,810215808519,touchscreen
1524,810215808519,refresh_rate
1525,810215808519,cpu_model
1526,810215808519,storage_gb
1527,810215808519,ram_gb
1528,810215808519,gpu_model
1529,810215808519,display_connectors
1530,810215808519,battery_energy
1531,810215808519,input_device_features
1532,810215808519,brand
1533,810215808519,product_name
1534,810215808519,color_finish
1535,810215808519,release_year
1536,810215808519,cpu_brand
1537,810215808519,ram_type
1538,810215808519,ram_speed
1539,810215808519,memory_slots
1540,810215808519,gpu_type
1541,810215808519,gpu_brand
1542,810215808519,operating_system
1543,810215808519,hdmi_ports
1544,810215808519,display_thunderbolt_ports
1545,810215808519,vga_ports
1546,810215808519,usb_ports
1547,810215808519,headphone_jack
1548,810215808519,microphone
1549,810215808519,wireless_connectivity
1550,810215808519,wifi_standard
1551,810215808519,ethernet_ports
1552,810215808519,camera
1553,810215808519,height
1554,810215808519,width
1555,810215808519,depth
1556,810215808519,weight_lb
1557,810215808519,energy_star_certified
1558,810215808519,warranty_parts
1559,810215808519,warranty_labor
1560,810215808519,gtin
1561,810215808519,cpu_clock_speed
1562,810215808519,aspect_ratio
1563,810215808519,cpu_series
1564,810215808519,storage_type
1565,810215808519,cpu_cores
1566,810215808519,dimensions
1567,810215808519,warranty
1568,810215808519,connector_type
1569,810215808519,features
1570,810215808519,certifications
1571,810215808519,condition
1572,810210911870,display_type
1573,810210911870,screen_size
1574,810210911870,display_resolution
1575,810210911870,touchscreen
1576,810210911870,screen_brightness
1577,810210911870,cpu_model
1578,810210911870,storage_gb
1579,810210911870,ram_gb
1580,810210911870,gpu_model
1581,810210911870,display_connectors
1582,810210911870,battery_energy
1583,810210911870,form_factor
1584,810210911870,input_device_features
1585,810210911870,brand
1586,810210911870,product_name
1587,810210911870,color_finish
1588,810210911870,release_year
1589,810210911870,display_surface
1590,810210911870,color_gamut
1591,810210911870,cpu_brand
1592,810210911870,cpu_cores
1593,810210911870,cpu_threads
1594,810210911870,ram_type
1595,810210911870,gpu_type
1596,810210911870,gpu_brand
1597,810210911870,operating_system
1598,810210911870,headphone_jack
1599,810210911870,microphone
1600,810210911870,wireless_connectivity
1601,810210911870,wifi_standard
1602,810210911870,camera
1603,810210911870,camera_resolution
1604,810210911870,ai_features
1605,810210911870,height
1606,810210911870,width
1607,810210911870,depth
1608,810210911870,weight_lb
1609,810210911870,energy_star_certified
1610,810210911870,warranty_parts
1611,810210911870,warranty_labor
1612,810210911870,gtin
1613,884116681274,screen_size
1614,884116681274,display_resolution
1615,884116681274,touchscreen
1616,884116681274,cpu_model
1617,884116681274,cpu_base_clock_frequency
1618,884116681274,storage_gb
1619,884116681274,ram_gb
1620,884116681274,gpu_model
1621,884116681274,display_connectors
1622,884116681274,battery_energy
1623,884116681274,input_device_features
1624,884116681274,brand
1625,884116681274,model_number
1626,884116681274,product_name
1627,884116681274,color_finish
1628,884116681274,release_year
1629,884116681274,cpu_brand
1630,884116681274,cpu_cores
1631,884116681274,ram_type
1632,884116681274,gpu_type
1633,884116681274,gpu_brand
1634,884116681274,operating_system
1635,884116681274,usb_ports
1636,884116681274,usb_a_ports
1637,884116681274,usb_c_ports
1638,884116681274,camera
1639,884116681274,height
1640,884116681274,width
1641,884116681274,depth
1642,884116681274,weight_lb
1643,884116681274,energy_star_certified
1644,884116681274,warranty_parts
1645,884116681274,warranty_labor
1646,884116681274,gtin
1647,810215808441,screen_size
1648,810215808441,display_resolution
1649,810215808441,touchscreen
1650,810215808441,refresh_rate
1651,810215808441,cpu_model
1652,810215808441,storage_gb
1653,810215808441,ram_gb
1654,810215808441,gpu_model
1655,810215808441,display_connectors
1656,810215808441,battery_energy
1657,810215808441,input_device_features
1658,810215808441,brand
1659,810215808441,product_name
1660,810215808441,color_finish
1661,810215808441,release_year
1662,810215808441,cpu_brand
1663,810215808441,ram_type
1664,810215808441,ram_speed
1665,810215808441,memory_slots
1666,810215808441,gpu_type
1667,810215808441,gpu_brand
1668,810215808441,operating_system
1669,810215808441,hdmi_ports
1670,810215808441,display_thunderbolt_ports
1671,810215808441,vga_ports
1672,810215808441,usb_ports
1673,810215808441,headphone_jack
1674,810215808441,microphone
1675,810215808441,wireless_connectivity
1676,810215808441,wifi_standard
1677,810215808441,ethernet_ports
1678,810215808441,camera
1679,810215808441,height
1680,810215808441,width
1681,810215808441,depth
1682,810215808441,weight_lb
1683,810215808441,energy_star_certified
1684,810215808441,warranty_parts
1685,810215808441,warranty_labor
1686,810215808441,gtin
1687,884116483144,display_type
1688,884116483144,screen_size
1689,884116483144,display_resolution
1690,884116483144,refresh_rate
1691,884116483144,screen_brightness
1692,884116483144,cpu_base_clock_frequency
1693,884116483144,storage_gb
1694,884116483144,gpu_model
1695,884116483144,display_connectors
1696,884116483144,battery_energy
1697,884116483144,form_factor
1698,884116483144,input_device_features
1699,884116483144,brand
1700,884116483144,model_number
1701,884116483144,product_name
1702,884116483144,color_finish
1703,884116483144,release_year
1704,884116483144,synchronization_technology
1705,884116483144,cpu_brand
1706,884116483144,cpu_clock_speed
1707,884116483144,cpu_cache
1708,884116483144,npu
1709,884116483144,storage_type
1710,884116483144,ram_type
1711,884116483144,ram_speed
1712,884116483144,gpu_type
1713,884116483144,gpu_brand
1714,884116483144,gpu_boost_clock_frequency
1715,884116483144,gpu_memory_clock
1716,884116483144,gpu_cores
1717,884116483144,operating_system_architecture
1718,884116483144,hdmi_ports
1719,884116483144,vga_ports
1720,884116483144,usb_ports
1721,884116483144,usb_c_ports
1722,884116483144,headphone_jack
1723,884116483144,microphone
1724,884116483144,wireless_connectivity
1725,884116483144,wifi_standard
1726,884116483144,cooling_system
1727,884116483144,power_supply
1728,884116483144,camera
1729,884116483144,gps_enabled
1730,884116483144,card_reader
1731,884116483144,customizable_case_lighting
1732,884116483144,audio_features
1733,884116483144,ai_features
1734,884116483144,height
1735,884116483144,width
1736,884116483144,depth
1737,884116483144,weight_lb
1738,884116483144,epeat
1739,884116483144,software_app
1740,884116483144,warranty_parts
1741,884116483144,warranty_labor
1742,884116483144,sku
1743,884116483144,platform
1744,884116483144,cpu_series
1745,884116483144,camera_resolution
1746,884116483144,bluetooth_version
1747,884116483144,display_thunderbolt_ports
1748,884116483144,security_features
1749,884116483144,battery_type
1750,884116483144,certifications
1751,884116483144,dimensions
1752,884116430315,display_type
1753,884116430315,screen_size
1754,884116430315,display_resolution
1755,884116430315,touchscreen
1756,884116430315,refresh_rate
1757,884116430315,screen_brightness
1758,884116430315,cpu_model
1759,884116430315,cpu_base_clock_frequency
1760,884116430315,storage_gb
1761,884116430315,ram_gb
1762,884116430315,gpu_model
1763,884116430315,display_connectors
1764,884116430315,battery_energy
1765,884116430315,form_factor
1766,884116430315,input_device_features
1767,884116430315,brand
1768,884116430315,model_number
1769,884116430315,product_name
1770,884116430315,color_finish
1771,884116430315,release_year
1772,884116430315,synchronization_technology
1773,884116430315,display_surface
1774,884116430315,color_gamut
1775,884116430315,cpu_brand
1776,884116430315,cpu_clock_speed
1777,884116430315,cpu_cores
1778,884116430315,cpu_threads
1779,884116430315,cpu_cache
1780,884116430315,npu
1781,884116430315,storage_type
1782,884116430315,ram_type
1783,884116430315,ram_speed
1784,884116430315,memory_slots
1785,884116430315,system_memory_ram_expandable_to
1786,884116430315,gpu_type
1787,884116430315,gpu_brand
1788,884116430315,operating_system
1789,884116430315,operating_system_architecture
1790,884116430315,hdmi_ports
1791,884116430315,usb_ports
1792,884116430315,headphone_jack
1793,884116430315,microphone
1794,884116430315,wireless_connectivity
1795,884116430315,wifi_standard
1796,884116430315,ethernet_ports
1797,884116430315,cooling_system
1798,884116430315,input_power
1799,884116430315,power_supply
1800,884116430315,camera
1801,884116430315,camera_megapixels
1802,884116430315,camera_resolution
1803,884116430315,gps_enabled
1804,884116430315,card_reader
1805,884116430315,audio_features
1806,884116430315,ai_features
1807,884116430315,security_features
1808,884116430315,height
1809,884116430315,width
1810,884116430315,depth
1811,884116430315,weight_lb
1812,884116430315,energy_star_certified
1813,884116430315,epeat
1814,884116430315,software_app
1815,884116430315,warranty_parts
1816,884116430315,warranty_labor
1817,884116430315,gtin
1818,884116430315,aspect_ratio
1819,884116430315,cpu_series
1820,884116430315,connector_type
1821,884116430315,dimensions
1822,884116430315,warranty
1823,884116430315,features
1824,884116430315,condition
1825,884116430315,certifications
1826,427138861509,screen_size
1827,427138861509,display_resolution
1828,427138861509,touchscreen
1829,427138861509,refresh_rate
1830,427138861509,cpu_model
1831,427138861509,storage_gb
1832,427138861509,ram_gb
1833,427138861509,gpu_model
1834,427138861509,display_connectors
1835,427138861509,battery_energy
1836,427138861509,input_device_features
1837,427138861509,brand
1838,427138861509,product_name
1839,427138861509,color_finish
1840,427138861509,release_year
1841,427138861509,cpu_brand
1842,427138861509,ram_type
1843,427138861509,ram_speed
1844,427138861509,memory_slots
1845,427138861509,gpu_type
1846,427138861509,gpu_brand
1847,427138861509,operating_system
1848,427138861509,hdmi_ports
1849,427138861509,display_thunderbolt_ports
1850,427138861509,vga_ports
1851,427138861509,usb_ports
1852,427138861509,headphone_jack
1853,427138861509,microphone
1854,427138861509,wireless_connectivity
1855,427138861509,wifi_standard
1856,427138861509,camera
1857,427138861509,height
1858,427138861509,width
1859,427138861509,depth
1860,427138861509,weight_lb
1861,427138861509,energy_star_certified
1862,427138861509,warranty_parts
1863,427138861509,warranty_labor
1864,427138861509,gtin
1865,198415330239,display_type
1866,198415330239,screen_size
1867,198415330239,display_resolution
1868,198415330239,touchscreen
1869,198415330239,screen_brightness
1870,198415330239,cpu_model
1871,198415330239,storage_gb
1872,198415330239,ram_gb
1873,198415330239,gpu_model
1874,198415330239,display_connectors
1875,198415330239,battery_energy
1876,198415330239,form_factor
1877,198415330239,input_device_features
1878,198415330239,brand
1879,198415330239,model_number
1880,198415330239,product_name
1881,198415330239,color_finish
1882,198415330239,release_year
1883,198415330239,color_gamut
1884,198415330239,cpu_brand
1885,198415330239,cpu_clock_speed
1886,198415330239,cpu_cores
1887,198415330239,unlocked_processor
1888,198415330239,cpu_cache
1889,198415330239,npu
1890,198415330239,ram_type
1891,198415330239,ram_speed
1892,198415330239,gpu_type
1893,198415330239,gpu_brand
1894,198415330239,operating_system
1895,198415330239,voice_assistant
1896,198415330239,display_thunderbolt_ports
1897,198415330239,vga_ports
1898,198415330239,external_display_support
1899,198415330239,usb_ports
1900,198415330239,headphone_jack
1901,198415330239,microphone
1902,198415330239,wireless_connectivity
1903,198415330239,wifi_standard
1904,198415330239,ethernet_ports
1905,198415330239,power_supply
1906,198415330239,camera
1907,198415330239,camera_resolution
1908,198415330239,gps_enabled
1909,198415330239,card_reader
1910,198415330239,audio_features
1911,198415330239,ai_features
1912,198415330239,security_features
1913,198415330239,height
1914,198415330239,width
1915,198415330239,depth
1916,198415330239,weight_lb
1917,198415330239,energy_star_certified
1918,198415330239,epeat
1919,198415330239,storage_type
1920,198415330239,warranty_parts
1921,198415330239,warranty_labor
1922,198415330239,gtin
1923,427138848098,screen_size
1924,427138848098,display_resolution
1925,427138848098,touchscreen
1926,427138848098,refresh_rate
1927,427138848098,cpu_model
1928,427138848098,storage_gb
1929,427138848098,ram_gb
1930,427138848098,gpu_model
1931,427138848098,display_connectors
1932,427138848098,battery_energy
1933,427138848098,input_device_features
1934,427138848098,brand
1935,427138848098,product_name
1936,427138848098,color_finish
1937,427138848098,release_year
1938,427138848098,cpu_brand
1939,427138848098,ram_type
1940,427138848098,ram_speed
1941,427138848098,memory_slots
1942,427138848098,gpu_type
1943,427138848098,gpu_brand
1944,427138848098,operating_system
1945,427138848098,hdmi_ports
1946,427138848098,display_thunderbolt_ports
1947,427138848098,vga_ports
1948,427138848098,usb_ports
1949,427138848098,headphone_jack
1950,427138848098,microphone
1951,427138848098,wireless_connectivity
1952,427138848098,wifi_standard
1953,427138848098,ethernet_ports
1954,427138848098,camera
1955,427138848098,height
1956,427138848098,width
1957,427138848098,depth
1958,427138848098,weight_lb
1959,427138848098,energy_star_certified
1960,427138848098,warranty_parts
1961,427138848098,warranty_labor
1962,427138848098,gtin
1963,196188696316,screen_size
1964,196188696316,display_resolution
1965,196188696316,touchscreen
1966,196188696316,cpu_model
1967,196188696316,storage_gb
1968,196188696316,ram_gb
1969,196188696316,gpu_model
1970,196188696316,display_connectors
1971,196188696316,battery_energy
1972,196188696316,input_device_features
1973,196188696316,brand
1974,196188696316,model_number
1975,196188696316,product_name
1976,196188696316,color_finish
1977,196188696316,release_year
1978,196188696316,cpu_brand
1979,196188696316,cpu_clock_speed
1980,196188696316,cpu_cores
1981,196188696316,ram_type
1982,196188696316,gpu_type
1983,196188696316,gpu_brand
1984,196188696316,operating_system
1985,196188696316,usb_ports
1986,196188696316,usb_a_ports
1987,196188696316,usb_c_ports
1988,196188696316,camera
1989,196188696316,height
1990,196188696316,width
1991,196188696316,depth
1992,196188696316,weight_lb
1993,196188696316,energy_star_certified
1994,196188696316,warranty_parts
1995,196188696316,warranty_labor
1996,196188696316,gtin
1997,810215804047,screen_size
1998,810215804047,display_resolution
1999,810215804047,touchscreen
2000,810215804047,refresh_rate
2001,810215804047,cpu_model
2002,810215804047,storage_gb
2003,810215804047,ram_gb
2004,810215804047,gpu_model
2005,810215804047,display_connectors
2006,810215804047,battery_energy
2007,810215804047,input_device_features
2008,810215804047,brand
2009,810215804047,model_number
2010,810215804047,product_name
2011,810215804047,color_finish
2012,810215804047,release_year
2013,810215804047,cpu_brand
2014,810215804047,ram_type
2015,810215804047,ram_speed
2016,810215804047,memory_slots
2017,810215804047,gpu_type
2018,810215804047,gpu_brand
2019,810215804047,operating_system
2020,810215804047,hdmi_ports
2021,810215804047,display_thunderbolt_ports
2022,810215804047,vga_ports
2023,810215804047,usb_ports
2024,810215804047,headphone_jack
2025,810215804047,microphone
2026,810215804047,wireless_connectivity
2027,810215804047,wifi_standard
2028,810215804047,ethernet_ports
2029,810215804047,camera
2030,810215804047,height
2031,810215804047,width
2032,810215804047,depth
2033,810215804047,weight_lb
2034,810215804047,energy_star_certified
2035,810215804047,warranty_parts
2036,810215804047,warranty_labor
2037,810215804047,gtin
2038,810215804047,aspect_ratio
2039,810215804047,storage_type
2040,810215804047,dimensions
2041,810215804047,cpu_cores
2042,810215804047,cpu_clock_speed
2043,810215804047,cpu_series
2044,810215804047,warranty
2045,810215804047,features
2046,810215804047,connector_type
2047,810215804047,certifications
2048,810215804047,condition
2049,427138861547,screen_size
2050,427138861547,display_resolution
2051,427138861547,touchscreen
2052,427138861547,refresh_rate
2053,427138861547,cpu_model
2054,427138861547,storage_gb
2055,427138861547,ram_gb
2056,427138861547,gpu_model
2057,427138861547,display_connectors
2058,427138861547,battery_energy
2059,427138861547,input_device_features
2060,427138861547,brand
2061,427138861547,product_name
2062,427138861547,color_finish
2063,427138861547,release_year
2064,427138861547,cpu_brand
2065,427138861547,ram_type
2066,427138861547,ram_speed
2067,427138861547,memory_slots
2068,427138861547,gpu_type
2069,427138861547,gpu_brand
2070,427138861547,operating_system
2071,427138861547,hdmi_ports
2072,427138861547,display_thunderbolt_ports
2073,427138861547,vga_ports
2074,427138861547,usb_ports
2075,427138861547,headphone_jack
2076,427138861547,microphone
2077,427138861547,wireless_connectivity
2078,427138861547,wifi_standard
2079,427138861547,camera
2080,427138861547,height
2081,427138861547,width
2082,427138861547,depth
2083,427138861547,weight_lb
2084,427138861547,energy_star_certified
2085,427138861547,warranty_parts
2086,427138861547,warranty_labor
2087,427138861547,gtin
2088,810215805037,screen_size
2089,810215805037,display_resolution
2090,810215805037,touchscreen
2091,810215805037,refresh_rate
2092,810215805037,cpu_model
2093,810215805037,storage_gb
2094,810215805037,ram_gb
2095,810215805037,gpu_model
2096,810215805037,display_connectors
2097,810215805037,battery_energy
2098,810215805037,input_device_features
2099,810215805037,brand
2100,810215805037,model_number
2101,810215805037,product_name
2102,810215805037,color_finish
2103,810215805037,release_year
2104,810215805037,cpu_brand
2105,810215805037,ram_type
2106,810215805037,ram_speed
2107,810215805037,memory_slots
2108,810215805037,gpu_type
2109,810215805037,gpu_brand
2110,810215805037,operating_system
2111,810215805037,hdmi_ports
2112,810215805037,display_thunderbolt_ports
2113,810215805037,vga_ports
2114,810215805037,usb_ports
2115,810215805037,headphone_jack
2116,810215805037,microphone
2117,810215805037,wireless_connectivity
2118,810215805037,wifi_standard
2119,810215805037,ethernet_ports
2120,810215805037,camera
2121,810215805037,height
2122,810215805037,width
2123,810215805037,depth
2124,810215805037,weight_lb
2125,810215805037,energy_star_certified
2126,810215805037,warranty_parts
2127,810215805037,warranty_labor
2128,810215805037,gtin
2129,810215805037,aspect_ratio
2130,810215805037,storage_type
2131,810215805037,cpu_cores
2132,810215805037,warranty
2133,810215805037,cpu_clock_speed
2134,810215805037,features
2135,810215805037,connector_type
2136,810215805037,certifications
2137,810215805037,dimensions
2138,810215805037,condition
2139,810215805037,cpu_series
2140,810215802661,screen_size
2141,810215802661,display_resolution
2142,810215802661,touchscreen
2143,810215802661,refresh_rate
2144,810215802661,cpu_model
2145,810215802661,storage_gb
2146,810215802661,ram_gb
2147,810215802661,gpu_model
2148,810215802661,display_connectors
2149,810215802661,battery_energy
2150,810215802661,input_device_features
2151,810215802661,brand
2152,810215802661,product_name
2153,810215802661,color_finish
2154,810215802661,release_year
2155,810215802661,cpu_brand
2156,810215802661,ram_type
2157,810215802661,ram_speed
2158,810215802661,memory_slots
2159,810215802661,gpu_type
2160,810215802661,gpu_brand
2161,810215802661,operating_system
2162,810215802661,hdmi_ports
2163,810215802661,display_thunderbolt_ports
2164,810215802661,vga_ports
2165,810215802661,usb_ports
2166,810215802661,headphone_jack
2167,810215802661,microphone
2168,810215802661,wireless_connectivity
2169,810215802661,wifi_standard
2170,810215802661,ethernet_ports
2171,810215802661,camera
2172,810215802661,height
2173,810215802661,width
2174,810215802661,depth
2175,810215802661,weight_lb
2176,810215802661,energy_star_certified
2177,810215802661,warranty_parts
2178,810215802661,warranty_labor
2179,810215802661,gtin
2180,810215802661,aspect_ratio
2181,810215802661,storage_type
2182,810215802661,cpu_series
2183,810215802661,cpu_cores
2184,810215802661,cpu_clock_speed
2185,810215802661,warranty
2186,810215802661,features
2187,810215802661,certifications
2188,810215802661,condition
2189,810215802661,connector_type
2190,810215802661,dimensions
2191,810215806645,screen_size
2192,810215806645,display_resolution
2193,810215806645,touchscreen
2194,810215806645,refresh_rate
2195,810215806645,cpu_model
2196,810215806645,storage_gb
2197,810215806645,ram_gb
2198,810215806645,gpu_model
2199,810215806645,display_connectors
2200,810215806645,battery_energy
2201,810215806645,input_device_features
2202,810215806645,brand
2203,810215806645,product_name
2204,810215806645,color_finish
2205,810215806645,release_year
2206,810215806645,cpu_brand
2207,810215806645,ram_type
2208,810215806645,ram_speed
2209,810215806645,memory_slots
2210,810215806645,gpu_type
2211,810215806645,gpu_brand
2212,810215806645,operating_system
2213,810215806645,hdmi_ports
2214,810215806645,display_thunderbolt_ports
2215,810215806645,vga_ports
2216,810215806645,usb_ports
2217,810215806645,headphone_jack
2218,810215806645,microphone
2219,810215806645,wireless_connectivity
2220,810215806645,wifi_standard
2221,810215806645,ethernet_ports
2222,810215806645,camera
2223,810215806645,height
2224,810215806645,width
2225,810215806645,depth
2226,810215806645,weight_lb
2227,810215806645,energy_star_certified
2228,810215806645,warranty_parts
2229,810215806645,warranty_labor
2230,810215806645,gtin
2231,810215806645,aspect_ratio
2232,810215806645,storage_type
2233,810215806645,dimensions
2234,810215806645,cpu_cores
2235,810215806645,cpu_clock_speed
2236,810215806645,warranty
2237,810215806645,features
2238,810215806645,connector_type
2239,810215806645,certifications
2240,810215806645,condition
2241,810215806645,cpu_series
2242,198990262185,screen_size
2243,198990262185,display_resolution
2244,198990262185,touchscreen
2245,198990262185,screen_brightness
2246,198990262185,cpu_model
2247,198990262185,storage_gb
2248,198990262185,ram_gb
2249,198990262185,gpu_model
2250,198990262185,display_connectors
2251,198990262185,battery_energy
2252,198990262185,form_factor
2253,198990262185,input_device_features
2254,198990262185,brand
2255,198990262185,model_number
2256,198990262185,product_name
2257,198990262185,color_finish
2258,198990262185,release_year
2259,198990262185,display_type
2260,198990262185,display_surface
2261,198990262185,color_gamut
2262,198990262185,cpu_brand
2263,198990262185,cpu_clock_speed
2264,198990262185,cpu_cores
2265,198990262185,cpu_cache
2266,198990262185,ram_type
2267,198990262185,ram_speed
2268,198990262185,gpu_type
2269,198990262185,gpu_brand
2270,198990262185,operating_system
2271,198990262185,voice_assistant
2272,198990262185,hdmi_ports
2273,198990262185,usb_ports
2274,198990262185,headphone_jack
2275,198990262185,microphone
2276,198990262185,wireless_connectivity
2277,198990262185,wifi_standard
2278,198990262185,cooling_system
2279,198990262185,power_supply
2280,198990262185,camera
2281,198990262185,camera_resolution
2282,198990262185,audio_features
2283,198990262185,chrome_features
2284,198990262185,height
2285,198990262185,width
2286,198990262185,depth
2287,198990262185,weight_lb
2288,198990262185,energy_star_certified
2289,198990262185,epeat
2290,198990262185,storage_type
2291,198990262185,warranty_parts
2292,198990262185,warranty_labor
2293,198990262185,gtin
2294,198990262185,aspect_ratio
2295,198990262185,warranty
2296,198990262185,features
2297,198990262185,dimensions
2298,198990262185,connector_type
2299,198990262185,condition
2300,198990262185,certifications
2301,198990262185,cpu_series
2302,198990262185,model_name
2303,198990262185,bluetooth_version
2304,197531451583,display_type
2305,197531451583,screen_size
2306,197531451583,display_resolution
2307,197531451583,touchscreen
2308,197531451583,screen_brightness
2309,197531451583,cpu_model
2310,197531451583,cpu_base_clock_frequency
2311,197531451583,storage_gb
2312,197531451583,ram_gb
2313,197531451583,gpu_model
2314,197531451583,display_connectors
2315,197531451583,battery_energy
2316,197531451583,form_factor
2317,197531451583,input_device_features
2318,197531451583,brand
2319,197531451583,model_number
2320,197531451583,product_name
2321,197531451583,color_finish
2322,197531451583,release_year
2323,197531451583,display_surface
2324,197531451583,cpu_brand
2325,197531451583,cpu_clock_speed
2326,197531451583,cpu_cores
2327,197531451583,cpu_threads
2328,197531451583,npu
2329,197531451583,ram_type
2330,197531451583,ram_speed
2331,197531451583,memory_slots
2332,197531451583,gpu_type
2333,197531451583,gpu_brand
2334,197531451583,operating_system
2335,197531451583,operating_system_architecture
2336,197531451583,compatibility
2337,197531451583,hdmi_ports
2338,197531451583,external_display_support
2339,197531451583,usb_ports
2340,197531451583,headphone_jack
2341,197531451583,microphone
2342,197531451583,wireless_connectivity
2343,197531451583,wifi_standard
2344,197531451583,ethernet_ports
2345,197531451583,cooling_system
2346,197531451583,input_power
2347,197531451583,power_supply
2348,197531451583,camera
2349,197531451583,camera_resolution
2350,197531451583,gps_enabled
2351,197531451583,card_reader
2352,197531451583,customizable_case_lighting
2353,197531451583,audio_features
2354,197531451583,chrome_features
2355,197531451583,ai_features
2356,197531451583,security_features
2357,197531451583,material
2358,197531451583,height
2359,197531451583,width
2360,197531451583,depth
2361,197531451583,weight_lb
2362,197531451583,energy_star_certified
2363,197531451583,epeat
2364,197531451583,storage_type
2365,197531451583,warranty_parts
2366,197531451583,warranty_labor
2367,197531451583,gtin
2368,810215800339,screen_size
2369,810215800339,display_resolution
2370,810215800339,touchscreen
2371,810215800339,refresh_rate
2372,810215800339,cpu_model
2373,810215800339,storage_gb
2374,810215800339,ram_gb
2375,810215800339,gpu_model
2376,810215800339,display_connectors
2377,810215800339,battery_energy
2378,810215800339,input_device_features
2379,810215800339,brand
2380,810215800339,product_name
2381,810215800339,color_finish
2382,810215800339,release_year
2383,810215800339,cpu_brand
2384,810215800339,ram_type
2385,810215800339,ram_speed
2386,810215800339,memory_slots
2387,810215800339,gpu_type
2388,810215800339,gpu_brand
2389,810215800339,operating_system
2390,810215800339,hdmi_ports
2391,810215800339,display_thunderbolt_ports
2392,810215800339,vga_ports
2393,810215800339,usb_ports
2394,810215800339,headphone_jack
2395,810215800339,microphone
2396,810215800339,wireless_connectivity
2397,810215800339,wifi_standard
2398,810215800339,ethernet_ports
2399,810215800339,camera
2400,810215800339,height
2401,810215800339,width
2402,810215800339,depth
2403,810215800339,weight_lb
2404,810215800339,energy_star_certified
2405,810215800339,warranty_parts
2406,810215800339,warranty_labor
2407,810215800339,gtin
2408,197531451583,features
2409,197531451583,dimensions
2410,196801372429,screen_size
2411,196801372429,display_resolution
2412,196801372429,touchscreen
2413,196801372429,refresh_rate
2414,196801372429,cpu_model
2415,196801372429,storage_gb
2416,196801372429,ram_gb
2417,196801372429,gpu_model
2418,196801372429,display_connectors
2419,196801372429,battery_energy
2420,196801372429,input_device_features
2421,196801372429,brand
2422,196801372429,product_name
2423,196801372429,color_finish
2424,196801372429,release_year
2425,196801372429,cpu_brand
2426,196801372429,ram_type
2427,196801372429,ram_speed
2428,196801372429,gpu_type
2429,196801372429,gpu_brand
2430,196801372429,operating_system
2431,196801372429,hdmi_ports
2432,196801372429,display_thunderbolt_ports
2433,196801372429,vga_ports
2434,196801372429,usb_ports
2435,196801372429,headphone_jack
2436,196801372429,microphone
2437,196801372429,wireless_connectivity
2438,196801372429,wifi_standard
2439,196801372429,camera
2440,196801372429,height
2441,196801372429,width
2442,196801372429,depth
2443,196801372429,weight_lb
2444,196801372429,energy_star_certified
2445,196801372429,warranty_parts
2446,196801372429,warranty_labor
2447,196801372429,gtin
2448,199271500187,display_type
2449,199271500187,screen_size
2450,199271500187,display_resolution
2451,199271500187,touchscreen
2452,199271500187,refresh_rate
2453,199271500187,screen_brightness
2454,199271500187,cpu_model
2455,199271500187,cpu_base_clock_frequency
2456,199271500187,storage_gb
2457,199271500187,ram_gb
2458,199271500187,gpu_model
2459,199271500187,display_connectors
2460,199271500187,battery_energy
2461,199271500187,form_factor
2462,199271500187,input_device_features
2463,199271500187,brand
2464,199271500187,model_number
2465,199271500187,product_name
2466,199271500187,color_finish
2467,199271500187,release_year
2468,199271500187,display_surface
2469,199271500187,color_gamut
2470,199271500187,cpu_brand
2471,199271500187,cpu_clock_speed
2472,199271500187,cpu_cores
2473,199271500187,cpu_threads
2474,199271500187,npu
2475,199271500187,ram_type
2476,199271500187,ram_speed
2477,199271500187,memory_slots
2478,199271500187,gpu_type
2479,199271500187,gpu_brand
2480,199271500187,operating_system
2481,199271500187,voice_assistant
2482,199271500187,hdmi_ports
2483,199271500187,external_display_support
2484,199271500187,usb_ports
2485,199271500187,headphone_jack
2486,199271500187,microphone
2487,199271500187,wireless_connectivity
2488,199271500187,wifi_standard
2489,199271500187,ethernet_ports
2490,199271500187,input_power
2491,199271500187,power_supply
2492,199271500187,camera
2493,199271500187,camera_megapixels
2494,199271500187,card_reader
2495,199271500187,customizable_case_lighting
2496,199271500187,audio_features
2497,199271500187,chrome_features
2498,199271500187,ai_features
2499,199271500187,security_features
2500,199271500187,material
2501,199271500187,height
2502,199271500187,width
2503,199271500187,depth
2504,199271500187,weight_lb
2505,199271500187,energy_star_certified
2506,199271500187,epeat
2507,199271500187,storage_type
2508,199271500187,warranty_parts
2509,199271500187,warranty_labor
2510,199271500187,gtin
2511,810215800384,screen_size
2512,810215800384,display_resolution
2513,810215800384,touchscreen
2514,810215800384,refresh_rate
2515,810215800384,cpu_model
2516,810215800384,storage_gb
2517,810215800384,ram_gb
2518,810215800384,gpu_model
2519,810215800384,display_connectors
2520,810215800384,battery_energy
2521,810215800384,input_device_features
2522,810215800384,brand
2523,810215800384,product_name
2524,810215800384,color_finish
2525,810215800384,release_year
2526,810215800384,cpu_brand
2527,810215800384,ram_type
2528,810215800384,ram_speed
2529,810215800384,memory_slots
2530,810215800384,gpu_type
2531,810215800384,gpu_brand
2532,810215800384,operating_system
2533,810215800384,hdmi_ports
2534,810215800384,display_thunderbolt_ports
2535,810215800384,vga_ports
2536,810215800384,usb_ports
2537,810215800384,headphone_jack
2538,810215800384,microphone
2539,810215800384,wireless_connectivity
2540,810215800384,wifi_standard
2541,810215800384,ethernet_ports
2542,810215800384,camera
2543,810215800384,height
2544,810215800384,width
2545,810215800384,depth
2546,810215800384,weight_lb
2547,810215800384,energy_star_certified
2548,810215800384,warranty_parts
2549,810215800384,warranty_labor
2550,810215800384,gtin
2551,199393279053,display_type
2552,199393279053,screen_size
2553,199393279053,display_resolution
2554,199393279053,touchscreen
2555,199393279053,refresh_rate
2556,199393279053,cpu_model
2557,199393279053,storage_gb
2558,199393279053,ram_gb
2559,199393279053,gpu_model
2560,199393279053,display_connectors
2561,199393279053,battery_energy
2562,199393279053,input_device_features
2563,199393279053,brand
2564,199393279053,model_number
2565,199393279053,product_name
2566,199393279053,color_finish
2567,199393279053,release_year
2568,199393279053,cpu_brand
2569,199393279053,cpu_cores
2570,199393279053,ram_type
2571,199393279053,gpu_type
2572,199393279053,gpu_brand
2573,199393279053,gpu_memory
2574,199393279053,operating_system
2575,199393279053,operating_system_architecture
2576,199393279053,camera
2577,199393279053,height
2578,199393279053,width
2579,199393279053,depth
2580,199393279053,weight_lb
2581,199393279053,energy_star_certified
2582,199393279053,warranty_parts
2583,199393279053,warranty_labor
2584,199393279053,gtin
2585,199393279053,power_supply
2586,199393279053,dimensions
2587,199393279053,wireless_connectivity
2588,199393279053,usb_ports
2589,199393279053,certifications
2590,199393279053,security_features
2591,810210912433,screen_size
2592,810210912433,display_resolution
2593,810210912433,touchscreen
2594,810210912433,cpu_model
2595,810210912433,storage_gb
2596,810210912433,ram_gb
2597,810210912433,gpu_model
2598,810210912433,display_connectors
2599,810210912433,battery_energy
2600,810210912433,input_device_features
2601,810210912433,brand
2602,810210912433,product_name
2603,810210912433,color_finish
2604,810210912433,release_year
2605,810210912433,cpu_brand
2606,810210912433,ram_type
2607,810210912433,ram_speed
2608,810210912433,gpu_type
2609,810210912433,gpu_brand
2610,810210912433,operating_system
2611,810210912433,camera
2612,810210912433,ai_features
2613,810210912433,height
2614,810210912433,width
2615,810210912433,depth
2616,810210912433,weight_lb
2617,810210912433,energy_star_certified
2618,810210912433,warranty_parts
2619,810210912433,warranty_labor
2620,810210912433,gtin
2621,810210912570,screen_size
2622,810210912570,display_resolution
2623,810210912570,touchscreen
2624,810210912570,screen_brightness
2625,810210912570,cpu_model
2626,810210912570,storage_gb
2627,810210912570,ram_gb
2628,810210912570,gpu_model
2629,810210912570,display_connectors
2630,810210912570,battery_energy
2631,810210912570,form_factor
2632,810210912570,input_device_features
2633,810210912570,brand
2634,810210912570,model_number
2635,810210912570,product_name
2636,810210912570,color_finish
2637,810210912570,release_year
2638,810210912570,cpu_brand
2639,810210912570,cpu_cores
2640,810210912570,cpu_threads
2641,810210912570,ram_type
2642,810210912570,ram_speed
2643,810210912570,gpu_type
2644,810210912570,gpu_brand
2645,810210912570,operating_system
2646,810210912570,headphone_jack
2647,810210912570,microphone
2648,810210912570,wireless_connectivity
2649,810210912570,wifi_standard
2650,810210912570,camera
2651,810210912570,camera_resolution
2652,810210912570,height
2653,810210912570,width
2654,810210912570,depth
2655,810210912570,weight_lb
2656,810210912570,energy_star_certified
2657,810210912570,warranty_parts
2658,810210912570,warranty_labor
2659,810210912570,gtin
2660,194850007123,cpu_model
2661,194850007123,ram_gb
2662,194850007123,storage_gb
2663,194850007123,weight_lb
2664,194850007123,display_resolution
2665,194850007123,battery_energy
2666,194850007123,screen_brightness
2667,194850007123,model_number
2668,194850007123,gtin
2669,194850007123,gpu_model
2670,194850007123,wireless_connectivity
2671,194850007123,ports_io
2672,194850007123,operating_system
2673,194850007123,input_device_features
2674,194850007123,audio_features
2675,199251661372,display_type
2676,199251661372,screen_size
2677,199251661372,display_resolution
2678,199251661372,touchscreen
2679,199251661372,screen_brightness
2680,199251661372,cpu_model
2681,199251661372,storage_gb
2682,199251661372,ram_gb
2683,199251661372,gpu_model
2684,199251661372,display_connectors
2685,199251661372,battery_energy
2686,199251661372,input_device_features
2687,199251661372,brand
2688,199251661372,model_number
2689,199251661372,product_name
2690,199251661372,color_finish
2691,199251661372,release_year
2692,199251661372,cpu_brand
2693,199251661372,cpu_clock_speed
2694,199251661372,cpu_cores
2695,199251661372,npu
2696,199251661372,storage_type
2697,199251661372,ram_type
2698,199251661372,ram_speed
2699,199251661372,gpu_type
2700,199251661372,gpu_brand
2701,199251661372,operating_system
2702,199251661372,hdmi_ports
2703,199251661372,external_display_support
2704,199251661372,usb_ports
2705,199251661372,headphone_jack
2706,199251661372,microphone
2707,199251661372,wireless_connectivity
2708,199251661372,wifi_standard
2709,199251661372,power_supply
2710,199251661372,camera
2711,199251661372,camera_resolution
2712,199251661372,card_reader
2713,199251661372,audio_features
2714,199251661372,ai_features
2715,199251661372,security_features
2716,199251661372,material
2717,199251661372,height
2718,199251661372,width
2719,199251661372,depth
2720,199251661372,weight_lb
2721,199251661372,energy_star_certified
2722,199251661372,epeat
2723,199251661372,software_app
2724,199251661372,warranty_parts
2725,199251661372,warranty_labor
2726,199251661372,gtin
2727,810215806607,screen_size
2728,810215806607,display_resolution
2729,810215806607,touchscreen
2730,810215806607,refresh_rate
2731,810215806607,cpu_model
2732,810215806607,storage_gb
2733,810215806607,ram_gb
2734,810215806607,gpu_model
2735,810215806607,display_connectors
2736,810215806607,battery_energy
2737,810215806607,input_device_features
2738,810215806607,brand
2739,810215806607,product_name
2740,810215806607,color_finish
2741,810215806607,release_year
2742,810215806607,cpu_brand
2743,810215806607,ram_type
2744,810215806607,ram_speed
2745,810215806607,memory_slots
2746,810215806607,gpu_type
2747,810215806607,gpu_brand
2748,810215806607,operating_system
2749,810215806607,hdmi_ports
2750,810215806607,display_thunderbolt_ports
2751,810215806607,vga_ports
2752,810215806607,usb_ports
2753,810215806607,headphone_jack
2754,810215806607,microphone
2755,810215806607,wireless_connectivity
2756,810215806607,wifi_standard
2757,810215806607,ethernet_ports
2758,810215806607,camera
2759,810215806607,height
2760,810215806607,width
2761,810215806607,depth
2762,810215806607,weight_lb
2763,810215806607,energy_star_certified
2764,810215806607,warranty_parts
2765,810215806607,warranty_labor
2766,810215806607,gtin
2767,198990145372,display_type
2768,198990145372,screen_size
2769,198990145372,display_resolution
2770,198990145372,touchscreen
2771,198990145372,screen_brightness
2772,198990145372,cpu_model
2773,198990145372,storage_gb
2774,198990145372,ram_gb
2775,198990145372,gpu_model
2776,198990145372,display_connectors
2777,198990145372,battery_energy
2778,198990145372,form_factor
2779,198990145372,input_device_features
2780,198990145372,brand
2781,198990145372,model_number
2782,198990145372,product_name
2783,198990145372,color_finish
2784,198990145372,release_year
2785,198990145372,color_gamut
2786,198990145372,cpu_brand
2787,198990145372,cpu_clock_speed
2788,198990145372,cpu_cores
2789,198990145372,cpu_cache
2790,198990145372,npu
2791,198990145372,storage_type
2792,198990145372,ram_type
2793,198990145372,ram_speed
2794,198990145372,gpu_type
2795,198990145372,gpu_brand
2796,198990145372,gpu_memory
2797,198990145372,operating_system
2798,198990145372,hdmi_ports
2799,198990145372,display_thunderbolt_ports
2800,198990145372,usb_ports
2801,198990145372,headphone_jack
2802,198990145372,microphone
2803,198990145372,wireless_connectivity
2804,198990145372,wifi_standard
2805,198990145372,ethernet_ports
2806,198990145372,cooling_system
2807,198990145372,power_supply
2808,198990145372,camera
2809,198990145372,camera_megapixels
2810,198990145372,card_reader
2811,198990145372,audio_features
2812,198990145372,ai_features
2813,198990145372,security_features
2814,198990145372,material
2815,198990145372,height
2816,198990145372,width
2817,198990145372,depth
2818,198990145372,weight_lb
2819,198990145372,energy_star_certified
2820,198990145372,epeat
2821,198990145372,warranty_parts
2822,198990145372,warranty_labor
2823,198990145372,gtin
2824,199393214474,cpu_model
2825,199393214474,ram_gb
2826,199393214474,storage_gb
2827,199393214474,weight_lb
2828,199393214474,screen_brightness
2829,199393214474,display_resolution
2830,199393214474,battery_energy
2831,199393214474,platform
2832,199393214474,series
2833,199393214474,color_finish
2834,199393214474,operating_system
2835,199393214474,cpu_series
2836,199393214474,cpu_clock_speed
2837,199393214474,cpu_cores
2838,199393214474,performance_cores
2839,199393214474,efficiency_cores
2840,199393214474,cpu_threads
2841,199393214474,cpu_cache
2842,199393214474,npu
2843,199393214474,storage_type
2844,199393214474,camera
2845,199393214474,camera_resolution
2846,199393214474,front_camera_features
2847,199393214474,touchscreen
2848,199393214474,audio_features
2849,199393214474,microphone
2850,199393214474,wireless_connectivity
2851,199393214474,bluetooth_version
2852,199393214474,display_thunderbolt_ports
2853,199393214474,usb_ports
2854,199393214474,hdmi_ports
2855,199393214474,input_device_features
2856,199393214474,mouse_type
2857,199393214474,power_supply
2858,199393214474,battery_type
2859,199393214474,energy_star_certified
2860,199393214474,certifications
2861,199393214474,width
2862,199393214474,depth
2863,199393214474,height
2864,199393214474,dimensions
2865,198990145341,display_type
2866,198990145341,screen_size
2867,198990145341,display_resolution
2868,198990145341,touchscreen
2869,198990145341,screen_brightness
2870,198990145341,cpu_model
2871,198990145341,storage_gb
2872,198990145341,ram_gb
2873,198990145341,gpu_model
2874,198990145341,display_connectors
2875,198990145341,battery_energy
2876,198990145341,form_factor
2877,198990145341,input_device_features
2878,198990145341,brand
2879,198990145341,model_number
2880,198990145341,product_name
2881,198990145341,color_finish
2882,198990145341,release_year
2883,198990145341,color_gamut
2884,198990145341,cpu_brand
2885,198990145341,cpu_clock_speed
2886,198990145341,cpu_cores
2887,198990145341,cpu_cache
2888,198990145341,npu
2889,198990145341,storage_type
2890,198990145341,ram_type
2891,198990145341,ram_speed
2892,198990145341,gpu_type
2893,198990145341,gpu_brand
2894,198990145341,gpu_memory
2895,198990145341,operating_system
2896,198990145341,hdmi_ports
2897,198990145341,display_thunderbolt_ports
2898,198990145341,usb_ports
2899,198990145341,headphone_jack
2900,198990145341,microphone
2901,198990145341,wireless_connectivity
2902,198990145341,wifi_standard
2903,198990145341,ethernet_ports
2904,198990145341,cooling_system
2905,198990145341,power_supply
2906,198990145341,camera
2907,198990145341,camera_megapixels
2908,198990145341,card_reader
2909,198990145341,audio_features
2910,198990145341,ai_features
2911,198990145341,security_features
2912,198990145341,material
2913,198990145341,height
2914,198990145341,width
2915,198990145341,depth
2916,198990145341,weight_lb
2917,198990145341,energy_star_certified
2918,198990145341,epeat
2919,198990145341,warranty_parts
2920,198990145341,warranty_labor
2921,198990145341,gtin
2922,198990145341,connector_type
2923,198990145341,aspect_ratio
2924,198990145341,dimensions
2925,198990145341,warranty
2926,198990145341,features
2927,198990145341,condition
2928,198990145341,certifications
2929,198990145341,cpu_series
2930,199393268040,display_type
2931,199393268040,screen_size
2932,199393268040,display_resolution
2933,199393268040,touchscreen
2934,199393268040,refresh_rate
2935,199393268040,cpu_model
2936,199393268040,storage_gb
2937,199393268040,ram_gb
2938,199393268040,gpu_model
2939,199393268040,display_connectors
2940,199393268040,battery_energy
2941,199393268040,input_device_features
2942,199393268040,brand
2943,199393268040,model_number
2944,199393268040,product_name
2945,199393268040,color_finish
2946,199393268040,release_year
2947,199393268040,cpu_brand
2948,199393268040,cpu_cores
2949,199393268040,ram_type
2950,199393268040,gpu_type
2951,199393268040,gpu_brand
2952,199393268040,gpu_memory
2953,199393268040,operating_system
2954,199393268040,operating_system_architecture
2955,199393268040,camera
2956,199393268040,height
2957,199393268040,width
2958,199393268040,depth
2959,199393268040,weight_lb
2960,199393268040,energy_star_certified
2961,199393268040,warranty_parts
2962,199393268040,warranty_labor
2963,199393268040,gtin
2964,199393268040,cpu_clock_speed
2965,199393268040,cpu_threads
2966,199393268040,power_supply
2967,199393268040,dimensions
2968,199393268040,wireless_connectivity
2969,199393268040,ports_io
2970,199393268040,certifications
2971,810210912464,display_type
2972,810210912464,screen_size
2973,810210912464,display_resolution
2974,810210912464,touchscreen
2975,810210912464,screen_brightness
2976,810210912464,cpu_model
2977,810210912464,storage_gb
2978,810210912464,ram_gb
2979,810210912464,gpu_model
2980,810210912464,display_connectors
2981,810210912464,battery_energy
2982,810210912464,input_device_features
2983,810210912464,brand
2984,810210912464,model_number
2985,810210912464,product_name
2986,810210912464,color_finish
2987,810210912464,release_year
2988,810210912464,display_surface
2989,810210912464,cpu_brand
2990,810210912464,cpu_cores
2991,810210912464,cpu_threads
2992,810210912464,ram_type
2993,810210912464,ram_speed
2994,810210912464,gpu_type
2995,810210912464,gpu_brand
2996,810210912464,operating_system
2997,810210912464,headphone_jack
2998,810210912464,wireless_connectivity
2999,810210912464,wifi_standard
3000,810210912464,ethernet_ports
3001,810210912464,camera
3002,810210912464,height
3003,810210912464,width
3004,810210912464,depth
3005,810210912464,weight_lb
3006,810210912464,energy_star_certified
3007,810210912464,warranty_parts
3008,810210912464,warranty_labor
3009,810210912464,gtin
3010,198155791086,display_type
3011,198155791086,screen_size
3012,198155791086,display_resolution
3013,198155791086,touchscreen
3014,198155791086,screen_brightness
3015,198155791086,cpu_model
3016,198155791086,cpu_base_clock_frequency
3017,198155791086,storage_gb
3018,198155791086,ram_gb
3019,198155791086,gpu_model
3020,198155791086,display_connectors
3021,198155791086,battery_energy
3022,198155791086,form_factor
3023,198155791086,input_device_features
3024,198155791086,brand
3025,198155791086,model_number
3026,198155791086,product_name
3027,198155791086,color_finish
3028,198155791086,release_year
3029,198155791086,cpu_brand
3030,198155791086,cpu_clock_speed
3031,198155791086,cpu_cores
3032,198155791086,cpu_threads
3033,198155791086,unlocked_processor
3034,198155791086,npu
3035,198155791086,ram_type
3036,198155791086,ram_speed
3037,198155791086,memory_slots
3038,198155791086,gpu_type
3039,198155791086,gpu_brand
3040,198155791086,operating_system
3041,198155791086,hdmi_ports
3042,198155791086,display_thunderbolt_ports
3043,198155791086,vga_ports
3044,198155791086,external_display_support
3045,198155791086,usb_ports
3046,198155791086,headphone_jack
3047,198155791086,microphone
3048,198155791086,wireless_connectivity
3049,198155791086,wifi_standard
3050,198155791086,ethernet_ports
3051,198155791086,power_supply
3052,198155791086,camera
3053,198155791086,camera_resolution
3054,198155791086,gps_enabled
3055,198155791086,card_reader
3056,198155791086,customizable_case_lighting
3057,198155791086,audio_features
3058,198155791086,ai_features
3059,198155791086,security_features
3060,198155791086,material
3061,198155791086,height
3062,198155791086,width
3063,198155791086,depth
3064,198155791086,weight_lb
3065,198155791086,energy_star_certified
3066,198155791086,epeat
3067,198155791086,storage_type
3068,198155791086,warranty_parts
3069,198155791086,warranty_labor
3070,198155791086,gtin
3071,198155791086,battery_type
3072,198155791086,battery_life_hr
3073,198155791086,refresh_rate
3074,198155791086,aspect_ratio
3075,198155791086,warranty
3076,198155791086,features
3077,198155791086,dimensions
3078,198155791086,connector_type
3079,198155791086,condition
3080,198155791086,certifications
3081,198155791086,cpu_series
3082,198155791086,platform
3083,198155791086,series
3084,198155791086,cpu_cache
3085,198155791086,cpu_features
3086,198155791086,front_camera_features
3087,198155791086,privacy_shutter
3088,198155791086,gpu_memory
3089,198155791086,bluetooth_version
3090,198153733804,screen_size
3091,198153733804,display_resolution
3092,198153733804,touchscreen
3093,198153733804,screen_brightness
3094,198153733804,cpu_model
3095,198153733804,cpu_base_clock_frequency
3096,198153733804,storage_gb
3097,198153733804,ram_gb
3098,198153733804,gpu_model
3099,198153733804,display_connectors
3100,198153733804,battery_energy
3101,198153733804,form_factor
3102,198153733804,input_device_features
3103,198153733804,brand
3104,198153733804,model_number
3105,198153733804,product_name
3106,198153733804,color_finish
3107,198153733804,release_year
3108,198153733804,display_type
3109,198153733804,display_surface
3110,198153733804,cpu_brand
3111,198153733804,cpu_clock_speed
3112,198153733804,cpu_cores
3113,198153733804,cpu_threads
3114,198153733804,npu
3115,198153733804,ram_type
3116,198153733804,ram_speed
3117,198153733804,memory_slots
3118,198153733804,gpu_type
3119,198153733804,gpu_brand
3120,198153733804,operating_system
3121,198153733804,operating_system_architecture
3122,198153733804,compatibility
3123,198153733804,hdmi_ports
3124,198153733804,external_display_support
3125,198153733804,usb_ports
3126,198153733804,headphone_jack
3127,198153733804,microphone
3128,198153733804,wireless_connectivity
3129,198153733804,wifi_standard
3130,198153733804,ethernet_ports
3131,198153733804,cooling_system
3132,198153733804,input_power
3133,198153733804,power_supply
3134,198153733804,camera
3135,198153733804,camera_resolution
3136,198153733804,gps_enabled
3137,198153733804,card_reader
3138,198153733804,customizable_case_lighting
3139,198153733804,audio_features
3140,198153733804,chrome_features
3141,198153733804,ai_features
3142,198153733804,security_features
3143,198153733804,material
3144,198153733804,height
3145,198153733804,width
3146,198153733804,depth
3147,198153733804,weight_lb
3148,198153733804,energy_star_certified
3149,198153733804,epeat
3150,198153733804,storage_type
3151,198153733804,warranty_parts
3152,198153733804,warranty_labor
3153,198153733804,gtin
3154,198153733804,software_app
3155,198153733804,model_name
3156,198153733804,features
3157,198153733804,ports_io
3158,198153733804,bluetooth_version
3159,198153733804,dimensions
3160,198153733804,refresh_rate
3161,198153733804,aspect_ratio
3162,198153733804,warranty
3163,198153733804,connector_type
3164,198153733804,condition
3165,198153733804,certifications
3166,198153733804,cpu_series
3167,198153733804,battery_type
3168,198153733804,sku
3169,198153733804,cpu_cache
3170,198153733804,ram_max_supported
3171,198153733804,environmental_compliance
3172,198153733804,mouse_type
3173,198155423666,screen_size
3174,198155423666,display_resolution
3175,198155423666,touchscreen
3176,198155423666,refresh_rate
3177,198155423666,screen_brightness
3178,198155423666,cpu_model
3179,198155423666,cpu_base_clock_frequency
3180,198155423666,storage_gb
3181,198155423666,ram_gb
3182,198155423666,gpu_model
3183,198155423666,display_connectors
3184,198155423666,battery_energy
3185,198155423666,form_factor
3186,198155423666,input_device_features
3187,198155423666,brand
3188,198155423666,model_number
3189,198155423666,product_name
3190,198155423666,color_finish
3191,198155423666,release_year
3192,198155423666,display_type
3193,198155423666,cpu_brand
3194,198155423666,cpu_clock_speed
3195,198155423666,cpu_cores
3196,198155423666,cpu_threads
3197,198155423666,cpu_cache
3198,198155423666,npu
3199,198155423666,storage_type
3200,198155423666,ram_type
3201,198155423666,ram_speed
3202,198155423666,memory_slots
3203,198155423666,gpu_type
3204,198155423666,gpu_brand
3205,198155423666,operating_system
3206,198155423666,hdmi_ports
3207,198155423666,external_display_support
3208,198155423666,usb_ports
3209,198155423666,usb_c_ports
3210,198155423666,headphone_jack
3211,198155423666,microphone
3212,198155423666,wireless_connectivity
3213,198155423666,wifi_standard
3214,198155423666,ethernet_ports
3215,198155423666,input_power
3216,198155423666,power_supply
3217,198155423666,m2_slots
3218,198155423666,camera
3219,198155423666,camera_megapixels
3220,198155423666,gps_enabled
3221,198155423666,card_reader
3222,198155423666,customizable_case_lighting
3223,198155423666,audio_features
3224,198155423666,ai_features
3225,198155423666,security_features
3226,198155423666,material
3227,198155423666,height
3228,198155423666,width
3229,198155423666,depth
3230,198155423666,weight_lb
3231,198155423666,energy_star_certified
3232,198155423666,epeat
3233,198155423666,warranty_parts
3234,198155423666,warranty_labor
3235,198155423666,gtin
3236,198155423666,cpu_series
3237,198155423666,aspect_ratio
3238,198155423666,dimensions
3239,198155423666,warranty
3240,198155423666,features
3241,198155423666,connector_type
3242,198155423666,condition
3243,198155423666,certifications
3244,198155423666,length
3245,884116429333,display_type
3246,884116429333,screen_size
3247,884116429333,display_resolution
3248,884116429333,touchscreen
3249,884116429333,refresh_rate
3250,884116429333,screen_brightness
3251,884116429333,cpu_model
3252,884116429333,cpu_base_clock_frequency
3253,884116429333,storage_gb
3254,884116429333,ram_gb
3255,884116429333,gpu_model
3256,884116429333,display_connectors
3257,884116429333,battery_energy
3258,884116429333,form_factor
3259,884116429333,input_device_features
3260,884116429333,brand
3261,884116429333,model_number
3262,884116429333,product_name
3263,884116429333,color_finish
3264,884116429333,release_year
3265,884116429333,synchronization_technology
3266,884116429333,cpu_brand
3267,884116429333,cpu_clock_speed
3268,884116429333,cpu_cores
3269,884116429333,cpu_threads
3270,884116429333,cpu_cache
3271,884116429333,npu
3272,884116429333,storage_type
3273,884116429333,ram_type
3274,884116429333,gpu_type
3275,884116429333,gpu_brand
3276,884116429333,operating_system
3277,884116429333,hdmi_ports
3278,884116429333,usb_ports
3279,884116429333,headphone_jack
3280,884116429333,microphone
3281,884116429333,wireless_connectivity
3282,884116429333,camera
3283,884116429333,camera_megapixels
3284,884116429333,camera_resolution
3285,884116429333,gps_enabled
3286,884116429333,card_reader
3287,884116429333,customizable_case_lighting
3288,884116429333,audio_features
3289,884116429333,ai_features
3290,884116429333,security_features
3291,884116429333,height
3292,884116429333,width
3293,884116429333,depth
3294,884116429333,weight_lb
3295,884116429333,energy_star_certified
3296,884116429333,epeat
3297,884116429333,warranty_parts
3298,884116429333,warranty_labor
3299,884116429333,gtin
3300,884116429333,aspect_ratio
3301,884116429333,dimensions
3302,884116429333,warranty
3303,884116429333,features
3304,884116429333,connector_type
3305,884116429333,cpu_series
3306,884116429333,condition
3307,884116429333,certifications
3308,884116429333,ram_speed
3309,884116429333,ports_io
3310,884116652434,display_type
3311,884116652434,screen_size
3312,884116652434,display_resolution
3313,884116652434,touchscreen
3314,884116652434,refresh_rate
3315,884116652434,screen_brightness
3316,884116652434,cpu_model
3317,884116652434,cpu_base_clock_frequency
3318,884116652434,storage_gb
3319,884116652434,ram_gb
3320,884116652434,gpu_model
3321,884116652434,display_connectors
3322,884116652434,battery_energy
3323,884116652434,form_factor
3324,884116652434,input_device_features
3325,884116652434,brand
3326,884116652434,model_number
3327,884116652434,product_name
3328,884116652434,color_finish
3329,884116652434,release_year
3330,884116652434,synchronization_technology
3331,884116652434,display_surface
3332,884116652434,color_gamut
3333,884116652434,cpu_brand
3334,884116652434,cpu_clock_speed
3335,884116652434,cpu_cores
3336,884116652434,cpu_threads
3337,884116652434,cpu_cache
3338,884116652434,npu
3339,884116652434,storage_type
3340,884116652434,ram_type
3341,884116652434,ram_speed
3342,884116652434,memory_slots
3343,884116652434,system_memory_ram_expandable_to
3344,884116652434,gpu_type
3345,884116652434,gpu_brand
3346,884116652434,operating_system
3347,884116652434,operating_system_architecture
3348,884116652434,hdmi_ports
3349,884116652434,usb_ports
3350,884116652434,headphone_jack
3351,884116652434,wireless_connectivity
3352,884116652434,wifi_standard
3353,884116652434,ethernet_ports
3354,884116652434,input_power
3355,884116652434,power_supply
3356,884116652434,m2_slots
3357,884116652434,camera
3358,884116652434,camera_megapixels
3359,884116652434,camera_resolution
3360,884116652434,microphone
3361,884116652434,gps_enabled
3362,884116652434,card_reader
3363,884116652434,audio_features
3364,884116652434,ai_features
3365,884116652434,security_features
3366,884116652434,height
3367,884116652434,width
3368,884116652434,depth
3369,884116652434,weight_lb
3370,884116652434,energy_star_certified
3371,884116652434,epeat
3372,884116652434,software_app
3373,884116652434,warranty_parts
3374,884116652434,warranty_labor
3375,884116652434,gtin
3376,884116652427,display_type
3377,884116652427,screen_size
3378,884116652427,display_resolution
3379,884116652427,touchscreen
3380,884116652427,refresh_rate
3381,884116652427,screen_brightness
3382,884116652427,cpu_model
3383,884116652427,cpu_base_clock_frequency
3384,884116652427,storage_gb
3385,884116652427,ram_gb
3386,884116652427,gpu_model
3387,884116652427,display_connectors
3388,884116652427,battery_energy
3389,884116652427,form_factor
3390,884116652427,input_device_features
3391,884116652427,brand
3392,884116652427,model_number
3393,884116652427,product_name
3394,884116652427,color_finish
3395,884116652427,release_year
3396,884116652427,display_surface
3397,884116652427,color_gamut
3398,884116652427,cpu_brand
3399,884116652427,cpu_clock_speed
3400,884116652427,cpu_cores
3401,884116652427,cpu_threads
3402,884116652427,cpu_cache
3403,884116652427,npu
3404,884116652427,storage_type
3405,884116652427,ram_type
3406,884116652427,ram_speed
3407,884116652427,memory_slots
3408,884116652427,system_memory_ram_expandable_to
3409,884116652427,gpu_type
3410,884116652427,gpu_brand
3411,884116652427,operating_system
3412,884116652427,operating_system_architecture
3413,884116652427,hdmi_ports
3414,884116652427,usb_ports
3415,884116652427,headphone_jack
3416,884116652427,wireless_connectivity
3417,884116652427,wifi_standard
3418,884116652427,ethernet_ports
3419,884116652427,input_power
3420,884116652427,power_supply
3421,884116652427,camera
3422,884116652427,camera_megapixels
3423,884116652427,camera_resolution
3424,884116652427,microphone
3425,884116652427,gps_enabled
3426,884116652427,card_reader
3427,884116652427,audio_features
3428,884116652427,ai_features
3429,884116652427,security_features
3430,884116652427,height
3431,884116652427,width
3432,884116652427,depth
3433,884116652427,weight_lb
3434,884116652427,energy_star_certified
3435,884116652427,epeat
3436,884116652427,software_app
3437,884116652427,warranty_parts
3438,884116652427,warranty_labor
3439,884116652427,gtin
3440,884116483175,display_type
3441,884116483175,screen_size
3442,884116483175,display_resolution
3443,884116483175,touchscreen
3444,884116483175,screen_brightness
3445,884116483175,cpu_model
3446,884116483175,cpu_base_clock_frequency
3447,884116483175,storage_gb
3448,884116483175,ram_gb
3449,884116483175,gpu_model
3450,884116483175,display_connectors
3451,884116483175,battery_energy
3452,884116483175,form_factor
3453,884116483175,input_device_features
3454,884116483175,brand
3455,884116483175,model_number
3456,884116483175,product_name
3457,884116483175,color_finish
3458,884116483175,release_year
3459,884116483175,synchronization_technology
3460,884116483175,cpu_brand
3461,884116483175,cpu_clock_speed
3462,884116483175,cpu_cores
3463,884116483175,cpu_cache
3464,884116483175,npu
3465,884116483175,storage_type
3466,884116483175,ram_type
3467,884116483175,ram_speed
3468,884116483175,gpu_type
3469,884116483175,gpu_brand
3470,884116483175,gpu_boost_clock_frequency
3471,884116483175,operating_system
3472,884116483175,operating_system_architecture
3473,884116483175,hdmi_ports
3474,884116483175,vga_ports
3475,884116483175,usb_ports
3476,884116483175,usb_c_ports
3477,884116483175,headphone_jack
3478,884116483175,microphone
3479,884116483175,wireless_connectivity
3480,884116483175,wifi_standard
3481,884116483175,ethernet_ports
3482,884116483175,cooling_system
3483,884116483175,camera
3484,884116483175,camera_megapixels
3485,884116483175,camera_resolution
3486,884116483175,gps_enabled
3487,884116483175,card_reader
3488,884116483175,customizable_case_lighting
3489,884116483175,ai_features
3490,884116483175,height
3491,884116483175,width
3492,884116483175,depth
3493,884116483175,weight_lb
3494,884116483175,energy_star_certified
3495,884116483175,epeat
3496,884116483175,software_app
3497,884116483175,warranty_parts
3498,884116483175,warranty_labor
3499,884116483175,gtin
3500,884116430308,display_type
3501,884116430308,screen_size
3502,884116430308,display_resolution
3503,884116430308,touchscreen
3504,884116430308,refresh_rate
3505,884116430308,screen_brightness
3506,884116430308,cpu_model
3507,884116430308,cpu_base_clock_frequency
3508,884116430308,storage_gb
3509,884116430308,ram_gb
3510,884116430308,gpu_model
3511,884116430308,display_connectors
3512,884116430308,battery_energy
3513,884116430308,form_factor
3514,884116430308,input_device_features
3515,884116430308,brand
3516,884116430308,model_number
3517,884116430308,product_name
3518,884116430308,color_finish
3519,884116430308,release_year
3520,884116430308,synchronization_technology
3521,884116430308,display_surface
3522,884116430308,color_gamut
3523,884116430308,cpu_brand
3524,884116430308,cpu_clock_speed
3525,884116430308,cpu_cores
3526,884116430308,cpu_threads
3527,884116430308,cpu_cache
3528,884116430308,npu
3529,884116430308,storage_type
3530,884116430308,ram_type
3531,884116430308,ram_speed
3532,884116430308,system_memory_ram_expandable_to
3533,884116430308,gpu_type
3534,884116430308,gpu_brand
3535,884116430308,gpu_features
3536,884116430308,gpu_base_clock_frequency
3537,884116430308,gpu_boost_clock_frequency
3538,884116430308,gpu_memory
3539,884116430308,gpu_power
3540,884116430308,input_power
3541,884116430308,power_supply
3542,884116430308,operating_system
3543,884116430308,operating_system_architecture
3544,884116430308,display_thunderbolt_ports
3545,884116430308,headphone_jack
3546,884116430308,microphone
3547,884116430308,wireless_connectivity
3548,884116430308,wifi_standard
3549,884116430308,ethernet_ports
3550,884116430308,cooling_system
3551,884116430308,camera
3552,884116430308,camera_megapixels
3553,884116430308,camera_resolution
3554,884116430308,gps_enabled
3555,884116430308,card_reader
3556,884116430308,audio_features
3557,884116430308,ai_features
3558,884116430308,security_features
3559,884116430308,height
3560,884116430308,width
3561,884116430308,depth
3562,884116430308,weight_lb
3563,884116430308,energy_star_certified
3564,884116430308,epeat
3565,884116430308,software_app
3566,884116430308,warranty_parts
3567,884116430308,warranty_labor
3568,884116430308,gtin
3569,810102267887,material
3570,810102267887,included_accessories
3571,810102267887,form_factor
3572,810102267887,weight_lb
3573,810102267887,wattage
3574,810102267887,capacity_qt
3575,810102267887,certifications
3576,810102267887,care_cleaning
3577,810102267887,warranty
3578,810102267887,number_of_slices
3579,810102267887,dimensions
3580,810102267887,appliance_type
3581,810102267887,gtin
3582,810102268778,dimensions
3583,810102268778,wattage
3584,810102268778,capacity_qt
3585,810102268778,holds_up_to
3586,810102268778,appliance_type
3587,810102268778,material
3588,810102268778,weight_lb
3589,810102268778,care_cleaning
3590,810102268778,warranty
3591,810102268778,gtin
3592,810028585560,weight_lb
3593,810028585560,dimensions
3594,810028585560,care_cleaning
3595,810028585560,wattage
3596,810028585560,material
3597,810028585560,holds_up_to
3598,810028585560,warranty
3599,810028585560,capacity_qt
3600,810028585560,gtin
3601,810028585560,max_temperature
3602,810028585560,voltage
3603,810028585560,controls
3604,810028585560,min_temperature
3605,810028585560,appliance_features
3606,810028585560,nonstick_coating
3607,810028585560,model_name
3608,810028585560,model_number
3609,810028585560,brand
3610,810028585560,included_accessories
3611,810028585560,certifications
3612,810028585560,features
3613,810028585560,product_name
3614,810028585560,induction_compatible
3615,810028585560,warranty_parts
3616,810028585560,warranty_labor
3617,857561008842,material
3618,857561008842,weight_lb
3619,857561008842,included_accessories
3620,857561008842,appliance_type
3621,857561008842,features
3622,857561008842,wattage
3623,857561008842,warranty
3624,857561008842,care_cleaning
3625,857561008842,capacity_qt
3626,857561008842,security_features
3627,857561008842,dimensions
3628,857561008842,gtin
3629,857561008842,max_temperature
3630,857561008842,controls
3631,857561008842,operation_mode
3632,857561008842,voltage
3633,857561008842,controller_type
3634,857561008842,closure_type
3635,857561008842,color_finish
3636,857561008842,certifications
3637,857561008842,model_number
3638,857561008842,safety_mechanisms
3639,810028588981,capacity_qt
3640,810028588981,form_factor
3641,810028588981,weight_lb
3642,810028588981,condition
3643,810028588981,wattage
3644,810028588981,included_accessories
3645,810028588981,dimensions
3646,810028588981,certifications
3647,810028588981,warranty
3648,810028588981,material
3649,810028588981,appliance_type
3650,810028588981,care_cleaning
3651,810028588981,gtin
3652,810028588981,max_temperature
3653,810028588981,voltage
3654,810028588981,controller_type
3655,810028588981,appliance_features
3656,810028588981,nonstick_coating
3657,810028588981,model_number
3658,810028588981,features
3659,810028588981,environmental_compliance
3660,810028588981,brand
3661,810028588981,product_name
3662,810028588981,color_finish
3663,810028588981,height
3664,810028588981,width
3665,810028588981,depth
3666,810028588981,controls
3667,810028588981,warranty_parts
3668,810028588981,warranty_labor
3669,810137396095,wattage
3670,810137396095,dimensions
3671,810137396095,weight_lb
3672,810137396095,material
3673,810137396095,care_cleaning
3674,810137396095,warranty
3675,810137396095,capacity_qt
3676,810137396095,holds_up_to
3677,810137396095,gtin
3678,810137396095,max_temperature
3679,810137396095,voltage
3680,810137396095,controls
3681,810137396095,appliance_features
3682,810137396095,features
3683,810137396095,model_name
3684,810137396095,model_number
3685,810137395203,wattage
3686,810137395203,holds_up_to
3687,810137395203,weight_lb
3688,810137395203,dimensions
3689,810137395203,warranty
3690,810137395203,material
3691,810137395203,capacity_qt
3692,810137395203,care_cleaning
3693,810137395203,gtin
3694,810137395203,max_temperature
3695,810137395203,controls
3696,810137395203,appliance_features
3697,810137395203,nonstick_coating
3698,810137395203,model_name
3699,810137395203,model_number
3700,810137396538,dimensions
3701,810137396538,weight_lb
3702,810137396538,wattage
3703,810137396538,material
3704,810137396538,care_cleaning
3705,810137396538,capacity_qt
3706,810137396538,warranty
3707,810137396538,holds_up_to
3708,810137396538,gtin
3709,810137396538,max_temperature
3710,810137396538,voltage
3711,810137396538,controls
3712,810137396538,appliance_features
3713,810137396538,model_name
3714,810137396538,model_number
3715,810137396538,features
3716,850011521083,care_cleaning
3717,850011521083,included_accessories
3718,850011521083,form_factor
3719,850011521083,certifications
3720,850011521083,capacity_qt
3721,850011521083,wattage
3722,850011521083,appliance_type
3723,850011521083,warranty
3724,850011521083,weight_lb
3725,850011521083,material
3726,850011521083,dimensions
3727,850011521083,gtin
3728,850011521083,max_temperature
3729,850011521083,controls
3730,850011521083,power_source
3731,850011521083,model_name
3732,850011521083,model_number
3733,850011521083,door_features
3734,850011521083,appliance_features
3735,850011521083,interior_light
3736,850011521090,care_cleaning
3737,850011521090,included_accessories
3738,850011521090,security_features
3739,850011521090,form_factor
3740,850011521090,appliance_type
3741,850011521090,certifications
3742,850011521090,capacity_qt
3743,850011521090,wattage
3744,850011521090,warranty
3745,850011521090,weight_lb
3746,850011521090,material
3747,850011521090,dimensions
3748,850011521090,gtin
3749,850011521090,max_temperature
3750,850011521090,model_name
3751,850011521090,model_number
3752,850011521090,length
3753,850011521090,color_finish
3754,850011521090,door_features
3755,850011521090,controls
3756,850011521090,power_source
3757,850011521090,appliance_features
3758,856007008903,capacity_qt
3759,856007008903,material
3760,856007008903,wattage
3761,856007008903,max_temperature
3762,856007008903,min_temperature
3763,856007008903,controls
3764,856007008903,nonstick_coating
3765,856007008903,product_style
3766,856007008903,model_number
3767,856007008903,gtin
3768,856007008903,included_accessories
3769,856007008903,features
3770,avName,capacity_qt
3771,avName,material
3772,avName,product_name
3773,avName,color_finish
3774,avName,technology
3775,829486193033,appliance_features
3776,829486193033,wattage
3777,829486193033,features
3778,829486193033,capacity_qt
3779,829486193033,max_temperature
3780,829486193033,included_accessories
3781,829486193033,weight_lb
3782,829486193033,length
3783,829486193033,cleaning_care_maintenance
3784,829486193033,environmental_compliance
3785,829486193033,brand
3786,829486193033,color_finish
3787,829486193033,dimensions
3788,829486193033,material
3789,829486193033,min_temperature
3790,829486292903,dimensions
3791,829486292903,appliance_features
3792,829486292903,wattage
3793,829486292903,weight_lb
3794,829486292903,certifications
3795,829486292903,environmental_compliance
3796,829486292903,cleaning_care_maintenance
3797,829486292903,min_temperature
3798,829486292903,package_quantity
3799,829486292903,model_number
3800,829486292903,included_accessories
3801,829486292903,length
3802,829486292903,color_finish
3803,829486292903,features
3804,829486292903,capacity_qt
3805,829486292903,brand
3806,829486292903,material
3807,829486292903,max_temperature
3808,829486294327,dimensions
3809,829486294327,appliance_features
3810,829486294327,wattage
3811,829486294327,weight_lb
3812,829486294327,color_finish
3813,829486294327,certifications
3814,829486294327,length
3815,829486294327,cleaning_care_maintenance
3816,829486294327,package_quantity
3817,829486294327,min_temperature
3818,829486294327,material
3819,829486294327,included_accessories
3820,829486294327,features
3821,829486294327,model_number
3822,829486294327,capacity_qt
3823,829486294327,brand
3824,829486294327,environmental_compliance
3825,829486294327,max_temperature
3826,829486292941,dimensions
3827,829486292941,appliance_features
3828,829486292941,wattage
3829,829486292941,weight_lb
3830,829486292941,certifications
3831,829486292941,environmental_compliance
3832,829486292941,cleaning_care_maintenance
3833,829486292941,color_finish
3834,829486292941,min_temperature
3835,829486292941,package_quantity
3836,829486292941,model_number
3837,829486292941,included_accessories
3838,829486292941,length
3839,829486292941,features
3840,829486292941,capacity_qt
3841,829486292941,brand
3842,829486292941,material
3843,829486292941,max_temperature
3844,829486196683,appliance_features
3845,829486196683,features
3846,829486196683,max_temperature
3847,829486196683,certifications
3848,829486196683,length
3849,829486196683,capacity_qt
3850,829486196683,package_quantity
3851,829486196683,wattage
3852,829486196683,height
3853,829486196683,color_finish
3854,829486196683,model_number
3855,829486196683,included_accessories
3856,829486196683,material
3857,829486196683,environmental_compliance
3858,829486196683,brand
3859,829486196683,cleaning_care_maintenance
3860,829486196683,weight_lb
3861,829486196683,min_temperature
3862,829486290299,length
3863,829486290299,appliance_features
3864,829486290299,features
3865,829486290299,max_temperature
3866,829486290299,certifications
3867,829486290299,capacity_qt
3868,829486290299,package_quantity
3869,829486290299,wattage
3870,829486290299,color_finish
3871,829486290299,material
3872,829486290299,included_accessories
3873,829486290299,cleaning_care_maintenance
3874,829486290299,environmental_compliance
3875,829486290299,brand
3876,829486290299,dimensions
3877,829486290299,weight_lb
3878,829486290299,min_temperature
3879,829486290299,model_number
3880,829486294570,length
3881,829486294570,appliance_features
3882,829486294570,features
3883,829486294570,max_temperature
3884,829486294570,certifications
3885,829486294570,cleaning_care_maintenance
3886,829486294570,capacity_qt
3887,829486294570,package_quantity
3888,829486294570,color_finish
3889,829486294570,wattage
3890,829486294570,height
3891,829486294570,included_accessories
3892,829486294570,material
3893,829486294570,environmental_compliance
3894,829486294570,model_number
3895,829486294570,brand
3896,829486294570,weight_lb
3897,829486294570,min_temperature
3898,829486290329,material
3899,829486290329,length
3900,829486290329,appliance_features
3901,829486290329,features
3902,829486290329,max_temperature
3903,829486290329,certifications
3904,829486290329,color_finish
3905,829486290329,capacity_qt
3906,829486290329,package_quantity
3907,829486290329,environmental_compliance
3908,829486290329,wattage
3909,829486290329,height
3910,829486290329,included_accessories
3911,829486290329,cleaning_care_maintenance
3912,829486290329,model_number
3913,829486290329,brand
3914,829486290329,weight_lb
3915,829486290329,min_temperature
3916,829486193286,package_quantity
3917,829486193286,capacity_qt
3918,829486193286,length
3919,829486193286,wattage
3920,829486193286,certifications
3921,829486193286,appliance_features
3922,829486193286,environmental_compliance
3923,829486193286,features
3924,829486193286,height
3925,829486193286,color_finish
3926,829486193286,product_line
3927,829486193286,operation_mode
3928,829486193286,weight_lb
3929,829486193286,brand
3930,829486193286,max_temperature
3931,829486193293,color_finish
3932,829486193293,package_quantity
3933,829486193293,capacity_qt
3934,829486193293,length
3935,829486193293,wattage
3936,829486193293,certifications
3937,829486193293,appliance_features
3938,829486193293,environmental_compliance
3939,829486193293,features
3940,829486193293,height
3941,829486193293,product_line
3942,829486193293,operation_mode
3943,829486193293,weight_lb
3944,829486193293,brand
3945,829486193293,max_temperature
3946,829486193316,package_quantity
3947,829486193316,capacity_qt
3948,829486193316,length
3949,829486193316,color_finish
3950,829486193316,wattage
3951,829486193316,certifications
3952,829486193316,appliance_features
3953,829486193316,environmental_compliance
3954,829486193316,features
3955,829486193316,height
3956,829486193316,product_line
3957,829486193316,operation_mode
3958,829486193316,weight_lb
3959,829486193316,brand
3960,829486193316,max_temperature
3961,829486194771,package_quantity
3962,829486194771,capacity_qt
3963,829486194771,length
3964,829486194771,color_finish
3965,829486194771,wattage
3966,829486194771,certifications
3967,829486194771,appliance_features
3968,829486194771,environmental_compliance
3969,829486194771,features
3970,829486194771,product_line
3971,829486194771,dimensions
3972,829486194771,operation_mode
3973,829486194771,weight_lb
3974,829486194771,brand
3975,829486194771,max_temperature
3976,829486196997,package_quantity
3977,829486196997,capacity_qt
3978,829486196997,length
3979,829486196997,wattage
3980,829486196997,certifications
3981,829486196997,appliance_features
3982,829486196997,color_finish
3983,829486196997,features
3984,829486196997,environmental_compliance
3985,829486196997,height
3986,829486196997,product_line
3987,829486196997,operation_mode
3988,829486196997,weight_lb
3989,829486196997,brand
3990,829486196997,max_temperature
3991,829486190926,wattage
3992,829486190926,product_line
3993,829486190926,features
3994,829486190926,capacity_qt
3995,829486190926,environmental_compliance
3996,829486190926,material
3997,829486190926,weight_lb
3998,829486190926,appliance_features
3999,829486190926,brand
4000,829486190926,included_accessories
4001,829486190926,dimensions
4002,829486190926,max_temperature
4003,829486190926,cleaning_care_maintenance
4004,829486190926,color_finish
4005,829486190896,wattage
4006,829486190896,product_line
4007,829486190896,features
4008,829486190896,capacity_qt
4009,829486190896,appliance_features
4010,829486190896,environmental_compliance
4011,829486190896,material
4012,829486190896,color_finish
4013,829486190896,weight_lb
4014,829486190896,brand
4015,829486190896,included_accessories
4016,829486190896,dimensions
4017,829486190896,max_temperature
4018,829486190896,cleaning_care_maintenance
4019,829486191329,wattage
4020,829486191329,appliance_features
4021,829486191329,product_line
4022,829486191329,capacity_qt
4023,829486191329,environmental_compliance
4024,829486191329,material
4025,829486191329,weight_lb
4026,829486191329,min_temperature
4027,829486191329,brand
4028,829486191329,included_accessories
4029,829486191329,dimensions
4030,829486191329,max_temperature
4031,829486191329,color_finish
4032,829486191329,cleaning_care_maintenance
4033,829486191329,features
4034,44387454506,care_cleaning
4035,44387454506,operation_mode
4036,44387454506,pump_pressure
4037,44387454506,brand
4038,44387454506,model_number
4039,44387454506,product_name
4040,44387454506,color_finish
4041,44387454506,height
4042,44387454506,width
4043,44387454506,depth
4044,44387454506,weight_lb
4045,44387454506,environmental_compliance
4046,44387454506,coffee_machine_features
4047,44387454506,water_tank_capacity
4048,44387454506,coffee_input_type
4049,44387454506,controls
4050,44387454506,milk_frothing
4051,44387454506,appliance_features
4052,44387454506,voltage
4053,44387454506,wattage
4054,44387454506,certifications
4055,44387454506,warranty_parts
4056,44387454506,warranty_labor
4057,44387454506,gtin
4058,44387454506,bean_hopper_capacity
4059,44387454506,dimensions
4060,44387454506,material
4061,44387454506,input_device_features
4062,44387454506,included_accessories
4063,44387454506,output_power
4064,44387454506,form_factor
4065,44387454506,security_features
4066,44387454506,capacity_generic
4067,44387454506,features
4068,44387454506,warranty
4069,44387454506,price
4070,44387945509,care_cleaning
4071,44387945509,operation_mode
4072,44387945509,preset_beverage_settings
4073,44387945509,grinder
4074,44387945509,pump_pressure
4075,44387945509,brand
4076,44387945509,model_number
4077,44387945509,product_name
4078,44387945509,color_finish
4079,44387945509,height
4080,44387945509,width
4081,44387945509,depth
4082,44387945509,weight_lb
4083,44387945509,environmental_compliance
4084,44387945509,bean_hopper_capacity
4085,44387945509,coffee_machine_features
4086,44387945509,water_tank_capacity
4087,44387945509,double_cup
4088,44387945509,coffee_input_type
4089,44387945509,controls
4090,44387945509,appliance_features
4091,44387945509,milk_frothing
4092,44387945509,voltage
4093,44387945509,wattage
4094,44387945509,certifications
4095,44387945509,warranty_parts
4096,44387945509,warranty_labor
4097,44387945509,gtin
4098,44387026000,care_cleaning
4099,44387026000,operation_mode
4100,44387026000,grinder
4101,44387026000,pump_pressure
4102,44387026000,brand
4103,44387026000,model_number
4104,44387026000,product_name
4105,44387026000,color_finish
4106,44387026000,height
4107,44387026000,width
4108,44387026000,depth
4109,44387026000,weight_lb
4110,44387026000,material
4111,44387026000,environmental_compliance
4112,44387026000,compatibility
4113,44387026000,coffee_machine_features
4114,44387026000,water_tank_capacity
4115,44387026000,double_cup
4116,44387026000,coffee_input_type
4117,44387026000,controls
4118,44387026000,appliance_features
4119,44387026000,milk_frothing
4120,44387026000,voltage
4121,44387026000,wattage
4122,44387026000,certifications
4123,44387026000,warranty_parts
4124,44387026000,warranty_labor
4125,44387026000,gtin
4126,44387026000,model_name
4127,44387026000,dimensions
4128,44387026000,power_source
4129,44387026000,included_accessories
4130,44387026000,features
4131,44387026000,input_device_features
4132,44387026000,package_quantity
4133,44387026000,warranty
4134,44387026000,output_power
4135,44387026000,form_factor
4136,44387026000,security_features
4137,44387026000,capacity_generic
4138,44387026000,price
4139,44387290845,care_cleaning
4140,44387290845,operation_mode
4141,44387290845,preset_beverage_settings
4142,44387290845,grinder
4143,44387290845,pump_pressure
4144,44387290845,brand
4145,44387290845,model_number
4146,44387290845,product_name
4147,44387290845,color_finish
4148,44387290845,height
4149,44387290845,width
4150,44387290845,depth
4151,44387290845,weight_lb
4152,44387290845,material
4153,44387290845,environmental_compliance
4154,44387290845,compatibility
4155,44387290845,bean_hopper_capacity
4156,44387290845,coffee_machine_features
4157,44387290845,water_tank_capacity
4158,44387290845,double_cup
4159,44387290845,coffee_input_type
4160,44387290845,controls
4161,44387290845,appliance_features
4162,44387290845,milk_frothing
4163,44387290845,voltage
4164,44387290845,wattage
4165,44387290845,certifications
4166,44387290845,warranty_parts
4167,44387290845,warranty_labor
4168,44387290845,gtin
4169,44387290845,dimensions
4170,44387290845,milk_tank_capacity
4171,44387290845,features
4172,44387290845,user_profiles
4173,44387290845,display_type
4174,44387290845,included_accessories
4175,44387290845,form_factor
4176,44387290845,security_features
4177,44387290845,warranty
4178,44387290845,output_power
4179,44387290845,capacity_generic
4180,44387290845,price
4181,44387710220,care_cleaning
4182,44387710220,operation_mode
4183,44387710220,preset_beverage_settings
4184,44387710220,grinder
4185,44387710220,pump_pressure
4186,44387710220,brand
4187,44387710220,model_number
4188,44387710220,product_name
4189,44387710220,color_finish
4190,44387710220,height
4191,44387710220,width
4192,44387710220,depth
4193,44387710220,weight_lb
4194,44387710220,environmental_compliance
4195,44387710220,compatibility
4196,44387710220,bean_hopper_capacity
4197,44387710220,coffee_machine_features
4198,44387710220,water_tank_capacity
4199,44387710220,double_cup
4200,44387710220,coffee_input_type
4201,44387710220,controls
4202,44387710220,appliance_features
4203,44387710220,milk_frothing
4204,44387710220,voltage
4205,44387710220,wattage
4206,44387710220,certifications
4207,44387710220,warranty_parts
4208,44387710220,warranty_labor
4209,44387710220,gtin
4210,44387153003,care_cleaning
4211,44387153003,operation_mode
4212,44387153003,grinder
4213,44387153003,pump_pressure
4214,44387153003,brand
4215,44387153003,model_number
4216,44387153003,product_name
4217,44387153003,color_finish
4218,44387153003,height
4219,44387153003,width
4220,44387153003,depth
4221,44387153003,weight_lb
4222,44387153003,environmental_compliance
4223,44387153003,compatibility
4224,44387153003,coffee_machine_features
4225,44387153003,water_tank_capacity
4226,44387153003,double_cup
4227,44387153003,coffee_input_type
4228,44387153003,controls
4229,44387153003,appliance_features
4230,44387153003,milk_frothing
4231,44387153003,voltage
4232,44387153003,wattage
4233,44387153003,certifications
4234,44387153003,warranty_parts
4235,44387153003,warranty_labor
4236,44387153003,gtin
4237,44387710220,dimensions
4238,44387710220,material
4239,44387710220,input_device_features
4240,44387710220,features
4241,44387710220,included_accessories
4242,44387710220,form_factor
4243,44387710220,security_features
4244,44387710220,warranty
4245,44387710220,output_power
4246,44387710220,capacity_generic
4247,44387710220,price
4248,44387153003,capacity_generic
4249,44387153003,form_factor
4250,44387153003,security_features
4251,44387153003,material
4252,44387153003,features
4253,44387153003,dimensions
4254,44387153003,output_power
4255,44387153003,condition
4256,44387153003,warranty
4257,44387153003,included_accessories
4258,44387153003,price
4259,44387153003,bean_hopper_capacity
4260,44387153003,power_source
4261,44387153003,input_device_features
4262,44387440554,care_cleaning
4263,44387440554,operation_mode
4264,44387440554,preset_beverage_settings
4265,44387440554,grinder
4266,44387440554,pump_pressure
4267,44387440554,brand
4268,44387440554,model_number
4269,44387440554,product_name
4270,44387440554,color_finish
4271,44387440554,height
4272,44387440554,width
4273,44387440554,depth
4274,44387440554,weight_lb
4275,44387440554,environmental_compliance
4276,44387440554,appliance_features
4277,44387440554,bean_hopper_capacity
4278,44387440554,coffee_machine_features
4279,44387440554,water_tank_capacity
4280,44387440554,double_cup
4281,44387440554,coffee_input_type
4282,44387440554,controls
4283,44387440554,milk_frothing
4284,44387440554,voltage
4285,44387440554,wattage
4286,44387440554,certifications
4287,44387440554,warranty_parts
4288,44387440554,warranty_labor
4289,44387440554,gtin
4290,44387450867,care_cleaning
4291,44387450867,operation_mode
4292,44387450867,preset_beverage_settings
4293,44387450867,grinder
4294,44387450867,pump_pressure
4295,44387450867,brand
4296,44387450867,model_number
4297,44387450867,product_name
4298,44387450867,color_finish
4299,44387450867,height
4300,44387450867,width
4301,44387450867,depth
4302,44387450867,weight_lb
4303,44387450867,environmental_compliance
4304,44387450867,bean_hopper_capacity
4305,44387450867,coffee_machine_features
4306,44387450867,water_tank_capacity
4307,44387450867,double_cup
4308,44387450867,coffee_input_type
4309,44387450867,controls
4310,44387450867,appliance_features
4311,44387450867,milk_frothing
4312,44387450867,voltage
4313,44387450867,wattage
4314,44387450867,certifications
4315,44387450867,warranty_parts
4316,44387450867,warranty_labor
4317,44387450867,gtin
4318,44387450867,dimensions
4319,44387450867,material
4320,44387450867,included_accessories
4321,44387450867,form_factor
4322,44387450867,security_features
4323,44387450867,warranty
4324,44387450867,output_power
4325,44387450867,features
4326,44387450867,capacity_generic
4327,44387450867,price
4328,44387955508,care_cleaning
4329,44387955508,operation_mode
4330,44387955508,preset_beverage_settings
4331,44387955508,grinder
4332,44387955508,pump_pressure
4333,44387955508,brand
4334,44387955508,model_number
4335,44387955508,product_name
4336,44387955508,color_finish
4337,44387955508,height
4338,44387955508,width
4339,44387955508,depth
4340,44387955508,weight_lb
4341,44387955508,material
4342,44387955508,environmental_compliance
4343,44387955508,compatibility
4344,44387955508,bean_hopper_capacity
4345,44387955508,coffee_machine_features
4346,44387955508,water_tank_capacity
4347,44387955508,double_cup
4348,44387955508,coffee_input_type
4349,44387955508,controls
4350,44387955508,appliance_features
4351,44387955508,milk_frothing
4352,44387955508,voltage
4353,44387955508,wattage
4354,44387955508,certifications
4355,44387955508,warranty_parts
4356,44387955508,warranty_labor
4357,44387955508,gtin
4358,44387955508,dimensions
4359,44387955508,features
4360,44387955508,included_accessories
4361,44387955508,capacity_generic
4362,44387955508,security_features
4363,44387955508,form_factor
4364,44387955508,warranty
4365,44387955508,output_power
4366,44387955508,price
4367,21614807946,care_cleaning
4368,21614807946,operation_mode
4369,21614807946,grinder
4370,21614807946,pump_pressure
4371,21614807946,brand
4372,21614807946,model_number
4373,21614807946,product_name
4374,21614807946,color_finish
4375,21614807946,height
4376,21614807946,width
4377,21614807946,depth
4378,21614807946,weight_lb
4379,21614807946,material
4380,21614807946,environmental_compliance
4381,21614807946,appliance_features
4382,21614807946,compatibility
4383,21614807946,bean_hopper_capacity
4384,21614807946,coffee_machine_features
4385,21614807946,water_tank_capacity
4386,21614807946,controls
4387,21614807946,milk_frothing
4388,21614807946,voltage
4389,21614807946,wattage
4390,21614807946,certifications
4391,21614807946,warranty_parts
4392,21614807946,warranty_labor
4393,21614807946,gtin
4394,21614807564,care_cleaning
4395,21614807564,operation_mode
4396,21614807564,grinder
4397,21614807564,pump_pressure
4398,21614807564,brand
4399,21614807564,model_number
4400,21614807564,product_name
4401,21614807564,color_finish
4402,21614807564,height
4403,21614807564,width
4404,21614807564,depth
4405,21614807564,weight_lb
4406,21614807564,material
4407,21614807564,environmental_compliance
4408,21614807564,appliance_features
4409,21614807564,compatibility
4410,21614807564,bean_hopper_capacity
4411,21614807564,coffee_machine_features
4412,21614807564,water_tank_capacity
4413,21614807564,controls
4414,21614807564,milk_frothing
4415,21614807564,voltage
4416,21614807564,wattage
4417,21614807564,certifications
4418,21614807564,warranty_parts
4419,21614807564,warranty_labor
4420,21614807564,gtin
4421,21614807946,dimensions
4422,21614807946,included_accessories
4423,21614807946,capacity_generic
4424,21614807946,output_power
4425,21614807946,coffee_input_type
4426,21614807946,form_factor
4427,21614807946,warranty
4428,21614807946,price
4429,21614807564,capacity_generic
4430,21614807564,output_power
4431,21614807564,coffee_input_type
4432,21614807564,security_features
4433,21614807564,features
4434,21614807564,form_factor
4435,21614807564,dimensions
4436,21614807564,warranty
4437,21614807564,included_accessories
4438,21614807564,price
4439,21614032829,care_cleaning
4440,21614032829,operation_mode
4441,21614032829,grinder
4442,21614032829,pump_pressure
4443,21614032829,brand
4444,21614032829,model_number
4445,21614032829,product_name
4446,21614032829,color_finish
4447,21614032829,height
4448,21614032829,width
4449,21614032829,depth
4450,21614032829,weight_lb
4451,21614032829,material
4452,21614032829,environmental_compliance
4453,21614032829,appliance_features
4454,21614032829,compatibility
4455,21614032829,bean_hopper_capacity
4456,21614032829,coffee_machine_features
4457,21614032829,water_tank_capacity
4458,21614032829,double_cup
4459,21614032829,controls
4460,21614032829,milk_frothing
4461,21614032829,voltage
4462,21614032829,wattage
4463,21614032829,certifications
4464,21614032829,warranty_parts
4465,21614032829,warranty_labor
4466,21614032829,gtin
4467,21614032829,dimensions
4468,21614032829,included_accessories
4469,21614032829,warranty
4470,21614032829,security_features
4471,21614032829,coffee_input_type
4472,21614032829,capacity_generic
4473,21614032829,form_factor
4474,21614032829,features
4475,21614032829,output_power
4476,21614032829,price
4477,21614800145,care_cleaning
4478,21614800145,operation_mode
4479,21614800145,grinder
4480,21614800145,pump_pressure
4481,21614800145,brand
4482,21614800145,model_number
4483,21614800145,product_name
4484,21614800145,color_finish
4485,21614800145,height
4486,21614800145,width
4487,21614800145,depth
4488,21614800145,weight_lb
4489,21614800145,material
4490,21614800145,environmental_compliance
4491,21614800145,appliance_features
4492,21614800145,compatibility
4493,21614800145,coffee_machine_features
4494,21614800145,water_tank_capacity
4495,21614800145,double_cup
4496,21614800145,coffee_input_type
4497,21614800145,controls
4498,21614800145,milk_frothing
4499,21614800145,voltage
4500,21614800145,wattage
4501,21614800145,certifications
4502,21614800145,warranty_parts
4503,21614800145,warranty_labor
4504,21614800145,gtin
4505,21614800145,bean_hopper_capacity
4506,21614800145,dimensions
4507,21614800145,warranty
4508,21614800145,features
4509,21614800145,output_power
4510,21614800145,capacity_generic
4511,21614800145,form_factor
4512,21614800145,included_accessories
4513,21614800145,price
4514,44387009218,care_cleaning
4515,44387009218,operation_mode
4516,44387009218,grinder
4517,44387009218,pump_pressure
4518,44387009218,brand
4519,44387009218,model_number
4520,44387009218,product_name
4521,44387009218,color_finish
4522,44387009218,height
4523,44387009218,width
4524,44387009218,depth
4525,44387009218,weight_lb
4526,44387009218,environmental_compliance
4527,44387009218,compatibility
4528,44387009218,coffee_machine_features
4529,44387009218,water_tank_capacity
4530,44387009218,double_cup
4531,44387009218,coffee_input_type
4532,44387009218,controls
4533,44387009218,appliance_features
4534,44387009218,milk_frothing
4535,44387009218,voltage
4536,44387009218,wattage
4537,44387009218,certifications
4538,44387009218,warranty_parts
4539,44387009218,warranty_labor
4540,44387009218,gtin
4541,44387009218,model_name
4542,44387009218,dimensions
4543,44387009218,features
4544,21614807625,care_cleaning
4545,21614807625,operation_mode
4546,21614807625,pump_pressure
4547,21614807625,brand
4548,21614807625,model_number
4549,21614807625,product_name
4550,21614807625,color_finish
4551,21614807625,height
4552,21614807625,width
4553,21614807625,depth
4554,21614807625,weight_lb
4555,21614807625,material
4556,21614807625,environmental_compliance
4557,21614807625,coffee_machine_features
4558,21614807625,water_tank_capacity
4559,21614807625,controls
4560,21614807625,milk_frothing
4561,21614807625,voltage
4562,21614807625,wattage
4563,21614807625,certifications
4564,21614807625,warranty_parts
4565,21614807625,warranty_labor
4566,21614807625,gtin
4567,44387121194,care_cleaning
4568,44387121194,operation_mode
4569,44387121194,pump_pressure
4570,44387121194,brand
4571,44387121194,model_number
4572,44387121194,product_name
4573,44387121194,color_finish
4574,44387121194,height
4575,44387121194,width
4576,44387121194,depth
4577,44387121194,weight_lb
4578,44387121194,environmental_compliance
4579,44387121194,coffee_machine_features
4580,44387121194,water_tank_capacity
4581,44387121194,controls
4582,44387121194,milk_frothing
4583,44387121194,certifications
4584,44387121194,warranty_parts
4585,44387121194,gtin
4586,21614807625,appliance_features
4587,21614807625,dimensions
4588,21614807625,features
4589,21614807625,coffee_input_type
4590,21614807625,compatibility
4591,44387121194,wattage
4592,44387121194,appliance_features
4593,44387121194,dimensions
4594,44387121194,voltage
4595,44387121194,power_source
4596,44387121194,material
4597,44387121194,coffee_input_type
4598,44387121194,capacity_generic
4599,44387121194,output_power
4600,44387121194,warranty
4601,44387121194,price
4602,21614999832,care_cleaning
4603,21614999832,operation_mode
4604,21614999832,grinder
4605,21614999832,pump_pressure
4606,21614999832,brand
4607,21614999832,model_number
4608,21614999832,product_name
4609,21614999832,color_finish
4610,21614999832,height
4611,21614999832,width
4612,21614999832,depth
4613,21614999832,weight_lb
4614,21614999832,material
4615,21614999832,environmental_compliance
4616,21614999832,appliance_features
4617,21614999832,compatibility
4618,21614999832,coffee_machine_features
4619,21614999832,water_tank_capacity
4620,21614999832,double_cup
4621,21614999832,controls
4622,21614999832,milk_frothing
4623,21614999832,voltage
4624,21614999832,certifications
4625,21614999832,warranty_parts
4626,21614999832,warranty_labor
4627,21614999832,gtin
4628,21614999832,wattage
4629,21614999832,dimensions
4630,21614999832,coffee_input_type
4631,21614999832,features
4632,21614999832,power_source
4633,21614999832,package_quantity
4634,21614999832,energy_saving
4635,21614999832,capsule_container_capacity
4636,622356643566,care_cleaning
4637,622356643566,operation_mode
4638,622356643566,grinder
4639,622356643566,pump_pressure
4640,622356643566,brand
4641,622356643566,model_number
4642,622356643566,product_name
4643,622356643566,color_finish
4644,622356643566,height
4645,622356643566,width
4646,622356643566,depth
4647,622356643566,weight_lb
4648,622356643566,environmental_compliance
4649,622356643566,coffee_machine_features
4650,622356643566,water_tank_capacity
4651,622356643566,controls
4652,622356643566,milk_frothing
4653,622356643566,certifications
4654,622356643566,warranty_parts
4655,622356643566,warranty_labor
4656,622356643566,gtin
4657,622356643566,dimensions
4658,622356643566,wattage
4659,622356643566,voltage
4660,622356643566,material
4661,622356643566,warranty
4662,622356643566,model_name
4663,622356643566,coffee_input_type
4664,622356643566,input_device_features
4665,622356643566,features
4666,622356643566,included_accessories
4667,622356643566,output_power
4668,622356643566,capacity_generic
4669,622356643566,form_factor
4670,622356643566,price
4671,622356635165,care_cleaning
4672,622356635165,operation_mode
4673,622356635165,grinder
4674,622356635165,pump_pressure
4675,622356635165,brand
4676,622356635165,model_number
4677,622356635165,product_name
4678,622356635165,color_finish
4679,622356635165,height
4680,622356635165,width
4681,622356635165,depth
4682,622356635165,weight_lb
4683,622356635165,environmental_compliance
4684,622356635165,coffee_machine_features
4685,622356635165,water_tank_capacity
4686,622356635165,double_cup
4687,622356635165,coffee_input_type
4688,622356635165,controls
4689,622356635165,milk_frothing
4690,622356635165,voltage
4691,622356635165,wattage
4692,622356635165,certifications
4693,622356635165,warranty_parts
4694,622356635165,warranty_labor
4695,622356635165,gtin
4696,622356635165,amperage
4697,622356635165,dimensions
4698,622356635165,length
4699,622356635165,material
4700,622356635165,bean_hopper_capacity
4701,622356635165,features
4702,622356635165,input_device_features
4703,622356635165,included_accessories
4704,732388790470,care_cleaning
4705,732388790470,coffee_input_type
4706,732388790470,appliance_features
4707,732388790470,coffee_machine_features
4708,732388790470,brand
4709,732388790470,model_number
4710,732388790470,product_name
4711,732388790470,color_finish
4712,732388790470,height
4713,732388790470,width
4714,732388790470,depth
4715,732388790470,weight_lb
4716,732388790470,environmental_compliance
4717,732388790470,controls
4718,732388790470,certifications
4719,732388790470,warranty_parts
4720,732388790470,warranty_labor
4721,732388790470,gtin
4722,732388533848,care_cleaning
4723,732388533848,operation_mode
4724,732388533848,pump_pressure
4725,732388533848,brand
4726,732388533848,model_number
4727,732388533848,product_name
4728,732388533848,color_finish
4729,732388533848,height
4730,732388533848,width
4731,732388533848,depth
4732,732388533848,weight_lb
4733,732388533848,environmental_compliance
4734,732388533848,coffee_machine_features
4735,732388533848,water_tank_capacity
4736,732388533848,coffee_input_type
4737,732388533848,controls
4738,732388533848,appliance_features
4739,732388533848,milk_frothing
4740,732388533848,wattage
4741,732388533848,certifications
4742,732388533848,warranty_parts
4743,732388533848,warranty_labor
4744,732388533848,gtin
4745,732388790470,wattage
4746,732388790470,water_tank_capacity
4747,732388790470,model_name
4748,732388790470,dimensions
4749,732388790470,material
4750,732388790470,features
4751,732388790470,package_quantity
4752,732388790470,voltage
4753,732388790470,cup_capacity_size
4754,732388790470,warranty
4755,732388790470,battery_type
4756,732388790470,capacity_generic
4757,732388790470,price
4758,732388533848,bean_hopper_capacity
4759,732388533848,dimensions
4760,732388533848,voltage
4761,732388533848,material
4762,732388533848,features
4763,732388533848,included_accessories
4764,622356693592,dimensions
4765,622356693592,care_cleaning
4766,622356693592,warranty
4767,622356693592,weight_lb
4768,622356693592,holds_up_to
4769,622356693592,wattage
4770,622356693592,material
4771,622356693592,capacity_qt
4772,622356693592,gtin
4773,622356693592,product_name
4774,622356693592,brand
4775,622356693592,price
4776,622356670289,holds_up_to
4777,622356670289,capacity_qt
4778,622356670289,appliance_type
4779,622356670289,features
4780,622356670289,care_cleaning
4781,622356670289,wattage
4782,622356670289,warranty
4783,622356670289,material
4784,622356670289,dimensions
4785,622356670289,weight_lb
4786,622356670289,gtin
4787,622356670289,product_name
4788,622356670289,brand
4789,622356670289,price
4790,622356635660,features
4791,622356635660,wattage
4792,622356635660,dimensions
4793,622356635660,weight_lb
4794,622356635660,capacity_qt
4795,622356635660,holds_up_to
4796,622356635660,care_cleaning
4797,622356635660,warranty
4798,622356635660,model_number
4799,622356635660,material
4800,622356635660,gtin
4801,622356635660,product_name
4802,622356635660,brand
4803,622356635660,price
4804,622356670289,max_temperature
4805,622356670289,model_name
4806,622356670289,included_accessories
4807,622356670289,controls
4808,622356670289,power_source
4809,622356670289,temperature_range
4810,622356670289,door_features
4811,622356670289,environmental_compliance
4812,622356635660,max_temperature
4813,622356635660,voltage
4814,622356635660,controls
4815,622356635660,min_temperature
4816,622356635660,appliance_features
4817,622356635660,included_accessories
4818,622356564380,weight_lb
4819,622356564380,features
4820,622356564380,dimensions
4821,622356564380,capacity_qt
4822,622356564380,security_features
4823,622356564380,appliance_type
4824,622356564380,care_cleaning
4825,622356564380,included_accessories
4826,622356564380,material
4827,622356564380,holds_up_to
4828,622356564380,warranty
4829,622356564380,wattage
4830,622356564380,gtin
4831,622356564380,product_name
4832,622356564380,brand
4833,622356564380,price
4834,622356564380,max_temperature
4835,622356564380,voltage
4836,622356564380,controls
4837,622356564380,controller_type
4838,622356564380,appliance_features
4839,622356564380,length
4840,622356564380,nonstick_coating
4841,622356564380,model_name
4842,622356564380,model_number
4843,622356635042,weight_lb
4844,622356635042,features
4845,622356635042,capacity_qt
4846,622356635042,wattage
4847,622356635042,care_cleaning
4848,622356635042,warranty
4849,622356635042,holds_up_to
4850,622356635042,material
4851,622356635042,model_number
4852,622356635042,dimensions
4853,622356635042,gtin
4854,622356635042,product_name
4855,622356635042,brand
4856,622356635042,price
4857,622356635042,max_temperature
4858,622356635042,voltage
4859,622356635042,controls
4860,622356635042,controller_type
4861,622356635042,appliance_features
4862,622356635042,included_accessories
4863,622356631211,holds_up_to
4864,622356631211,dimensions
4865,622356631211,capacity_qt
4866,622356631211,care_cleaning
4867,622356631211,warranty
4868,622356631211,weight_lb
4869,622356631211,wattage
4870,622356631211,material
4871,622356631211,model_number
4872,622356631211,gtin
4873,622356631211,product_name
4874,622356631211,brand
4875,622356631211,price
4876,622356631211,max_temperature
4877,622356631211,voltage
4878,622356631211,controls
4879,622356631211,min_temperature
4880,622356631211,appliance_features
4881,622356631211,compatibility
4882,622356631211,nonstick_coating
4883,622356631211,model_name
4884,622356631211,features
4885,622356554572,dimensions
4886,622356554572,holds_up_to
4887,622356554572,features
4888,622356554572,wattage
4889,622356554572,security_features
4890,622356554572,weight_lb
4891,622356554572,appliance_type
4892,622356554572,care_cleaning
4893,622356554572,capacity_qt
4894,622356554572,included_accessories
4895,622356554572,warranty
4896,622356554572,material
4897,622356554572,gtin
4898,622356554572,product_name
4899,622356554572,brand
4900,622356554572,price
4901,622356554572,max_temperature
4902,622356554572,voltage
4903,622356554572,controls
4904,622356554572,appliance_features
4905,622356554572,length
4906,622356554572,model_number
4907,622356592260,appliance_features
4908,622356592260,features
4909,622356592260,dimensions
4910,622356592260,material
4911,622356592260,package_quantity
4912,622356592260,wattage
4913,622356592260,appliance_type
4914,622356592260,care_cleaning
4915,622356592260,warranty
4916,622356592260,included_accessories
4917,622356592260,weight_lb
4918,622356592260,gtin
4919,622356592260,product_name
4920,622356592260,brand
4921,622356592260,price
4922,622356643917,included_accessories
4923,622356643917,material
4924,622356643917,certifications
4925,622356643917,dimensions
4926,622356643917,wattage
4927,622356643917,form_factor
4928,622356643917,care_cleaning
4929,622356643917,warranty
4930,622356643917,weight_lb
4931,622356643917,appliance_type
4932,622356643917,capacity_qt
4933,622356643917,gtin
4934,622356643917,product_name
4935,622356643917,brand
4936,622356643917,price
4937,691835130194,appliance_features
4938,691835130194,material
4939,691835130194,care_cleaning
4940,691835130194,condition
4941,691835130194,dimensions
4942,691835130194,weight_lb
4943,691835130194,warranty
4944,691835130194,wattage
4945,691835130194,appliance_type
4946,691835130194,gtin
4947,691835130194,product_name
4948,691835130194,brand
4949,691835130194,price
4950,622356643917,max_temperature
4951,622356643917,model_name
4952,622356643917,controls
4953,622356643917,power_source
4954,622356643917,storage_shelves
4955,622356643917,color_finish
4956,622356643917,door_features
4957,622356643917,features
4958,622356643917,model_number
4959,622356635202,holds_up_to
4960,622356635202,care_cleaning
4961,622356635202,capacity_qt
4962,622356635202,weight_lb
4963,622356635202,warranty
4964,622356635202,wattage
4965,622356635202,model_number
4966,622356635202,material
4967,622356635202,dimensions
4968,622356635202,gtin
4969,622356635202,product_name
4970,622356635202,brand
4971,622356635202,price
4972,622356611206,included_accessories
4973,622356611206,appliance_type
4974,622356611206,capacity_qt
4975,622356611206,features
4976,622356611206,material
4977,622356611206,care_cleaning
4978,622356611206,warranty
4979,622356611206,holds_up_to
4980,622356611206,wattage
4981,622356611206,dimensions
4982,622356611206,weight_lb
4983,622356611206,gtin
4984,622356611206,product_name
4985,622356611206,brand
4986,622356611206,price
4987,622356635202,max_temperature
4988,622356635202,voltage
4989,622356635202,controls
4990,622356635202,appliance_features
4991,622356635202,features
4992,622356635202,included_accessories
4993,622356611206,max_temperature
4994,622356611206,voltage
4995,622356611206,controls
4996,622356611206,nonstick_coating
4997,622356611206,model_number
4998,622356611206,output_power
4999,622356611206,appliance_features
5000,622356590792,included_accessories
5001,622356590792,care_cleaning
5002,622356590792,appliance_type
5003,622356590792,material
5004,622356590792,features
5005,622356590792,dimensions
5006,622356590792,wattage
5007,622356590792,warranty
5008,622356590792,weight_lb
5009,622356590792,holds_up_to
5010,622356590792,capacity_qt
5011,622356590792,gtin
5012,622356590792,product_name
5013,622356590792,brand
5014,622356590792,price
5015,622356590792,max_temperature
5016,622356590792,voltage
5017,622356590792,controls
5018,622356590792,appliance_features
5019,622356590792,model_number
5020,732388523849,dimensions
5021,732388523849,condition
5022,732388523849,capacity_qt
5023,732388523849,weight_lb
5024,732388523849,wattage
5025,732388523849,battery_type
5026,732388523849,model_number
5027,732388523849,care_cleaning
5028,732388523849,warranty
5029,732388523849,material
5030,732388523849,holds_up_to
5031,732388523849,gtin
5032,732388523849,product_name
5033,732388523849,brand
5034,732388523849,price
5035,732388523849,max_temperature
5036,732388523849,features
5037,732388523849,voltage
5038,732388523849,controls
5039,732388523849,appliance_features
5040,732388523849,nonstick_coating
5041,732388523849,included_accessories
5042,622356643924,dimensions
5043,622356643924,appliance_type
5044,622356643924,certifications
5045,622356643924,weight_lb
5046,622356643924,material
5047,622356643924,wattage
5048,622356643924,care_cleaning
5049,622356643924,form_factor
5050,622356643924,capacity_qt
5051,622356643924,warranty
5052,622356643924,included_accessories
5053,622356643924,gtin
5054,622356643924,product_name
5055,622356643924,brand
5056,622356643924,price
5057,622356643924,max_temperature
5058,622356643924,controls
5059,622356643924,power_source
5060,622356643924,storage_shelves
5061,622356643924,color_finish
5062,622356643924,door_features
5063,622356643924,model_name
5064,622356643924,product_style
5065,21614999825,care_cleaning
5066,21614999825,operation_mode
5067,21614999825,grinder
5068,21614999825,pump_pressure
5069,21614999825,brand
5070,21614999825,model_number
5071,21614999825,product_name
5072,21614999825,color_finish
5073,21614999825,height
5074,21614999825,width
5075,21614999825,depth
5076,21614999825,weight_lb
5077,21614999825,material
5078,21614999825,environmental_compliance
5079,21614999825,appliance_features
5080,21614999825,compatibility
5081,21614999825,coffee_machine_features
5082,21614999825,water_tank_capacity
5083,21614999825,double_cup
5084,21614999825,controls
5085,21614999825,milk_frothing
5086,21614999825,voltage
5087,21614999825,certifications
5088,21614999825,warranty_parts
5089,21614999825,warranty_labor
5090,21614999825,gtin
5091,44387303002,care_cleaning
5092,44387303002,operation_mode
5093,44387303002,grinder
5094,44387303002,pump_pressure
5095,44387303002,brand
5096,44387303002,model_number
5097,44387303002,product_name
5098,44387303002,color_finish
5099,44387303002,height
5100,44387303002,width
5101,44387303002,depth
5102,44387303002,weight_lb
5103,44387303002,material
5104,44387303002,environmental_compliance
5105,44387303002,compatibility
5106,44387303002,coffee_machine_features
5107,44387303002,water_tank_capacity
5108,44387303002,controls
5109,44387303002,appliance_features
5110,44387303002,milk_frothing
5111,44387303002,voltage
5112,44387303002,wattage
5113,44387303002,certifications
5114,44387303002,warranty_parts
5115,44387303002,warranty_labor
5116,44387303002,gtin
5117,21614999825,wattage
5118,21614999825,capacity_liters
5119,21614999825,dimensions
5120,21614999825,features
5121,21614999825,coffee_input_type
5122,21614999825,energy_saving
5123,21614999825,capacity_generic
5124,21614999825,included_accessories
5125,21614999825,warranty
5126,21614999825,form_factor
5127,21614999825,output_power
5128,21614999825,price
5129,44387303002,bean_hopper_capacity
5130,44387303002,dimensions
5131,44387303002,coffee_input_type
5132,44387303002,power_source
5133,44387303002,features
5134,44387303002,package_quantity
5135,44387001557,care_cleaning
5136,44387001557,operation_mode
5137,44387001557,grinder
5138,44387001557,pump_pressure
5139,44387001557,brand
5140,44387001557,model_number
5141,44387001557,product_name
5142,44387001557,color_finish
5143,44387001557,height
5144,44387001557,width
5145,44387001557,depth
5146,44387001557,weight_lb
5147,44387001557,material
5148,44387001557,environmental_compliance
5149,44387001557,compatibility
5150,44387001557,coffee_machine_features
5151,44387001557,water_tank_capacity
5152,44387001557,controls
5153,44387001557,appliance_features
5154,44387001557,milk_frothing
5155,44387001557,voltage
5156,44387001557,wattage
5157,44387001557,certifications
5158,44387001557,warranty_parts
5159,44387001557,warranty_labor
5160,44387001557,gtin
5161,44387001557,model_name
5162,44387001557,dimensions
5163,44387001557,coffee_input_type
5164,44387001557,power_source
5165,44387001557,features
5166,44387001557,input_device_features
5167,44387001557,capsule_container_capacity
5168,194253715092,noise_cancellation
5169,194253715092,audio_features
5170,194253715092,connector_type
5171,194253715092,wireless_connectivity
5172,194253715092,wireless_range
5173,194253715092,durability_resistance
5174,194253715092,microphone
5175,194253715092,form_factor
5176,194253715092,headphone_fit
5177,194253715092,headphone_physical_features
5178,194253715092,battery_life_hr
5179,194253715092,charge_time
5180,194253715092,compatibility
5181,194253715092,brand
5182,194253715092,model_number
5183,194253715092,product_name
5184,194253715092,color_finish
5185,194253715092,sound_isolation
5186,194253715092,frequency_response
5187,194253715092,integrated_amplifier
5188,194253715092,audio_driver
5189,194253715092,controls
5190,194253715092,customizable_lighting
5191,194253715092,product_style
5192,194253715092,rechargeable
5193,194253715092,charging_interface
5194,194253715092,fast_charging
5195,194253715092,onoff_switch
5196,194253715092,height
5197,194253715092,width
5198,194253715092,length
5199,194253715092,weight_lb
5200,194253715092,warranty_parts
5201,194253715092,warranty_labor
5202,194253715092,gtin
5203,27242933477,audio_driver
5204,27242933477,battery_life_hr
5205,27242933477,impedance
5206,27242933477,noise_cancellation
5207,27242933477,weight_lb
5208,27242933477,length
5209,27242933477,width
5210,27242933477,height
5211,27242933477,charge_time
5212,27242933477,release_year
5213,27242933477,microphone
5214,27242933477,bluetooth_version
5215,27242933477,charging_interface
5216,27242933477,connector_type
5217,27242933477,audio_features
5218,27242933477,warranty
5219,194253715092,sensors
5220,194253715092,battery_type
5221,194253715092,dimensions
5222,194253715092,bluetooth_version
5223,194253715092,audio_connector_to_earpiece
5224,194253715092,package_weight
5225,194253715092,sku
5226,194253715092,included_accessories
5227,195949590849,noise_cancellation
5228,195949590849,connector_type
5229,195949590849,wireless_connectivity
5230,195949590849,audio_features
5231,195949590849,durability_resistance
5232,195949590849,microphone
5233,195949590849,form_factor
5234,195949590849,headphone_fit
5235,195949590849,battery_life_hr
5236,195949590849,headphone_physical_features
5237,195949590849,brand
5238,195949590849,model_number
5239,195949590849,product_name
5240,195949590849,color_finish
5241,195949590849,sound_isolation
5242,195949590849,controls
5243,195949590849,sensors
5244,195949590849,product_style
5245,195949590849,rechargeable
5246,195949590849,charging_interface
5247,195949590849,fast_charging
5248,195949590849,height
5249,195949590849,width
5250,195949590849,length
5251,195949590849,weight_lb
5252,195949590849,warranty_parts
5253,195949590849,warranty_labor
5254,195949590849,gtin
5255,195949121814,audio_features
5256,195949121814,connector_type
5257,195949121814,wireless_connectivity
5258,195949121814,durability_resistance
5259,195949121814,microphone
5260,195949121814,form_factor
5261,195949121814,headphone_fit
5262,195949121814,battery_life_hr
5263,195949121814,compatibility
5264,195949121814,brand
5265,195949121814,model_number
5266,195949121814,product_name
5267,195949121814,color_finish
5268,195949121814,series
5269,195949121814,sound_isolation
5270,195949121814,noise_cancellation
5271,195949121814,bluetooth_version
5272,195949121814,headphone_smart_features
5273,195949121814,controls
5274,195949121814,product_style
5275,195949121814,rechargeable
5276,195949121814,charging_interface
5277,195949121814,fast_charging
5278,195949121814,onoff_switch
5279,195949121814,headphone_physical_features
5280,195949121814,height
5281,195949121814,width
5282,195949121814,length
5283,195949121814,weight_lb
5284,195949121814,warranty_parts
5285,195949121814,warranty_labor
5286,195949121814,gtin
5287,27242933477,frequency_response
5288,27242933477,form_factor
5289,27242933477,case_weight
5290,27242933477,earpiece_weight
5291,27242933477,case_dimensions
5292,27242933477,dimensions
5293,27242933477,wireless_connectivity
5294,27242933477,durability_resistance
5295,27242933477,cpu_model
5296,27242933477,sensors
5297,27242933477,headphone_physical_features
5298,27242933477,fast_charging
5299,27242933477,model_number
5300,195949590849,audio_driver
5301,195949590849,battery_type
5302,195949590849,charging_features
5303,195949590849,dimensions
5304,195949590849,case_dimensions
5305,195949590849,earpiece_weight
5306,195949590849,case_weight
5307,195949590849,frequency_response
5308,195949590849,impedance
5309,195949590849,sku
5310,27242933477,color_finish
5311,27242933477,compatibility
5312,195949121814,audio_driver
5313,195949121814,earpiece_swivel
5314,195949121814,sensors
5315,195949121814,audio_connector_to_earpiece
5316,195949121814,dimensions
5317,195949121814,sku
5318,195949121814,included_accessories
5319,194253563846,noise_cancellation
5320,194253563846,audio_features
5321,194253563846,connector_type
5322,194253563846,wireless_connectivity
5323,194253563846,durability_resistance
5324,194253563846,microphone
5325,194253563846,form_factor
5326,194253563846,headphone_fit
5327,194253563846,battery_life_hr
5328,194253563846,charge_time
5329,194253563846,compatibility
5330,194253563846,voice_assistant
5331,194253563846,headphone_physical_features
5332,194253563846,brand
5333,194253563846,model_number
5334,194253563846,product_name
5335,194253563846,color_finish
5336,194253563846,sound_isolation
5337,194253563846,headphone_smart_features
5338,194253563846,controls
5339,194253563846,sensors
5340,194253563846,customizable_lighting
5341,194253563846,product_style
5342,194253563846,rechargeable
5343,194253563846,charging_interface
5344,194253563846,fast_charging
5345,194253563846,onoff_switch
5346,194253563846,height
5347,194253563846,width
5348,194253563846,length
5349,194253563846,weight_lb
5350,194253563846,warranty_parts
5351,194253563846,warranty_labor
5352,194253563846,gtin
5353,27242933477,headphone_fit
5354,27242933477,included_accessories
5355,194253563846,audio_driver
5356,194253563846,sku
5357,27242930698,noise_cancellation
5358,27242930698,connector_type
5359,27242930698,wireless_connectivity
5360,27242930698,audio_features
5361,27242930698,wireless_range
5362,27242930698,microphone
5363,27242930698,form_factor
5364,27242930698,headphone_fit
5365,27242930698,headphone_physical_features
5366,27242930698,battery_life_hr
5367,27242930698,charge_time
5368,27242930698,brand
5369,27242930698,model_number
5370,27242930698,product_name
5371,27242930698,color_finish
5372,27242930698,sound_isolation
5373,27242930698,bluetooth_version
5374,27242930698,product_style
5375,27242930698,rechargeable
5376,27242930698,charging_interface
5377,27242930698,height
5378,27242930698,width
5379,27242930698,length
5380,27242930698,weight_lb
5381,27242930698,warranty_parts
5382,27242930698,warranty_labor
5383,27242930698,gtin
5384,27242930698,audio_driver
5385,27242930698,frequency_response
5386,27242930698,impedance
5387,27242930698,sensitivity
5388,27242930698,material
5389,27242930698,cable_features
5390,27242930698,fast_charging
5391,27242930698,battery_type
5392,27242930698,headphone_smart_features
5393,27242930698,package_weight
5394,27242930698,dimensions
5395,27242930698,quick_attention
5396,27242933477,brand
5397,27242933477,product_name
5398,27242933477,sound_isolation
5399,27242933477,product_style
5400,27242933477,warranty_parts
5401,27242933477,warranty_labor
5402,27242933477,gtin
5403,27242933477,wireless_range
5404,27242933477,material
5405,27242933477,features
5406,27242933477,package_quantity
5407,27242933477,price
5408,27242933477,headphone_smart_features
5409,27242933477,controls
5410,27242933477,bluetooth_profiles
5411,27242933477,battery_type
5412,27242933477,charging_features
5413,27242931510,noise_cancellation
5414,27242931510,connector_type
5415,27242931510,wireless_connectivity
5416,27242931510,audio_features
5417,27242931510,wireless_range
5418,27242931510,durability_resistance
5419,27242931510,microphone
5420,27242931510,form_factor
5421,27242931510,headphone_fit
5422,27242931510,headphone_physical_features
5423,27242931510,battery_life_hr
5424,27242931510,charge_time
5425,27242931510,compatibility
5426,27242931510,voice_assistant
5427,27242931510,brand
5428,27242931510,model_number
5429,27242931510,product_name
5430,27242931510,color_finish
5431,27242931510,sound_isolation
5432,27242931510,integrated_amplifier
5433,27242931510,headphone_smart_features
5434,27242931510,bluetooth_version
5435,27242931510,controls
5436,27242931510,sensors
5437,27242931510,lighting_type
5438,27242931510,product_style
5439,27242931510,rechargeable
5440,27242931510,charging_interface
5441,27242931510,onoff_switch
5442,27242931510,height
5443,27242931510,width
5444,27242931510,length
5445,27242931510,weight_lb
5446,27242931510,warranty_parts
5447,27242931510,warranty_labor
5448,27242931510,gtin
5449,27242931510,audio_driver
5450,27242931510,frequency_response
5451,27242931510,impedance
5452,27242931510,sensitivity
5453,27242931510,case_weight
5454,27242931510,material
5455,27242934184,connector_type
5456,27242934184,wireless_connectivity
5457,27242934184,audio_features
5458,27242934184,headphone_fit
5459,27242934184,brand
5460,27242934184,model_number
5461,27242934184,product_name
5462,27242934184,color_finish
5463,27242934184,sound_isolation
5464,27242934184,product_style
5465,27242934184,height
5466,27242934184,width
5467,27242934184,length
5468,27242934184,weight_lb
5469,27242934184,warranty_parts
5470,27242934184,warranty_labor
5471,27242934184,gtin
5472,27242923232,noise_cancellation
5473,27242923232,connector_type
5474,27242923232,wireless_connectivity
5475,27242923232,audio_features
5476,27242923232,wireless_range
5477,27242923232,durability_resistance
5478,27242923232,microphone
5479,27242923232,form_factor
5480,27242923232,headphone_fit
5481,27242923232,headphone_physical_features
5482,27242923232,battery_life_hr
5483,27242923232,charge_time
5484,27242923232,compatibility
5485,27242923232,voice_assistant
5486,27242923232,brand
5487,27242923232,model_number
5488,27242923232,product_name
5489,27242923232,color_finish
5490,27242923232,sound_isolation
5491,27242923232,integrated_amplifier
5492,27242923232,headphone_smart_features
5493,27242923232,bluetooth_version
5494,27242923232,controls
5495,27242923232,sensors
5496,27242923232,lighting_type
5497,27242923232,product_style
5498,27242923232,rechargeable
5499,27242923232,charging_interface
5500,27242923232,onoff_switch
5501,27242923232,height
5502,27242923232,width
5503,27242923232,length
5504,27242923232,weight_lb
5505,27242923232,warranty_parts
5506,27242923232,warranty_labor
5507,27242923232,gtin
5508,27242934184,audio_driver
5509,27242934184,frequency_response
5510,27242934184,battery_life_hr
5511,27242934184,impedance
5512,27242934184,noise_cancellation
5513,27242934184,bluetooth_version
5514,27242934184,durability_resistance
5515,27242934184,charge_time
5516,27242934184,form_factor
5517,27242934184,headphone_smart_features
5518,27242923232,audio_driver
5519,27242923232,frequency_response
5520,27242923232,impedance
5521,27242923232,material
5522,27242923232,carrying_case_color
5523,27242923232,features
5524,27242923232,headphone_jack
5525,27242923232,fast_charging
5526,27242923232,package_weight
5527,27242923232,dimensions
5528,50036414029,audio_driver
5529,50036414029,frequency_response
5530,50036414029,battery_life_hr
5531,50036414029,impedance
5532,50036414029,noise_cancellation
5533,50036414029,weight_lb
5534,50036414029,length
5535,50036414029,bluetooth_version
5536,50036414029,wireless_range
5537,50036414029,charge_time
5538,50036414029,headphone_smart_features
5539,50036414029,quick_attention
5540,50036414029,ports_io
5541,50036414029,headphone_fit
5542,50036414029,audio_features
5543,50036414029,sound_isolation
5544,50036414029,charging_interface
5545,50036414029,compatibility
5546,50036414029,atmospheric_pressure_optimizing
5547,27242933460,noise_cancellation
5548,27242933460,connector_type
5549,27242933460,wireless_connectivity
5550,27242933460,audio_features
5551,27242933460,microphone
5552,27242933460,form_factor
5553,27242933460,headphone_fit
5554,27242933460,brand
5555,27242933460,model_number
5556,27242933460,product_name
5557,27242933460,color_finish
5558,27242933460,sound_isolation
5559,27242933460,product_style
5560,27242933460,height
5561,27242933460,width
5562,27242933460,length
5563,27242933460,weight_lb
5564,27242933460,warranty_parts
5565,27242933460,warranty_labor
5566,27242933460,gtin
5567,27242933460,audio_driver
5568,27242933460,frequency_response
5569,27242933460,battery_life_hr
5570,27242933460,impedance
5571,27242933460,bluetooth_version
5572,27242933460,wireless_range
5573,27242933460,charge_time
5574,27242933460,case_dimensions
5575,27242933460,case_weight
5576,27242933460,durability_resistance
5577,27242933460,material
5578,27242933460,features
5579,27242933460,controls
5580,27242933460,headphone_physical_features
5581,27242933460,package_quantity
5582,27242933460,warranty
5583,27242933460,price
5584,27242933460,sensors
5585,27242933460,battery_type
5586,27242933460,charging_interface
5587,27242933460,charging_features
5588,27242933460,earpiece_weight
5589,27242933460,headphone_smart_features
5590,27242933460,quick_attention
5591,27242933460,compatibility
5592,27242928688,noise_cancellation
5593,27242928688,audio_features
5594,27242928688,connector_type
5595,27242928688,wireless_connectivity
5596,27242928688,wireless_range
5597,27242928688,durability_resistance
5598,27242928688,microphone
5599,27242928688,form_factor
5600,27242928688,headphone_fit
5601,27242928688,headphone_physical_features
5602,27242928688,battery_life_hr
5603,27242928688,charge_time
5604,27242928688,compatibility
5605,27242928688,voice_assistant
5606,27242928688,brand
5607,27242928688,model_number
5608,27242928688,product_name
5609,27242928688,color_finish
5610,27242928688,sound_isolation
5611,27242928688,frequency_response
5612,27242928688,headphone_smart_features
5613,27242928688,bluetooth_version
5614,27242928688,sensors
5615,27242928688,lighting_type
5616,27242928688,product_style
5617,27242928688,rechargeable
5618,27242928688,battery_capacity
5619,27242928688,charging_interface
5620,27242928688,height
5621,27242928688,width
5622,27242928688,length
5623,27242928688,weight_lb
5624,27242928688,warranty_parts
5625,27242928688,warranty_labor
5626,27242928688,gtin
5627,27242928688,audio_driver
5628,27242928688,impedance
5629,27242928688,sensitivity
5630,27242928688,bluetooth_profiles
5631,27242928688,fast_charging
5632,27242928688,package_weight
5633,27242928688,dimensions
5634,27242928688,cord_type
5635,50036411974,noise_cancellation
5636,50036411974,connector_type
5637,50036411974,wireless_connectivity
5638,50036411974,audio_features
5639,50036411974,durability_resistance
5640,50036411974,microphone
5641,50036411974,form_factor
5642,50036411974,headphone_fit
5643,50036411974,battery_life_hr
5644,50036411974,charge_time
5645,50036411974,headphone_physical_features
5646,50036411974,brand
5647,50036411974,model_number
5648,50036411974,product_name
5649,50036411974,color_finish
5650,50036411974,sound_isolation
5651,50036411974,frequency_response
5652,50036411974,impedance
5653,50036411974,sensitivity
5654,50036411974,audio_driver
5655,50036411974,bluetooth_version
5656,50036411974,product_style
5657,50036411974,rechargeable
5658,50036411974,battery_capacity
5659,50036411974,charging_interface
5660,50036411974,fast_charging
5661,50036411974,height
5662,50036411974,width
5663,50036411974,length
5664,50036411974,weight_lb
5665,50036411974,warranty_parts
5666,50036411974,warranty_labor
5667,50036411974,gtin
5668,50036405041,noise_cancellation
5669,50036405041,connector_type
5670,50036405041,wireless_connectivity
5671,50036405041,audio_features
5672,50036405041,durability_resistance
5673,50036405041,microphone
5674,50036405041,form_factor
5675,50036405041,headphone_fit
5676,50036405041,battery_life_hr
5677,50036405041,charge_time
5678,50036405041,brand
5679,50036405041,model_number
5680,50036405041,product_name
5681,50036405041,color_finish
5682,50036405041,sound_isolation
5683,50036405041,frequency_response
5684,50036405041,impedance
5685,50036405041,sensitivity
5686,50036405041,audio_driver
5687,50036405041,bluetooth_version
5688,50036405041,headphone_smart_features
5689,50036405041,product_style
5690,50036405041,rechargeable
5691,50036405041,charging_interface
5692,50036405041,fast_charging
5693,50036405041,height
5694,50036405041,width
5695,50036405041,length
5696,50036405041,weight_lb
5697,50036405041,warranty_parts
5698,50036405041,warranty_labor
5699,50036405041,gtin
5700,50036394925,noise_cancellation
5701,50036394925,connector_type
5702,50036394925,wireless_connectivity
5703,50036394925,audio_features
5704,50036394925,durability_resistance
5705,50036394925,microphone
5706,50036394925,form_factor
5707,50036394925,headphone_fit
5708,50036394925,headphone_physical_features
5709,50036394925,battery_life_hr
5710,50036394925,charge_time
5711,50036394925,compatibility
5712,50036394925,brand
5713,50036394925,model_number
5714,50036394925,product_name
5715,50036394925,color_finish
5716,50036394925,sound_isolation
5717,50036394925,frequency_response
5718,50036394925,impedance
5719,50036394925,sensitivity
5720,50036394925,audio_driver
5721,50036394925,bluetooth_version
5722,50036394925,controls
5723,50036394925,product_style
5724,50036394925,rechargeable
5725,50036394925,battery_capacity
5726,50036394925,charging_interface
5727,50036394925,fast_charging
5728,50036394925,height
5729,50036394925,width
5730,50036394925,length
5731,50036394925,weight_lb
5732,50036394925,warranty_parts
5733,50036394925,warranty_labor
5734,50036394925,gtin
5735,50036405041,case_weight
5736,50036405041,earpiece_weight
5737,50036405041,bluetooth_frequency
5738,50036405041,controls
5739,50036405041,sku
5740,50036405041,battery_capacity
5741,50036405041,charging_case_battery_capacity_mah
5742,50036405041,dimensions
5743,50036405041,case_dimensions
5744,50036405041,compatibility
5745,50036405041,software_app
5746,50036394925,wireless_range
5747,50036394925,material
5748,50036394925,voice_assistant
5749,50036394925,sku
5750,50036394925,earpiece_swivel
5751,50036394925,bluetooth_profiles
5752,50036394925,headphone_smart_features
5753,50036394925,battery_type
5754,50036394925,dimensions
5755,50036394925,package_weight
5756,50036390095,noise_cancellation
5757,50036390095,connector_type
5758,50036390095,wireless_connectivity
5759,50036390095,audio_features
5760,50036390095,wireless_range
5761,50036390095,durability_resistance
5762,50036390095,microphone
5763,50036390095,form_factor
5764,50036390095,headphone_fit
5765,50036390095,battery_life_hr
5766,50036390095,charge_time
5767,50036390095,headphone_physical_features
5768,50036390095,brand
5769,50036390095,model_number
5770,50036390095,product_name
5771,50036390095,color_finish
5772,50036390095,sound_isolation
5773,50036390095,frequency_response
5774,50036390095,impedance
5775,50036390095,sensitivity
5776,50036390095,audio_driver
5777,50036390095,bluetooth_version
5778,50036390095,product_style
5779,50036390095,rechargeable
5780,50036390095,battery_capacity
5781,50036390095,charging_interface
5782,50036390095,fast_charging
5783,50036390095,height
5784,50036390095,width
5785,50036390095,length
5786,50036390095,weight_lb
5787,50036390095,warranty_parts
5788,50036390095,warranty_labor
5789,50036390095,gtin
5790,195951039060,connector_type
5791,195951039060,wireless_connectivity
5792,195951039060,audio_features
5793,195951039060,durability_resistance
5794,195951039060,microphone
5795,195951039060,form_factor
5796,195951039060,headphone_fit
5797,195951039060,headphone_physical_features
5798,195951039060,battery_life_hr
5799,195951039060,voice_assistant
5800,195951039060,brand
5801,195951039060,model_number
5802,195951039060,product_name
5803,195951039060,color_finish
5804,195951039060,series
5805,195951039060,sound_isolation
5806,195951039060,integrated_amplifier
5807,195951039060,bluetooth_version
5808,195951039060,controls
5809,195951039060,ai_features
5810,195951039060,product_style
5811,195951039060,rechargeable
5812,195951039060,charging_interface
5813,195951039060,height
5814,195951039060,width
5815,195951039060,length
5816,195951039060,weight_lb
5817,195951039060,warranty_parts
5818,195951039060,warranty_labor
5819,195951039060,gtin
5820,50036390095,case_weight
5821,50036390095,material
5822,50036390095,headphone_smart_features
5823,50036390095,battery_type
5824,50036390095,charging_case_battery_capacity_mah
5825,50036390095,dimensions
5826,50036390095,case_dimensions
5827,50036390095,earpiece_weight
5828,50036390095,compatibility
5829,50036390095,sku
5830,194644213947,audio_driver
5831,194644213947,frequency_response
5832,194644213947,battery_life_hr
5833,194644213947,noise_cancellation
5834,194644213947,weight_lb
5835,194644213947,dimensions
5836,194644213947,bluetooth_version
5837,194644213947,microphone
5838,194644213947,cpu_model
5839,194644213947,battery_type
5840,194644213947,form_factor
5841,194644213947,usb_type
5842,195951039060,audio_driver
5843,195951039060,frequency_response
5844,195951039060,noise_cancellation
5845,195951039060,earpiece_swivel
5846,195951039060,sensors
5847,195951039060,fast_charging
5848,195951039060,dimensions
5849,195951039060,package_weight
5850,195951039060,impedance
5851,195951039060,sku
5852,195951039060,included_accessories
5853,195950543698,noise_cancellation
5854,195950543698,connector_type
5855,195950543698,wireless_connectivity
5856,195950543698,audio_features
5857,195950543698,durability_resistance
5858,195950543698,microphone
5859,195950543698,form_factor
5860,195950543698,headphone_fit
5861,195950543698,battery_life_hr
5862,195950543698,compatibility
5863,195950543698,headphone_physical_features
5864,195950543698,brand
5865,195950543698,model_number
5866,195950543698,product_name
5867,195950543698,color_finish
5868,195950543698,series
5869,195950543698,sound_isolation
5870,195950543698,bluetooth_version
5871,195950543698,controls
5872,195950543698,sensors
5873,195950543698,ai_features
5874,195950543698,product_style
5875,195950543698,rechargeable
5876,195950543698,charging_interface
5877,195950543698,fast_charging
5878,195950543698,height
5879,195950543698,width
5880,195950543698,length
5881,195950543698,weight_lb
5882,195950543698,warranty_parts
5883,195950543698,warranty_labor
5884,195950543698,gtin
5885,194644213947,impedance
5886,194644213947,charging_interface
5887,194644213947,headphone_physical_features
5888,194644213947,ai_features
5889,194644213947,sensors
5890,194644213947,adaptive_eq
5891,194644213947,active_hearing_protection
5892,194644213947,headphone_smart_features
5893,194644213947,audio_features
5894,195950543698,warranty
5895,195950543698,features
5896,195950543698,package_quantity
5897,195950543698,price
5898,195950543698,audio_driver
5899,195950543698,headphone_smart_features
5900,195950543698,charging_features
5901,195950543698,dimensions
5902,195950543698,case_dimensions
5903,195950543698,earpiece_weight
5904,195950543698,case_weight
5905,195950543698,frequency_response
5906,195950543698,impedance
5907,195950543698,sku
5908,195949688522,noise_cancellation
5909,195949688522,connector_type
5910,195949688522,wireless_connectivity
5911,195949688522,audio_features
5912,195949688522,durability_resistance
5913,195949688522,microphone
5914,195949688522,form_factor
5915,195949688522,headphone_fit
5916,195949688522,battery_life_hr
5917,195949688522,compatibility
5918,195949688522,brand
5919,195949688522,model_number
5920,195949688522,product_name
5921,195949688522,color_finish
5922,195949688522,series
5923,195949688522,sound_isolation
5924,195949688522,bluetooth_version
5925,195949688522,controls
5926,195949688522,product_style
5927,195949688522,rechargeable
5928,195949688522,charging_interface
5929,195949688522,height
5930,195949688522,width
5931,195949688522,length
5932,195949688522,weight_lb
5933,195949688522,warranty_parts
5934,195949688522,warranty_labor
5935,195949688522,gtin
5936,195949689604,noise_cancellation
5937,195949689604,connector_type
5938,195949689604,wireless_connectivity
5939,195949689604,audio_features
5940,195949689604,durability_resistance
5941,195949689604,microphone
5942,195949689604,form_factor
5943,195949689604,headphone_fit
5944,195949689604,battery_life_hr
5945,195949689604,compatibility
5946,195949689604,brand
5947,195949689604,model_number
5948,195949689604,product_name
5949,195949689604,color_finish
5950,195949689604,series
5951,195949689604,sound_isolation
5952,195949689604,bluetooth_version
5953,195949689604,controls
5954,195949689604,product_style
5955,195949689604,rechargeable
5956,195949689604,charging_interface
5957,195949689604,height
5958,195949689604,width
5959,195949689604,length
5960,195949689604,weight_lb
5961,195949689604,warranty_parts
5962,195949689604,warranty_labor
5963,195949689604,gtin
5964,194644213947,height
5965,194644213947,width
5966,194644213947,depth
5967,194644213947,charging_case_height
5968,194644213947,charging_case_width
5969,194644213947,charging_case_depth
5970,194644213947,case_weight
5971,194644213947,durability_resistance
5972,194644213947,battery_capacity
5973,194644213947,model_number
5974,195949688522,audio_driver
5975,195949688522,sensors
5976,195949688522,headphone_smart_features
5977,195949688522,fast_charging
5978,195949688522,dimensions
5979,195949688522,case_dimensions
5980,195949688522,earpiece_weight
5981,195949688522,case_weight
5982,195949688522,sku
5983,194644213947,charge_time
5984,195949689604,audio_driver
5985,195949689604,sensors
5986,195949689604,headphone_smart_features
5987,195949689604,charging_features
5988,195949689604,dimensions
5989,195949689604,case_dimensions
5990,195949689604,earpiece_weight
5991,195949689604,case_weight
5992,195949689604,frequency_response
5993,195949689604,impedance
5994,195949689604,sku
5995,194644148744,brand
5996,194644148744,model_number
5997,194644148744,product_name
5998,194644148744,color_finish
5999,194644148744,battery_capacity
6000,194644148744,battery_type
6001,194644148744,output_power
6002,194644148744,input_power
6003,194644148744,length
6004,194644148744,height
6005,194644148744,width
6006,194644148744,weight_lb
6007,194644148744,warranty_parts
6008,194644148744,gtin
6009,848061058178,brand
6010,848061058178,model_number
6011,848061058178,product_name
6012,848061058178,color_finish
6013,848061058178,battery_capacity
6014,848061058178,battery_type
6015,848061058178,output_power
6016,848061058178,input_power
6017,848061058178,voltage
6018,848061058178,length
6019,848061058178,height
6020,848061058178,width
6021,848061058178,weight_lb
6022,848061058178,warranty_parts
6023,848061058178,warranty_labor
6024,848061058178,gtin
6025,194644148652,battery_capacity
6026,194644148652,wattage
6027,194644148652,ports_io
6028,194644148652,input_power
6029,194644148652,output_power
6030,194644148652,usb_c_ports
6031,194644148652,usb_a_ports
6032,194644148652,dimensions
6033,194644148652,weight_lb
6034,194644148652,model_number
6035,848061058178,ports_io
6036,848061058178,wattage
6037,848061058178,sku
6038,848061058178,product_style
6039,194644294663,brand
6040,194644294663,model_number
6041,194644294663,product_name
6042,194644294663,color_finish
6043,194644294663,battery_capacity
6044,194644294663,battery_type
6045,194644294663,output_power
6046,194644294663,input_power
6047,194644294663,length
6048,194644294663,height
6049,194644294663,width
6050,194644294663,weight_lb
6051,194644294663,warranty_parts
6052,194644294663,warranty_labor
6053,194644294663,gtin
6054,194644213930,brand
6055,194644213930,model_number
6056,194644213930,product_name
6057,194644213930,color_finish
6058,194644213930,battery_capacity
6059,194644213930,battery_type
6060,194644213930,charging_features
6061,194644213930,output_power
6062,194644213930,voltage
6063,194644213930,input_power
6064,194644213930,length
6065,194644213930,height
6066,194644213930,width
6067,194644213930,weight_lb
6068,194644213930,warranty_parts
6069,194644213930,warranty_labor
6070,194644213930,gtin
6071,194644199692,battery_capacity
6072,194644199692,wattage
6073,194644199692,ports_io
6074,194644199692,weight_lb
6075,194644199692,display_type
6076,194644199692,included_accessories
6077,194644199692,warranty
6078,194644199692,features
6079,194644213947,wattage
6080,194644213947,ports_io
6081,194644213947,output_power
6082,194644213947,built_in_cable
6083,194644213947,temperature_control
6084,194644294663,rechargeable
6085,194644294663,wattage
6086,194644294663,warranty
6087,194644294663,charging_features
6088,194644294663,voltage
6089,194644294663,package_quantity
6090,194644294663,dimensions
6091,194644294663,price
6092,194644294663,ports_io
6093,194644294663,product_style
6094,194644294663,sku
6095,194644213930,wattage
6096,194644213930,ports_io
6097,194644213930,dimensions
6098,194644213930,features
6099,194644213930,connector_type
6100,194644213930,rechargeable
6101,194644213930,smart_display
6102,194644213930,certifications
6103,194644213930,certification_id
6104,194644199692,dimensions
6105,194644199692,voltage
6106,194644199692,power_source
6107,194644199692,amperage
6108,194644199692,charge_time
6109,194644199692,battery_type
6110,194644199692,model_number
6111,194644199692,gtin
6112,194644199692,certifications
6113,194644213947,voltage
6114,194644213947,gtin
6115,194644213947,features
6116,194644213947,length
6117,194644213947,charging_features
6118,194644213947,smart_display
6119,194644213947,certifications
6120,194644213947,certification_id
6121,194644101046,brand
6122,194644101046,model_number
6123,194644101046,product_name
6124,194644101046,color_finish
6125,194644101046,battery_capacity
6126,194644101046,battery_type
6127,194644101046,output_power
6128,194644101046,input_power
6129,194644101046,length
6130,194644101046,height
6131,194644101046,width
6132,194644101046,weight_lb
6133,194644101046,warranty_parts
6134,194644101046,warranty_labor
6135,194644101046,gtin
6136,194644260088,brand
6137,194644260088,model_number
6138,194644260088,product_name
6139,194644260088,color_finish
6140,194644260088,battery_capacity
6141,194644260088,battery_type
6142,194644260088,output_power
6143,194644260088,input_power
6144,194644260088,length
6145,194644260088,height
6146,194644260088,width
6147,194644260088,weight_lb
6148,194644260088,warranty_parts
6149,194644260088,warranty_labor
6150,194644260088,gtin
6151,194644101046,wattage
6152,194644101046,rechargeable
6153,194644101046,dimensions
6154,194644101046,voltage
6155,194644101046,warranty
6156,194644101046,charging_features
6157,194644101046,connector_type
6158,194644101046,package_quantity
6159,194644101046,features
6160,194644101046,price
6161,194644101046,ports_io
6162,194644101046,product_style
6163,194644101046,depth
6164,194644101046,sku
6165,194644277710,brand
6166,194644277710,model_number
6167,194644277710,product_name
6168,194644277710,color_finish
6169,194644277710,battery_capacity
6170,194644277710,battery_type
6171,194644277710,output_power
6172,194644277710,input_power
6173,194644277710,length
6174,194644277710,height
6175,194644277710,width
6176,194644277710,weight_lb
6177,194644277710,warranty_parts
6178,194644277710,warranty_labor
6179,194644277710,gtin
6180,194644277710,wattage
6181,194644277710,ports_io
6182,194644277710,package_weight
6183,194644277710,dimensions
6184,194644277710,charging_features
6185,194644277710,fast_charging
6186,194644277710,sku
6187,194644035198,brand
6188,194644035198,model_number
6189,194644035198,product_name
6190,194644035198,color_finish
6191,194644035198,battery_capacity
6192,194644035198,battery_type
6193,194644035198,output_power
6194,194644035198,input_power
6195,194644035198,length
6196,194644035198,height
6197,194644035198,width
6198,194644035198,weight_lb
6199,194644035198,warranty_parts
6200,194644035198,warranty_labor
6201,194644035198,gtin
6202,194644156664,brand
6203,194644156664,model_number
6204,194644156664,product_name
6205,194644156664,color_finish
6206,194644156664,battery_capacity
6207,194644156664,battery_type
6208,194644156664,output_power
6209,194644156664,input_power
6210,194644156664,length
6211,194644156664,height
6212,194644156664,width
6213,194644156664,weight_lb
6214,194644156664,warranty_parts
6215,194644156664,gtin
6216,194644156640,battery_capacity
6217,194644156640,wattage
6218,194644156640,ports_io
6219,194644156640,input_power
6220,194644156640,output_power
6221,194644156640,dimensions
6222,194644156640,weight_lb
6223,194644156640,charge_time
6224,194644156640,length
6225,194644156640,model_number
6226,194644156640,compatibility
6227,194644156640,color_finish
6228,194644156640,noise_cancellation
6229,194644156640,charging_features
6230,194644156664,wattage
6231,194644156664,ports_io
6232,194644156664,dimensions
6233,194644156664,voltage
6234,194644156664,amperage
6235,194644156664,charging_features
6236,194644156664,features
6237,194644156664,certifications
6238,194644156664,certification_id
6239,194644156640,gtin
6240,194644156640,battery_type
6241,194644156640,voltage
6242,194644156640,amperage
6243,194644156640,features
6244,194644156640,certifications
6245,194644156640,certification_id
6246,194644286217,brand
6247,194644286217,model_number
6248,194644286217,product_name
6249,194644286217,color_finish
6250,194644286217,battery_capacity
6251,194644286217,battery_type
6252,194644286217,charging_features
6253,194644286217,output_power
6254,194644286217,input_power
6255,194644286217,length
6256,194644286217,height
6257,194644286217,width
6258,194644286217,weight_lb
6259,194644286217,warranty_parts
6260,194644286217,warranty_labor
6261,194644286217,gtin
6262,194644209476,battery_capacity
6263,194644209476,wattage
6264,194644209476,ports_io
6265,194644209476,dimensions
6266,194644209476,weight_lb
6267,194644209476,model_number
6268,194644209476,noise_cancellation
6269,194644183448,brand
6270,194644183448,model_number
6271,194644183448,product_name
6272,194644183448,color_finish
6273,194644183448,battery_capacity
6274,194644183448,battery_type
6275,194644183448,output_power
6276,194644183448,input_power
6277,194644183448,length
6278,194644183448,height
6279,194644183448,width
6280,194644183448,weight_lb
6281,194644183448,warranty_parts
6282,194644183448,warranty_labor
6283,194644183448,gtin
6284,194644209476,features
6285,194644209476,voltage
6286,194644209476,amperage
6287,194644209476,number_of_ports
6288,194644209476,charge_time
6289,194644209476,battery_type
6290,194644209476,gtin
6291,194644209476,certifications
6292,194644209476,certification_id
6293,194644209476,rechargeable
6294,194644209476,charging_features
6295,194644209476,warranty
6296,194644209476,package_quantity
6297,194644209476,product_name
6298,194644209476,brand
6299,194644209476,price
6300,194644209476,length
6301,194644209476,package_weight
6302,194644209476,smart_display
6303,194644209476,built_in_cable
6304,194644209476,sku
6305,194644209476,compatibility
6306,194644183448,features
6307,194644183448,dimensions
6308,194644183448,included_accessories
6309,194644183448,package_quantity
6310,194644183448,rechargeable
6311,194644183448,charging_features
6312,194644183448,warranty
6313,194644183448,wattage
6314,194644183448,connector_type
6315,194644183448,voltage
6316,194644183448,price
6317,194644136543,brand
6318,194644136543,model_number
6319,194644136543,product_name
6320,194644136543,color_finish
6321,194644136543,battery_capacity
6322,194644136543,battery_type
6323,194644136543,output_power
6324,194644136543,input_power
6325,194644136543,voltage
6326,194644136543,length
6327,194644136543,height
6328,194644136543,width
6329,194644136543,weight_lb
6330,194644136543,warranty_parts
6331,194644136543,warranty_labor
6332,194644136543,gtin
6333,194644136543,wattage
6334,194644136543,ports_io
6335,194644136543,dimensions
6336,194644136543,environmental_compliance
6337,194644136543,depth
6338,194644136543,sku
6339,194644136543,features
6340,194644136543,internal_technology
6341,745883932412,brand
6342,745883932412,model_number
6343,745883932412,product_name
6344,745883932412,color_finish
6345,745883932412,battery_capacity
6346,745883932412,battery_type
6347,745883932412,charging_features
6348,745883932412,output_power
6349,745883932412,input_power
6350,745883932412,length
6351,745883932412,height
6352,745883932412,width
6353,745883932412,weight_lb
6354,745883932412,warranty_parts
6355,745883932412,warranty_labor
6356,745883932412,gtin
6357,745883823505,brand
6358,745883823505,model_number
6359,745883823505,product_name
6360,745883823505,color_finish
6361,745883823505,battery_capacity
6362,745883823505,battery_type
6363,745883823505,charging_features
6364,745883823505,output_power
6365,745883823505,input_power
6366,745883823505,voltage
6367,745883823505,length
6368,745883823505,height
6369,745883823505,width
6370,745883823505,weight_lb
6371,745883823505,warranty_parts
6372,745883823505,warranty_labor
6373,745883823505,gtin
6374,745883932412,wattage
6375,745883932412,ports_io
6376,745883932412,dimensions
6377,745883932412,compatibility
6378,745883932412,material
6379,745883932412,warranty
6380,745883932412,voltage
6381,745883932412,sku
6382,745883823505,wattage
6383,745883823505,ports_io
6384,745883823505,fast_charging
6385,745883823505,charging_interface
6386,745883823505,material
6387,745883823505,certifications
6388,745883823505,dimensions
6389,745883823505,package_weight
6390,745883823505,product_style
6391,745883823505,led_indicator
6392,745883823505,battery_life_hr
6393,745883815388,brand
6394,745883815388,model_number
6395,745883815388,product_name
6396,745883815388,color_finish
6397,745883815388,battery_capacity
6398,745883815388,battery_type
6399,745883815388,charging_features
6400,745883815388,output_power
6401,745883815388,input_power
6402,745883815388,length
6403,745883815388,height
6404,745883815388,width
6405,745883815388,weight_lb
6406,745883815388,warranty_parts
6407,745883815388,warranty_labor
6408,745883815388,gtin
6409,745883898893,brand
6410,745883898893,model_number
6411,745883898893,product_name
6412,745883898893,color_finish
6413,745883898893,battery_capacity
6414,745883898893,battery_type
6415,745883898893,charging_features
6416,745883898893,output_power
6417,745883898893,input_power
6418,745883898893,length
6419,745883898893,height
6420,745883898893,width
6421,745883898893,weight_lb
6422,745883898893,warranty_parts
6423,745883898893,warranty_labor
6424,745883898893,gtin
6425,745883815388,wattage
6426,745883815388,ports_io
6427,745883815388,dimensions
6428,745883815388,warranty
6429,745883815388,led_indicator
6430,745883898893,wattage
6431,745883898893,ports_io
6432,745883898893,dimensions
6433,745883898893,material
6434,745883898893,warranty
6435,745883898893,sku
6436,745883815388,connector_type
6437,745883815388,features
6438,745883815388,voltage
6439,745883815388,power_source
6440,745883815388,compatibility
6441,745883898893,voltage
6442,745883898893,number_of_ports
6443,745883898893,features
6444,745883898893,compatibility
6445,745883898893,certifications
6446,745883898893,certification_id
6447,745883898893,usb_c_ports
6448,745883898893,usb_a_ports
6449,745883898893,fast_charging
6450,745883898893,led_indicator
6451,665679006991,appliance_type
6452,665679006991,color_finish
6453,665679006991,capacity_cu_ft
6454,665679006991,freezer_features
6455,665679006991,features
6456,665679006991,installation_features
6457,665679006991,door_features
6458,665679006991,dispenser_features
6459,665679006991,return_policy
6460,665679006991,storage_shelves
6461,665679006991,product_style
6462,665679006991,certifications
6463,665679006991,warranty
6464,665679006991,depth
6465,665679006991,depth_less_door_in
6466,665679006991,height_to_top_of_door_hinge
6467,665679006991,height_to_top_of_refrigerator_case
6468,665679006991,height
6469,665679006991,width
6470,665679006991,energy_star_certified
6471,665679006991,energy_consumption
6472,665679006991,date_available
6473,665679006991,date_certified
6474,665679006991,certification_id
6475,665679006991,defrost_type
6476,665679006991,ice_maker
6477,665679006991,refrigerator_capacity
6478,665679006991,dimensions
6479,665679006991,cooling_system
6480,665679006991,temperature_control
6481,665679006991,model_number
6482,665679006991,gtin
6483,665679007004,appliance_type
6484,665679007004,color_finish
6485,665679007004,capacity_cu_ft
6486,665679007004,freezer_features
6487,665679007004,features
6488,665679007004,installation_features
6489,665679007004,door_features
6490,665679007004,dispenser_features
6491,665679007004,return_policy
6492,665679007004,storage_shelves
6493,665679007004,product_style
6494,665679007004,certifications
6495,665679007004,warranty
6496,665679007004,depth
6497,665679007004,depth_less_door_in
6498,665679007004,height_to_top_of_door_hinge
6499,665679007004,height_to_top_of_refrigerator_case
6500,665679007004,height
6501,665679007004,width
6502,665679006625,appliance_type
6503,665679006625,color_finish
6504,665679006625,capacity_cu_ft
6505,665679006625,freezer_features
6506,665679006625,features
6507,665679006625,installation_features
6508,665679006625,door_features
6509,665679006625,dispenser_features
6510,665679006625,return_policy
6511,665679006625,storage_shelves
6512,665679006625,warranty
6513,665679006625,depth
6514,665679006625,depth_less_door_in
6515,665679006625,height_to_top_of_door_hinge
6516,665679006625,height_to_top_of_refrigerator_case
6517,665679006625,height
6518,665679006625,width
6519,665679006625,energy_star_certified
6520,665679006625,energy_consumption
6521,665679006625,defrost_type
6522,665679006625,ice_maker
6523,665679006625,refrigeration_system
6524,665679006625,date_available
6525,665679006625,date_certified
6526,665679006625,certification_id
6527,665679006625,gtin
6528,665679006625,refrigerator_capacity
6529,665679006625,freezer_capacity
6530,665679006625,weight_lb
6531,665679006625,dimensions
6532,665679006625,power_source
6533,665679006625,model_number
6534,665679006625,temperature_control
6535,665679004478,appliance_type
6536,665679004478,color_finish
6537,665679004478,capacity_cu_ft
6538,665679004478,freezer_features
6539,665679004478,features
6540,665679004478,installation_features
6541,665679004478,door_features
6542,665679004478,dispenser_features
6543,665679004478,return_policy
6544,665679004478,storage_shelves
6545,665679004478,certifications
6546,665679004478,warranty
6547,665679004478,depth
6548,665679004478,depth_less_door_in
6549,665679004478,height_to_top_of_door_hinge
6550,665679004478,height_to_top_of_refrigerator_case
6551,665679004478,height
6552,665679004478,width
6553,665679007592,appliance_type
6554,665679007592,color_finish
6555,665679007592,capacity_cu_ft
6556,665679007592,freezer_features
6557,665679007592,features
6558,665679007592,installation_features
6559,665679007592,door_features
6560,665679007592,dispenser_features
6561,665679007592,return_policy
6562,665679007592,storage_shelves
6563,665679007592,certifications
6564,665679007592,warranty
6565,665679007592,depth
6566,665679007592,depth_less_door_in
6567,665679007592,height_to_top_of_door_hinge
6568,665679007592,height_to_top_of_refrigerator_case
6569,665679007592,height
6570,665679007592,width
6571,665679007592,energy_star_certified
6572,665679007592,energy_consumption
6573,665679007592,date_available
6574,665679007592,date_certified
6575,665679007592,certification_id
6576,665679007592,gtin
6577,665679007592,defrost_type
6578,665679007592,ice_maker
6579,665679007592,refrigerator_capacity
6580,665679007592,freezer_capacity
6581,665679007592,dimensions
6582,665679007592,weight_lb
6583,665679007592,form_factor
6584,665679007592,temperature_control
6585,665679007592,has_convertible_freezer
6586,665679007592,power_source
6587,665679007592,compatibility
6588,665679007592,model_number
6589,665679007592,brand
6590,665679008377,appliance_type
6591,665679008377,color_finish
6592,665679008377,capacity_cu_ft
6593,665679008377,freezer_features
6594,665679008377,features
6595,665679008377,installation_features
6596,665679008377,door_features
6597,665679008377,dispenser_features
6598,665679008377,return_policy
6599,665679008377,storage_shelves
6600,665679008377,certifications
6601,665679008377,warranty
6602,665679008377,depth
6603,665679008377,depth_less_door_in
6604,665679008377,height_to_top_of_door_hinge
6605,665679008377,height_to_top_of_refrigerator_case
6606,665679008377,height
6607,665679008377,width
6608,665679005543,appliance_type
6609,665679005543,color_finish
6610,665679005543,capacity_cu_ft
6611,665679005543,freezer_features
6612,665679005543,features
6613,665679005543,installation_features
6614,665679005543,door_features
6615,665679005543,dispenser_features
6616,665679005543,return_policy
6617,665679005543,storage_shelves
6618,665679005543,certifications
6619,665679005543,warranty
6620,665679005543,depth
6621,665679005543,depth_less_door_in
6622,665679005543,height_to_top_of_door_hinge
6623,665679005543,height_to_top_of_refrigerator_case
6624,665679005543,height
6625,665679005543,width
6626,665679008377,energy_star_certified
6627,665679008377,energy_consumption
6628,665679008377,date_available
6629,665679008377,date_certified
6630,665679008377,certification_id
6631,665679008377,gtin
6632,665679008377,defrost_type
6633,665679008377,ice_maker
6634,665679008377,refrigerator_capacity
6635,665679008377,freezer_capacity
6636,665679008377,dimensions
6637,665679008377,weight_lb
6638,665679008377,voltage
6639,665679008377,cooling_system
6640,665679008377,temperature_control
6641,665679008377,connector_type
6642,665679008377,model_number
6643,665679008377,brand
6644,722651301311,capacity_cu_ft
6645,722651301311,refrigerator_capacity
6646,722651301311,freezer_capacity
6647,722651301311,energy_star_certified
6648,722651301311,dimensions
6649,722651301311,weight_lb
6650,722651301311,energy_consumption
6651,722651301311,voltage
6652,722651301311,defrost_type
6653,722651301311,cooling_system
6654,722651301311,refrigeration_system
6655,722651301311,storage_shelves
6656,722651301311,door_features
6657,722651301311,installation_features
6658,722651301311,included_accessories
6659,722651301311,model_number
6660,722651301311,gtin
6661,665679006595,appliance_type
6662,665679006595,color_finish
6663,665679006595,capacity_cu_ft
6664,665679006595,freezer_features
6665,665679006595,features
6666,665679006595,installation_features
6667,665679006595,door_features
6668,665679006595,dispenser_features
6669,665679006595,return_policy
6670,665679006595,storage_shelves
6671,665679006595,warranty
6672,665679006595,depth
6673,665679006595,depth_less_door_in
6674,665679006595,height_to_top_of_door_hinge
6675,665679006595,height_to_top_of_refrigerator_case
6676,665679006595,height
6677,665679006595,width
6678,665679006441,appliance_type
6679,665679006441,color_finish
6680,665679006441,capacity_cu_ft
6681,665679006441,freezer_features
6682,665679006441,features
6683,665679006441,installation_features
6684,665679006441,door_features
6685,665679006441,dispenser_features
6686,665679006441,return_policy
6687,665679006441,storage_shelves
6688,665679006441,certifications
6689,665679006441,warranty
6690,665679006441,depth
6691,665679006441,depth_less_door_in
6692,665679006441,height_to_top_of_door_hinge
6693,665679006441,height_to_top_of_refrigerator_case
6694,665679006441,height
6695,665679006441,width
6696,665679006441,energy_star_certified
6697,665679006441,energy_consumption
6698,665679006441,defrost_type
6699,665679006441,ice_maker
6700,665679006441,refrigeration_system
6701,665679006441,date_available
6702,665679006441,date_certified
6703,665679006441,certification_id
6704,665679006441,gtin
6705,665679006595,energy_star_certified
6706,665679006595,model_number
6707,665679006595,gtin
6708,665679006595,brand
6709,665679006595,package_quantity
6710,665679006441,refrigerator_capacity
6711,665679006441,freezer_capacity
6712,665679006441,dimensions
6713,665679006441,weight_lb
6714,665679006441,voltage
6715,665679006441,cooling_system
6716,665679006441,power_source
6717,665679006441,model_number
6718,665679004744,appliance_type
6719,665679004744,color_finish
6720,665679004744,capacity_cu_ft
6721,665679004744,freezer_features
6722,665679004744,features
6723,665679004744,installation_features
6724,665679004744,door_features
6725,665679004744,dispenser_features
6726,665679004744,return_policy
6727,665679004744,storage_shelves
6728,665679004744,warranty
6729,665679004744,depth
6730,665679004744,depth_less_door_in
6731,665679004744,height_to_top_of_door_hinge
6732,665679004744,height_to_top_of_refrigerator_case
6733,665679004744,height
6734,665679004744,width
6735,665679006397,appliance_type
6736,665679006397,color_finish
6737,665679006397,capacity_cu_ft
6738,665679006397,freezer_features
6739,665679006397,features
6740,665679006397,installation_features
6741,665679006397,door_features
6742,665679006397,dispenser_features
6743,665679006397,return_policy
6744,665679006397,storage_shelves
6745,665679006397,certifications
6746,665679006397,warranty
6747,665679006397,depth
6748,665679006397,depth_less_door_in
6749,665679006397,height_to_top_of_door_hinge
6750,665679006397,height_to_top_of_refrigerator_case
6751,665679006397,height
6752,665679006397,width
6753,665679004744,refrigerator_capacity
6754,665679004744,energy_star_certified
6755,665679004744,dimensions
6756,665679004744,weight_lb
6757,665679004744,configuration
6758,665679004744,defrost_type
6759,665679004744,form_factor
6760,665679004744,cooling_system
6761,665679004744,temperature_control
6762,665679004744,power_source
6763,665679004744,compatibility
6764,665679004744,lock_type
6765,665679004744,model_number
6766,665679004744,gtin
6767,665679006397,refrigerator_capacity
6768,665679006397,freezer_capacity
6769,665679006397,energy_star_certified
6770,665679006397,dimensions
6771,665679006397,weight_lb
6772,665679006397,energy_consumption
6773,665679006397,voltage
6774,665679006397,cooling_system
6775,665679006397,defrost_type
6776,665679006397,refrigeration_system
6777,665679006397,model_number
6778,665679006397,gtin
6779,665679006410,appliance_type
6780,665679006410,color_finish
6781,665679006410,capacity_cu_ft
6782,665679006410,freezer_features
6783,665679006410,features
6784,665679006410,installation_features
6785,665679006410,door_features
6786,665679006410,dispenser_features
6787,665679006410,return_policy
6788,665679006410,storage_shelves
6789,665679006410,certifications
6790,665679006410,warranty
6791,665679006410,depth
6792,665679006410,depth_less_door_in
6793,665679006410,height_to_top_of_door_hinge
6794,665679006410,height_to_top_of_refrigerator_case
6795,665679006410,height
6796,665679006410,width
6797,600603318726,color_finish
6798,600603318726,height
6799,600603318726,width
6800,600603318726,height_to_top_of_door_hinge
6801,600603318726,capacity_generic
6802,600603318726,refrigerator_capacity
6803,600603318726,lighting_type
6804,600603318726,ice_maker
6805,600603318726,compatibility
6806,600603318726,brand
6807,600603318726,model_number
6808,600603318726,product_name
6809,600603318726,depth
6810,600603318726,installation_features
6811,600603318726,weight_lb
6812,600603318726,freezer_capacity
6813,600603318726,configuration
6814,600603318726,fingerprint_resistant
6815,600603318726,door_features
6816,600603318726,temperature_control
6817,600603318726,display_type
6818,600603318726,defrost_type
6819,600603318726,wireless_connectivity
6820,600603318726,storage_shelves
6821,600603318726,freezer_features
6822,600603318726,amperage
6823,600603318726,voltage
6824,600603318726,energy_consumption
6825,600603318726,energy_star_certified
6826,600603318726,consortium_for_energy_efficiency_cee_rating
6827,600603318726,warranty_parts
6828,600603318726,warranty_labor
6829,600603318726,gtin
6830,665679006410,energy_star_certified
6831,665679006410,energy_consumption
6832,665679006410,date_available
6833,665679006410,date_certified
6834,665679006410,certification_id
6835,665679006410,gtin
6836,665679006410,model_number
6837,665679006410,defrost_type
6838,665679006410,ice_maker
6839,600603318726,capacity_cu_ft
6840,600603318726,date_available
6841,600603318726,date_certified
6842,600603318726,features
6843,600603318726,certification_id
6844,600603318726,dispenser_features
6845,665679006410,refrigerator_capacity
6846,665679006410,freezer_capacity
6847,665679006410,dimensions
6848,665679006410,weight_lb
6849,665679006410,voltage
6850,665679006410,cooling_system
6851,665679006410,refrigeration_system
6852,665679006410,power_source
6853,600603315275,color_finish
6854,600603315275,height
6855,600603315275,width
6856,600603315275,height_to_top_of_refrigerator_case
6857,600603315275,height_to_top_of_door_hinge
6858,600603315275,capacity_generic
6859,600603315275,refrigerator_capacity
6860,600603315275,lighting_type
6861,600603315275,ice_maker
6862,600603315275,compatibility
6863,600603315275,brand
6864,600603315275,model_number
6865,600603315275,product_name
6866,600603315275,depth
6867,600603315275,installation_features
6868,600603315275,weight_lb
6869,600603315275,cutout_height
6870,600603315275,cutout_width
6871,600603315275,cutout_depth
6872,600603315275,configuration
6873,600603315275,temperature_control
6874,600603315275,display_type
6875,600603315275,defrost_type
6876,600603315275,door_features
6877,600603315275,storage_shelves
6878,600603315275,freezer_features
6879,600603315275,amperage
6880,600603315275,voltage
6881,600603315275,energy_consumption
6882,600603315275,energy_star_certified
6883,600603315275,consortium_for_energy_efficiency_cee_rating
6884,600603315275,environmental_compliance
6885,600603315275,warranty_parts
6886,600603315275,warranty_labor
6887,600603315275,gtin
6888,600603315220,color_finish
6889,600603315220,height
6890,600603315220,width
6891,600603315220,height_to_top_of_refrigerator_case
6892,600603315220,height_to_top_of_door_hinge
6893,600603315220,capacity_generic
6894,600603315220,refrigerator_capacity
6895,600603315220,lighting_type
6896,600603315220,ice_maker
6897,600603315220,compatibility
6898,600603315220,brand
6899,600603315220,model_number
6900,600603315220,product_name
6901,600603315220,depth
6902,600603315220,installation_features
6903,600603315220,weight_lb
6904,600603315220,cutout_height
6905,600603315220,cutout_width
6906,600603315220,cutout_depth
6907,600603315220,configuration
6908,600603315220,temperature_control
6909,600603315220,display_type
6910,600603315220,defrost_type
6911,600603315220,door_features
6912,600603315220,storage_shelves
6913,600603315220,freezer_features
6914,600603315220,amperage
6915,600603315220,voltage
6916,600603315220,energy_consumption
6917,600603315220,energy_star_certified
6918,600603315220,consortium_for_energy_efficiency_cee_rating
6919,600603315220,environmental_compliance
6920,600603315220,warranty_parts
6921,600603315220,warranty_labor
6922,600603315220,gtin
6923,600603315237,color_finish
6924,600603315237,height
6925,600603315237,width
6926,600603315237,height_to_top_of_refrigerator_case
6927,600603315237,height_to_top_of_door_hinge
6928,600603315237,capacity_generic
6929,600603315237,refrigerator_capacity
6930,600603315237,lighting_type
6931,600603315237,ice_maker
6932,600603315237,compatibility
6933,600603315237,brand
6934,600603315237,model_number
6935,600603315237,product_name
6936,600603315237,depth
6937,600603315237,installation_features
6938,600603315237,weight_lb
6939,600603315237,cutout_height
6940,600603315237,cutout_width
6941,600603315237,cutout_depth
6942,600603315237,configuration
6943,600603315237,temperature_control
6944,600603315237,display_type
6945,600603315237,defrost_type
6946,600603315237,door_features
6947,600603315237,storage_shelves
6948,600603315237,freezer_features
6949,600603315237,amperage
6950,600603315237,voltage
6951,600603315237,energy_consumption
6952,600603315237,energy_star_certified
6953,600603315237,consortium_for_energy_efficiency_cee_rating
6954,600603315237,environmental_compliance
6955,600603315237,warranty_parts
6956,600603315237,warranty_labor
6957,600603315237,gtin
6958,600603315220,capacity_cu_ft
6959,600603315220,date_available
6960,600603315220,date_certified
6961,600603315220,features
6962,600603315220,certification_id
6963,600603315220,dispenser_features
6964,600603315237,capacity_cu_ft
6965,600603315237,date_available
6966,600603315237,date_certified
6967,600603315237,features
6968,600603315237,certification_id
6969,600603315237,dispenser_features
6970,600603315237,refrigeration_system
6971,44387320702,care_cleaning
6972,44387320702,operation_mode
6973,44387320702,preset_beverage_settings
6974,44387320702,grinder
6975,44387320702,pump_pressure
6976,44387320702,brand
6977,44387320702,model_number
6978,44387320702,product_name
6979,44387320702,color_finish
6980,44387320702,height
6981,44387320702,width
6982,44387320702,depth
6983,44387320702,weight_lb
6984,44387320702,environmental_compliance
6985,44387320702,bean_hopper_capacity
6986,44387320702,coffee_machine_features
6987,44387320702,water_tank_capacity
6988,44387320702,coffee_input_type
6989,44387320702,controls
6990,44387320702,appliance_features
6991,44387320702,milk_frothing
6992,44387320702,voltage
6993,44387320702,wattage
6994,44387320702,certifications
6995,44387320702,warranty_parts
6996,44387320702,warranty_labor
6997,44387320702,gtin
6998,44387106405,care_cleaning
6999,44387106405,operation_mode
7000,44387106405,grinder
7001,44387106405,pump_pressure
7002,44387106405,brand
7003,44387106405,model_number
7004,44387106405,product_name
7005,44387106405,color_finish
7006,44387106405,height
7007,44387106405,width
7008,44387106405,depth
7009,44387106405,weight_lb
7010,44387106405,material
7011,44387106405,environmental_compliance
7012,44387106405,compatibility
7013,44387106405,coffee_machine_features
7014,44387106405,water_tank_capacity
7015,44387106405,controls
7016,44387106405,milk_frothing
7017,44387106405,appliance_features
7018,44387106405,voltage
7019,44387106405,wattage
7020,44387106405,certifications
7021,44387106405,warranty_parts
7022,44387106405,warranty_labor
7023,44387106405,gtin
7024,44387320702,dimensions
7025,44387320702,material
7026,44387320702,user_profiles
7027,44387320702,grinder_settings
7028,44387320702,display_type
7029,44387320702,form_factor
7030,44387320702,features
7031,44387320702,capacity_generic
7032,44387320702,warranty
7033,44387320702,output_power
7034,44387320702,security_features
7035,44387320702,included_accessories
7036,44387320702,price
7037,194644239299,brand
7038,194644239299,model_number
7039,194644239299,product_name
7040,194644239299,battery_capacity
7041,194644239299,battery_type
7042,194644239299,output_power
7043,194644239299,input_power
7044,194644239299,length
7045,194644239299,height
7046,194644239299,width
7047,194644239299,weight_lb
7048,194644239299,warranty_parts
7049,194644239299,gtin
7050,194644156640,brand
7051,194644156640,product_name
7052,194644156640,height
7053,194644156640,width
7054,194644156640,warranty_parts
7055,194644239299,wattage
7056,194644239299,ports_io
7057,194644239299,usb_c_ports
7058,194644239299,usb_a_ports
7059,194644239299,dimensions
7060,194644239299,fast_charging
7061,194644239299,noise_cancellation
7062,194644239299,charging_features
7063,194644239299,certifications
7064,194644239299,color_finish
7065,194644239299,features
7066,194644239299,voltage
7067,194644239299,power_source
7068,194644239299,amperage
7069,194644239299,charge_time
7070,194644239299,compatibility
7071,194644269715,brand
7072,194644269715,model_number
7073,194644269715,product_name
7074,194644269715,color_finish
7075,194644269715,battery_capacity
7076,194644269715,battery_type
7077,194644269715,output_power
7078,194644269715,input_power
7079,194644269715,length
7080,194644269715,height
7081,194644269715,width
7082,194644269715,weight_lb
7083,194644269715,warranty_parts
7084,194644269715,warranty_labor
7085,194644269715,gtin
7086,50036402392,noise_cancellation
7087,50036402392,audio_features
7088,50036402392,connector_type
7089,50036402392,wireless_connectivity
7090,50036402392,wireless_range
7091,50036402392,durability_resistance
7092,50036402392,microphone
7093,50036402392,form_factor
7094,50036402392,headphone_fit
7095,50036402392,battery_life_hr
7096,50036402392,charge_time
7097,50036402392,compatibility
7098,50036402392,voice_assistant
7099,50036402392,headphone_physical_features
7100,50036402392,brand
7101,50036402392,model_number
7102,50036402392,product_name
7103,50036402392,color_finish
7104,50036402392,sound_isolation
7105,50036402392,frequency_response
7106,50036402392,impedance
7107,50036402392,sensitivity
7108,50036402392,integrated_amplifier
7109,50036402392,headphone_smart_features
7110,50036402392,audio_driver
7111,50036402392,bluetooth_version
7112,50036402392,detachable_cord
7113,50036402392,controls
7114,50036402392,product_style
7115,50036402392,rechargeable
7116,50036402392,battery_capacity
7117,50036402392,charging_interface
7118,50036402392,fast_charging
7119,50036402392,onoff_switch
7120,50036402392,height
7121,50036402392,width
7122,50036402392,length
7123,50036402392,weight_lb
7124,50036402392,warranty_parts
7125,50036402392,warranty_labor
7126,50036402392,gtin
7127,50036402392,material
7128,50036402392,carrying_case_material
7129,50036402392,charging_features
7130,50036402392,battery_type
7131,50036402392,earpiece_weight
7132,50036402392,case_weight
7133,50036402392,software_app
7134,50036402392,appliance_features
7135,50036402392,sensors
7136,50036402392,package_weight
7137,50036402392,dimensions
7138,50036402392,sku
7139,50036402392,included_accessories
7140,50036414029,connector_type
7141,50036414029,wireless_connectivity
7142,50036414029,durability_resistance
7143,50036414029,microphone
7144,50036414029,form_factor
7145,50036414029,headphone_physical_features
7146,50036414029,voice_assistant
7147,50036414029,brand
7148,50036414029,model_number
7149,50036414029,product_name
7150,50036414029,color_finish
7151,50036414029,sensitivity
7152,50036414029,integrated_amplifier
7153,50036414029,controls
7154,50036414029,product_style
7155,50036414029,rechargeable
7156,50036414029,fast_charging
7157,50036414029,onoff_switch
7158,50036414029,height
7159,50036414029,width
7160,50036414029,warranty_parts
7161,50036414029,warranty_labor
7162,50036414029,gtin
7163,50036414029,material
7164,50036414029,cable_features
7165,50036414029,smart_tx
7166,50036414029,battery_capacity
7167,50036414029,package_weight
7168,50036414029,dimensions
7169,50036414029,sku
7170,50036405614,noise_cancellation
7171,50036405614,audio_features
7172,50036405614,connector_type
7173,50036405614,wireless_connectivity
7174,50036405614,wireless_range
7175,50036405614,durability_resistance
7176,50036405614,microphone
7177,50036405614,form_factor
7178,50036405614,headphone_fit
7179,50036405614,compatibility
7180,50036405614,headphone_physical_features
7181,50036405614,brand
7182,50036405614,model_number
7183,50036405614,product_name
7184,50036405614,color_finish
7185,50036405614,sound_isolation
7186,50036405614,frequency_response
7187,50036405614,impedance
7188,50036405614,sensitivity
7189,50036405614,integrated_amplifier
7190,50036405614,headphone_smart_features
7191,50036405614,audio_driver
7192,50036405614,bluetooth_version
7193,50036405614,controls
7194,50036405614,product_style
7195,50036405614,rechargeable
7196,50036405614,charging_interface
7197,50036405614,height
7198,50036405614,width
7199,50036405614,length
7200,50036405614,weight_lb
7201,50036405614,warranty_parts
7202,50036405614,warranty_labor
7203,50036405614,gtin
7204,50036413794,connector_type
7205,50036413794,wireless_connectivity
7206,50036413794,audio_features
7207,50036413794,durability_resistance
7208,50036413794,microphone
7209,50036413794,form_factor
7210,50036413794,headphone_fit
7211,50036413794,battery_life_hr
7212,50036413794,charge_time
7213,50036413794,brand
7214,50036413794,model_number
7215,50036413794,product_name
7216,50036413794,color_finish
7217,50036413794,headphone_physical_features
7218,50036413794,sound_isolation
7219,50036413794,frequency_response
7220,50036413794,impedance
7221,50036413794,sensitivity
7222,50036413794,audio_driver
7223,50036413794,bluetooth_version
7224,50036413794,product_style
7225,50036413794,rechargeable
7226,50036413794,battery_capacity
7227,50036413794,charging_interface
7228,50036413794,fast_charging
7229,50036413794,height
7230,50036413794,width
7231,50036413794,length
7232,50036413794,weight_lb
7233,50036413794,warranty_parts
7234,50036413794,warranty_labor
7235,50036413794,gtin
7236,50036405614,battery_life_hr
7237,50036405614,case_weight
7238,50036405614,earpiece_weight
7239,50036405614,bluetooth_frequency
7240,50036405614,charge_time
7241,50036405614,software_app
7242,50036405614,carrying_case_battery_capacity_mah
7243,50036405614,carrying_case_battery_average_life_hrs
7244,50036405614,material
7245,50036405614,case_dimensions
7246,50036405614,bluetooth_profiles
7247,50036405614,dimensions
7248,50036405614,sku
7249,50036413794,noise_cancellation
7250,50036413794,material
7251,50036413794,charging_case_material
7252,50036413794,charging_case_battery_capacity_mah
7253,50036413794,earpiece_weight
7254,50036413794,case_weight
7255,50036413794,controls
7256,50036413794,compatibility
7257,50036413794,software_app
7258,50036413794,appliance_features
7259,50036401227,noise_cancellation
7260,50036401227,connector_type
7261,50036401227,wireless_connectivity
7262,50036401227,audio_features
7263,50036401227,microphone
7264,50036401227,form_factor
7265,50036401227,headphone_fit
7266,50036401227,battery_life_hr
7267,50036401227,charge_time
7268,50036401227,brand
7269,50036401227,model_number
7270,50036401227,product_name
7271,50036401227,color_finish
7272,50036401227,sound_isolation
7273,50036401227,frequency_response
7274,50036401227,impedance
7275,50036401227,sensitivity
7276,50036401227,bluetooth_version
7277,50036401227,durability_resistance
7278,50036401227,product_style
7279,50036401227,rechargeable
7280,50036401227,battery_capacity
7281,50036401227,charging_interface
7282,50036401227,fast_charging
7283,50036401227,height
7284,50036401227,width
7285,50036401227,length
7286,50036401227,weight_lb
7287,50036401227,warranty_parts
7288,50036401227,warranty_labor
7289,50036401227,gtin
7290,https://ca.jbl.com/en_CA/wireless-headphones,audio_driver
7291,https://ca.jbl.com/en_CA/wireless-headphones,frequency_response
7292,https://ca.jbl.com/en_CA/wireless-headphones,battery_life_hr
7293,https://ca.jbl.com/en_CA/wireless-headphones,impedance
7294,https://ca.jbl.com/en_CA/wireless-headphones,noise_cancellation
7295,https://ca.jbl.com/en_CA/wireless-headphones,productid
7296,https://ca.jbl.com/en_CA/wireless-headphones,availability
7297,https://ca.jbl.com/en_CA/wireless-headphones,price
7298,https://ca.jbl.com/en_CA/wireless-headphones,weight_lb
7299,https://ca.jbl.com/en_CA/wireless-headphones,dimensions
7300,https://ca.jbl.com/en_CA/wireless-headphones,wireless_connectivity
7301,https://ca.jbl.com/en_CA/wireless-headphones,charging_interface
7302,https://ca.jbl.com/en_CA/wireless-headphones,certifications
7303,50036401227,audio_driver
7304,50036401227,wireless_range
7305,50036401227,case_weight
7306,50036401227,case_dimensions
7307,50036401227,material
7308,50036401227,controls
7309,50036401227,package_quantity
7310,50036401227,condition
7311,50036401227,warranty
7312,50036401227,compatibility
7313,50036401227,headphone_physical_features
7314,50036401227,voice_assistant
7315,50036401227,features
7316,50036401227,price
7317,50036401227,charging_case_battery_capacity_mah
7318,50036401227,charging_features
7319,50036401227,dimensions
7320,50036401227,earpiece_weight
7321,50036401227,sku
7322,194644156688,brand
7323,194644156688,model_number
7324,194644156688,product_name
7325,194644156688,color_finish
7326,194644156688,battery_capacity
7327,194644156688,battery_type
7328,194644156688,output_power
7329,194644156688,input_power
7330,194644156688,length
7331,194644156688,height
7332,194644156688,width
7333,194644156688,weight_lb
7334,194644156688,warranty_parts
7335,194644156688,gtin
7336,194644156688,wattage
7337,194644156688,ports_io
7338,194644156688,dimensions
7339,194644156688,voltage
7340,194644156688,features
7341,194644156688,certifications
7342,194644156688,charge_time
7343,194644156688,reusability
7344,194644156688,charging_features
7345,194644156688,compatibility
7346,194644309169,brand
7347,194644309169,model_number
7348,194644309169,product_name
7349,194644309169,color_finish
7350,194644309169,battery_capacity
7351,194644309169,battery_type
7352,194644309169,output_power
7353,194644309169,input_power
7354,194644309169,length
7355,194644309169,height
7356,194644309169,width
7357,194644309169,weight_lb
7358,194644309169,warranty_parts
7359,194644309169,gtin
7360,194644239350,battery_capacity
7361,194644239350,wattage
7362,194644239350,ports_io
7363,194644239350,model_number
7364,194644239350,fast_charging
7365,194644239350,input_power
7366,194644239350,charging_features
7367,194644239350,noise_cancellation
7368,194644309169,rechargeable
7369,194644309169,package_quantity
7370,194644309169,wattage
7371,194644309169,charging_features
7372,194644309169,dimensions
7373,194644309169,voltage
7374,194644309169,warranty
7375,194644309169,price
7376,194644239350,voltage
7377,194644239350,battery_type
7378,194644239350,weight_lb
7379,194644239350,dimensions
7380,194644239350,features
7381,194644239350,charge_time
7382,194644239350,color_finish
7383,194644239350,gtin
7384,194644239350,certifications
7385,27242934177,connector_type
7386,27242934177,wireless_connectivity
7387,27242934177,audio_features
7388,27242934177,headphone_fit
7389,27242934177,brand
7390,27242934177,model_number
7391,27242934177,product_name
7392,27242934177,color_finish
7393,27242934177,sound_isolation
7394,27242934177,product_style
7395,27242934177,height
7396,27242934177,width
7397,27242934177,length
7398,27242934177,weight_lb
7399,27242934177,warranty_parts
7400,27242934177,warranty_labor
7401,27242934177,gtin
7402,27242934177,audio_driver
7403,27242934177,frequency_response
7404,27242934177,battery_life_hr
7405,27242934177,noise_cancellation
7406,27242934177,form_factor
7407,27242934177,durability_resistance
7408,27242934177,bluetooth_version
7409,27242934177,wireless_range
7410,27242934177,charge_time
7411,27242934177,case_dimensions
7412,27242934177,case_weight
7413,27242934177,package_quantity
7414,27242934177,features
7415,27242934177,controls
7416,27242934177,headphone_smart_features
7417,195950697087,platform
7418,195950697087,series
7419,195950697087,cpu_series
7420,195950697087,display_type
7421,195950697087,camera_resolution
7422,195950697087,front_camera_features
7423,195950697087,gpu_memory
7424,195950697087,audio_features
7425,195950697087,microphone
7426,195950697087,connector_type
7427,195950697087,mouse_type
7428,195950697087,battery_life_hr
7429,50036405041,wireless_range
7430,50036405041,material
7431,829486290237,capacity_qt
7432,829486290237,environmental_compliance
7433,829486290237,color_finish
7434,829486290237,material
7435,829486290237,weight_lb
7436,829486290237,appliance_features
7437,829486290237,package_quantity
7438,829486290237,brand
7439,829486290237,included_accessories
7440,829486290237,features
7441,829486290237,max_temperature
7442,829486290237,min_temperature
7443,829486290237,wattage
7444,829486290237,model_number
7445,829486290237,length
7446,829486290237,height
7447,829486290237,cleaning_care_maintenance
7448,829486290237,certifications
7449,829486290244,capacity_qt
7450,829486290244,weight_lb
7451,829486290244,appliance_features
7452,829486290244,package_quantity
7453,829486290244,brand
7454,829486290244,max_temperature
7455,829486290244,min_temperature
7456,829486290244,included_accessories
7457,829486290244,wattage
7458,829486290244,environmental_compliance
7459,829486290244,material
7460,829486290244,length
7461,829486290244,color_finish
7462,829486290244,model_number
7463,829486290244,height
7464,829486290244,cleaning_care_maintenance
7465,829486290244,certifications
7466,829486290244,features
7467,829486290282,weight_lb
7468,829486290282,environmental_compliance
7469,829486290282,appliance_features
7470,829486290282,color_finish
7471,829486290282,material
7472,829486290282,cleaning_care_maintenance
7473,829486290282,capacity_qt
7474,829486290282,package_quantity
7475,829486290282,wattage
7476,829486290282,model_number
7477,829486290282,brand
7478,829486290282,max_temperature
7479,829486290282,min_temperature
7480,829486290282,features
7481,829486290282,length
7482,829486290282,certifications
7483,829486290282,dimensions
7484,194644239879,brand
7485,194644239879,model_number
7486,194644239879,product_name
7487,194644239879,color_finish
7488,194644239879,battery_capacity
7489,194644239879,battery_type
7490,194644239879,certifications
7491,194644239879,output_power
7492,194644239879,charging_features
7493,194644239879,input_power
7494,194644239879,length
7495,194644239879,height
7496,194644239879,width
7497,194644239879,weight_lb
7498,194644239879,warranty_parts
7499,194644239879,warranty_labor
7500,194644239879,gtin
7501,194644240752,battery_capacity
7502,194644240752,wattage
7503,194644240752,ports_io
7504,194644240752,usb_c_ports
7505,194644240752,output_wireless
7506,194644240752,output_power
7507,194644240752,dimensions
7508,194644240752,weight_lb
7509,194644240752,temperature_control
7510,194644240752,material
7511,194644240752,ntc_chips
7512,194644240752,model_number
7513,194644240752,gtin
7514,194644240752,color_finish
7515,194644240752,battery_type
7516,194644240752,voltage
7517,194644240752,power_source
7518,194644240752,charging_features
7519,194644240752,compatibility
7520,194644240752,certifications
7521,194644240752,certification_id
7522,194644240752,features
7523,194644240752,product_style
7524,194644240752,cooling_system
7525,745883881277,brand
7526,745883881277,model_number
7527,745883881277,product_name
7528,745883881277,color_finish
7529,745883881277,battery_capacity
7530,745883881277,battery_type
7531,745883881277,charging_features
7532,745883881277,output_power
7533,745883881277,input_power
7534,745883881277,voltage
7535,745883881277,length
7536,745883881277,height
7537,745883881277,width
7538,745883881277,weight_lb
7539,745883881277,warranty_parts
7540,745883881277,warranty_labor
7541,745883881277,gtin
7542,745883881277,wattage
7543,745883881277,ports_io
7544,745883881277,connector_type
7545,745883881277,amperage
7546,745883881277,number_of_ports
7547,745883881277,dimensions
7548,745883881277,environmental_compliance
7549,745883881277,warranty
7550,745883881277,features
7551,745883881277,depth
7552,745883881277,sku
7553,745883881277,led_indicator_light
7554,745883881277,charging_interface
7555,195949543890,noise_cancellation
7556,195949543890,audio_features
7557,195949543890,connector_type
7558,195949543890,wireless_connectivity
7559,195949543890,wireless_range
7560,195949543890,durability_resistance
7561,195949543890,microphone
7562,195949543890,form_factor
7563,195949543890,headphone_fit
7564,195949543890,headphone_physical_features
7565,195949543890,battery_life_hr
7566,195949543890,charge_time
7567,195949543890,compatibility
7568,195949543890,voice_assistant
7569,195949543890,brand
7570,195949543890,model_number
7571,195949543890,product_name
7572,195949543890,color_finish
7573,195949543890,series
7574,195949543890,sound_isolation
7575,195949543890,frequency_response
7576,195949543890,impedance
7577,195949543890,sensitivity
7578,195949543890,integrated_amplifier
7579,195949543890,headphone_smart_features
7580,195949543890,audio_driver
7581,195949543890,bluetooth_version
7582,195949543890,detachable_cord
7583,195949543890,controls
7584,195949543890,product_style
7585,195949543890,rechargeable
7586,195949543890,charging_interface
7587,195949543890,fast_charging
7588,195949543890,onoff_switch
7589,195949543890,height
7590,195949543890,width
7591,195949543890,length
7592,195949543890,weight_lb
7593,195949543890,warranty_parts
7594,195949543890,warranty_labor
7595,195949543890,gtin
7596,58465807320,audio_driver
7597,58465807320,frequency_response
7598,58465807320,battery_life_hr
7599,58465807320,impedance
7600,58465807320,noise_cancellation
7601,58465807320,weight_lb
7602,58465807320,dimensions
7603,58465807320,charging_interface
7604,58465807320,bluetooth_version
7605,58465807320,form_factor
7606,58465807320,battery_type
7607,58465807320,model_number
7608,58465807320,brand
7609,195949543890,earpiece_swivel
7610,195949543890,sensors
7611,195949543890,charging_features
7612,195949543890,dimensions
7613,195949543890,sku
7614,810019866005,appliance_type
7615,810019866005,color_finish
7616,810019866005,defrost_type
7617,810019866005,freezer_features
7618,810019866005,features
7619,810019866005,handle_type
7620,810019866005,ice_maker
7621,810019866005,installation_features
7622,810019866005,dispenser_features
7623,810019866005,return_policy
7624,810019866005,storage_shelves
7625,810019866005,capacity_cu_ft
7626,810019866005,certifications
7627,810019866005,warranty
7628,810019866005,depth
7629,810019866005,depth_less_door_in
7630,810019866005,height_to_top_of_door_hinge
7631,810019866005,height_to_top_of_refrigerator_case
7632,810019866005,height
7633,810019866005,width
7634,665679008315,appliance_type
7635,665679008315,color_finish
7636,665679008315,capacity_cu_ft
7637,665679008315,freezer_features
7638,665679008315,features
7639,665679008315,installation_features
7640,665679008315,door_features
7641,665679008315,dispenser_features
7642,665679008315,return_policy
7643,665679008315,storage_shelves
7644,665679008315,certifications
7645,665679008315,warranty
7646,665679008315,depth
7647,665679008315,depth_less_door_in
7648,665679008315,height_to_top_of_door_hinge
7649,665679008315,height_to_top_of_refrigerator_case
7650,665679008315,height
7651,665679008315,width
7652,665679008315,energy_star_certified
7653,665679008315,energy_consumption
7654,665679008315,date_available
7655,665679008315,date_certified
7656,665679008315,certification_id
7657,665679008315,gtin
7658,665679008315,defrost_type
7659,665679008315,ice_maker
7660,665679006571,appliance_type
7661,665679006571,color_finish
7662,665679006571,capacity_cu_ft
7663,665679006571,freezer_features
7664,665679006571,features
7665,665679006571,installation_features
7666,665679006571,door_features
7667,665679006571,dispenser_features
7668,665679006571,return_policy
7669,665679006571,storage_shelves
7670,665679006571,warranty
7671,665679006571,depth
7672,665679006571,depth_less_door_in
7673,665679006571,height_to_top_of_door_hinge
7674,665679006571,height_to_top_of_refrigerator_case
7675,665679006571,height
7676,665679006571,width
7677,665679006571,energy_star_certified
7678,665679006571,energy_consumption
7679,665679006571,date_available
7680,665679006571,date_certified
7681,665679006571,certification_id
7682,665679006571,gtin
7683,665679006571,model_number
7684,665679006571,defrost_type
7685,665679006571,ice_maker
7686,665679006977,appliance_type
7687,665679006977,color_finish
7688,665679006977,capacity_cu_ft
7689,665679006977,freezer_features
7690,665679006977,features
7691,665679006977,installation_features
7692,665679006977,door_features
7693,665679006977,dispenser_features
7694,665679006977,return_policy
7695,665679006977,storage_shelves
7696,665679006977,product_style
7697,665679006977,certifications
7698,665679006977,warranty
7699,665679006977,depth
7700,665679006977,depth_less_door_in
7701,665679006977,height_to_top_of_door_hinge
7702,665679006977,height_to_top_of_refrigerator_case
7703,665679006977,height
7704,665679006977,width
7705,58465816049,appliance_type
7706,58465816049,color_finish
7707,58465816049,capacity_cu_ft
7708,58465816049,freezer_features
7709,58465816049,features
7710,58465816049,installation_features
7711,58465816049,door_features
7712,58465816049,dispenser_features
7713,58465816049,return_policy
7714,58465816049,storage_shelves
7715,58465816049,product_style
7716,58465816049,certifications
7717,58465816049,warranty
7718,58465816049,depth
7719,58465816049,depth_less_door_in
7720,58465816049,height_to_top_of_door_hinge
7721,58465816049,height_to_top_of_refrigerator_case
7722,58465816049,height
7723,58465816049,width
7724,665679006977,refrigerator_capacity
7725,665679006977,freezer_capacity
7726,665679006977,energy_star_certified
7727,665679006977,dimensions
7728,665679006977,defrost_type
7729,665679006977,cooling_system
7730,665679006977,temperature_control
7731,665679006977,connector_type
7732,665679006977,power_source
7733,665679006977,lock_type
7734,665679006977,model_number
7735,665679006977,gtin
7736,58465816049,refrigerator_capacity
7737,58465816049,freezer_capacity
7738,58465816049,energy_star_certified
7739,58465816049,dimensions
7740,58465816049,weight_lb
7741,58465816049,energy_consumption
7742,58465816049,voltage
7743,58465816049,defrost_type
7744,58465816049,cooling_system
7745,58465816049,brand
7746,58465816049,model_number
7747,58465816049,gtin
7748,58465816049,temperature_control
7749,58465816049,material
7750,58465816049,output_power
7751,58465816049,capacity_generic
7752,58465816049,product_name
7753,58465816049,price
7754,58465807320,appliance_type
7755,58465807320,color_finish
7756,58465807320,capacity_cu_ft
7757,58465807320,freezer_features
7758,58465807320,features
7759,58465807320,installation_features
7760,58465807320,door_features
7761,58465807320,dispenser_features
7762,58465807320,return_policy
7763,58465807320,storage_shelves
7764,58465807320,product_style
7765,58465807320,certifications
7766,58465807320,warranty
7767,58465807320,depth
7768,58465807320,depth_less_door_in
7769,58465807320,height_to_top_of_door_hinge
7770,58465807320,height_to_top_of_refrigerator_case
7771,58465807320,height
7772,58465807320,width
7773,58465807320,refrigerator_capacity
7774,58465807320,freezer_capacity
7775,58465807320,energy_star_certified
7776,58465807320,voltage
7777,58465807320,defrost_type
7778,58465807320,cooling_system
7779,58465807320,included_accessories
7780,58465807320,gtin
7781,58465809348,appliance_type
7782,58465809348,color_finish
7783,58465809348,capacity_cu_ft
7784,58465809348,freezer_features
7785,58465809348,features
7786,58465809348,installation_features
7787,58465809348,door_features
7788,58465809348,dispenser_features
7789,58465809348,return_policy
7790,58465809348,storage_shelves
7791,58465809348,product_style
7792,58465809348,certifications
7793,58465809348,warranty
7794,58465809348,depth
7795,58465809348,depth_less_door_in
7796,58465809348,height_to_top_of_door_hinge
7797,58465809348,height_to_top_of_refrigerator_case
7798,58465809348,height
7799,58465809348,width
7800,58465809348,refrigerator_capacity
7801,58465809348,freezer_capacity
7802,58465809348,energy_star_certified
7803,58465809348,noise_db
7804,58465809348,weight_lb
7805,58465809348,dimensions
7806,58465809348,voltage
7807,58465809348,defrost_type
7808,58465809348,cooling_system
7809,58465809348,temperature_control
7810,58465809348,has_convertible_freezer
7811,58465809348,power_source
7812,58465809348,lock_type
7813,58465809348,model_number
7814,58465809348,gtin
7815,58465809348,included_accessories
7816,58465809348,output_power
7817,58465809348,material
7818,58465809348,capacity_generic
7819,58465809348,product_name
7820,58465809348,brand
7821,58465809348,price
7822,58465816605,appliance_type
7823,58465816605,color_finish
7824,58465816605,capacity_cu_ft
7825,58465816605,freezer_features
7826,58465816605,features
7827,58465816605,installation_features
7828,58465816605,door_features
7829,58465816605,dispenser_features
7830,58465816605,return_policy
7831,58465816605,storage_shelves
7832,58465816605,certifications
7833,58465816605,warranty
7834,58465816605,depth
7835,58465816605,depth_less_door_in
7836,58465816605,height_to_top_of_door_hinge
7837,58465816605,height_to_top_of_refrigerator_case
7838,58465816605,height
7839,58465816605,width
7840,58465809386,appliance_type
7841,58465809386,color_finish
7842,58465809386,capacity_cu_ft
7843,58465809386,freezer_features
7844,58465809386,features
7845,58465809386,installation_features
7846,58465809386,door_features
7847,58465809386,dispenser_features
7848,58465809386,return_policy
7849,58465809386,storage_shelves
7850,58465809386,product_style
7851,58465809386,certifications
7852,58465809386,warranty
7853,58465809386,depth
7854,58465809386,depth_less_door_in
7855,58465809386,height_to_top_of_door_hinge
7856,58465809386,height_to_top_of_refrigerator_case
7857,58465809386,height
7858,58465809386,width
7859,58465816605,output_power
7860,58465816605,dimensions
7861,58465816605,cooling_system
7862,58465816605,temperature_control
7863,58465816605,material
7864,58465816605,freezer_capacity
7865,58465816605,refrigerator_capacity
7866,58465816605,weight_lb
7867,58465816605,capacity_generic
7868,58465816605,gtin
7869,58465816605,product_name
7870,58465816605,brand
7871,58465816605,price
7872,58465809386,refrigerator_capacity
7873,58465809386,freezer_capacity
7874,58465809386,energy_star_certified
7875,58465809386,dimensions
7876,58465809386,weight_lb
7877,58465809386,energy_consumption
7878,58465809386,voltage
7879,58465809386,defrost_type
7880,58465809386,cooling_system
7881,58465809386,temperature_control
7882,58465809386,lock_type
7883,58465809386,model_number
7884,58465809386,gtin
7885,58465809386,brand
7886,58465818494,appliance_type
7887,58465818494,color_finish
7888,58465818494,capacity_cu_ft
7889,58465818494,freezer_features
7890,58465818494,features
7891,58465818494,installation_features
7892,58465818494,door_features
7893,58465818494,dispenser_features
7894,58465818494,return_policy
7895,58465818494,storage_shelves
7896,58465818494,certifications
7897,58465818494,warranty
7898,58465818494,depth
7899,58465818494,depth_less_door_in
7900,58465818494,height_to_top_of_door_hinge
7901,58465818494,height_to_top_of_refrigerator_case
7902,58465818494,height
7903,58465818494,width
7904,58465816407,appliance_type
7905,58465816407,color_finish
7906,58465816407,capacity_cu_ft
7907,58465816407,freezer_features
7908,58465816407,features
7909,58465816407,installation_features
7910,58465816407,door_features
7911,58465816407,dispenser_features
7912,58465816407,return_policy
7913,58465816407,storage_shelves
7914,58465816407,product_style
7915,58465816407,certifications
7916,58465816407,warranty
7917,58465816407,depth
7918,58465816407,depth_less_door_in
7919,58465816407,height_to_top_of_door_hinge
7920,58465816407,height_to_top_of_refrigerator_case
7921,58465816407,height
7922,58465816407,width
7923,58465818494,refrigerator_capacity
7924,58465818494,freezer_capacity
7925,58465818494,energy_star_certified
7926,58465818494,dimensions
7927,58465818494,weight_lb
7928,58465818494,energy_consumption
7929,58465818494,voltage
7930,58465818494,defrost_type
7931,58465818494,refrigeration_system
7932,58465818494,cooling_system
7933,58465818494,temperature_control
7934,58465818494,power_source
7935,58465818494,model_number
7936,58465818494,gtin
7937,58465818494,brand
7938,58465818494,product_style
7939,58465816407,refrigerator_capacity
7940,58465816407,freezer_capacity
7941,58465816407,energy_star_certified
7942,58465816407,dimensions
7943,58465816407,weight_lb
7944,58465816407,energy_consumption
7945,58465816407,voltage
7946,58465816407,defrost_type
7947,58465816407,cooling_system
7948,58465816407,temperature_control
7949,58465816407,refrigeration_system
7950,58465816407,model_name
7951,58465816407,model_number
7952,58465816407,gtin
7953,58465816407,included_accessories
7954,58465816407,material
7955,58465816407,capacity_generic
7956,58465816407,output_power
7957,58465816407,product_name
7958,58465816407,brand
7959,58465816407,price
7960,58465817237,appliance_type
7961,58465817237,color_finish
7962,58465817237,capacity_cu_ft
7963,58465817237,freezer_features
7964,58465817237,features
7965,58465817237,installation_features
7966,58465817237,door_features
7967,58465817237,dispenser_features
7968,58465817237,return_policy
7969,58465817237,storage_shelves
7970,58465817237,certifications
7971,58465817237,warranty
7972,58465817237,depth
7973,58465817237,depth_less_door_in
7974,58465817237,height_to_top_of_door_hinge
7975,58465817237,height_to_top_of_refrigerator_case
7976,58465817237,height
7977,58465817237,width
7978,58465817237,refrigerator_capacity
7979,58465817237,freezer_capacity
7980,58465817237,energy_star_certified
7981,58465817237,dimensions
7982,58465817237,weight_lb
7983,58465817237,energy_consumption
7984,58465817237,voltage
7985,58465817237,defrost_type
7986,58465817237,cooling_system
7987,58465817237,has_convertible_freezer
7988,58465817237,power_source
7989,58465817237,package_quantity
7990,58465817237,number_of_wheels
7991,58465817237,model_number
7992,58465817237,gtin
7993,58465817237,brand
7994,58465817237,product_style
7995,58465816391,appliance_type
7996,58465816391,color_finish
7997,58465816391,capacity_cu_ft
7998,58465816391,freezer_features
7999,58465816391,features
8000,58465816391,installation_features
8001,58465816391,door_features
8002,58465816391,dispenser_features
8003,58465816391,return_policy
8004,58465816391,storage_shelves
8005,58465816391,certifications
8006,58465816391,warranty
8007,58465816391,depth
8008,58465816391,depth_less_door_in
8009,58465816391,height_to_top_of_door_hinge
8010,58465816391,height_to_top_of_refrigerator_case
8011,58465816391,height
8012,58465816391,width
8013,665679004751,appliance_type
8014,665679004751,color_finish
8015,665679004751,capacity_cu_ft
8016,665679004751,freezer_features
8017,665679004751,features
8018,665679004751,installation_features
8019,665679004751,door_features
8020,665679004751,dispenser_features
8021,665679004751,return_policy
8022,665679004751,storage_shelves
8023,665679004751,certifications
8024,665679004751,warranty
8025,665679004751,depth
8026,665679004751,depth_less_door_in
8027,665679004751,height_to_top_of_door_hinge
8028,665679004751,height_to_top_of_refrigerator_case
8029,665679004751,height
8030,665679004751,width
8031,58465816391,refrigerator_capacity
8032,58465816391,freezer_capacity
8033,58465816391,energy_star_certified
8034,58465816391,dimensions
8035,58465816391,weight_lb
8036,58465816391,energy_consumption
8037,58465816391,voltage
8038,58465816391,defrost_type
8039,58465816391,cooling_system
8040,58465816391,temperature_control
8041,58465816391,lock_type
8042,58465816391,model_number
8043,58465816391,gtin
8044,665679008322,appliance_type
8045,665679008322,color_finish
8046,665679008322,capacity_cu_ft
8047,665679008322,freezer_features
8048,665679008322,features
8049,665679008322,installation_features
8050,665679008322,door_features
8051,665679008322,dispenser_features
8052,665679008322,return_policy
8053,665679008322,storage_shelves
8054,665679008322,certifications
8055,665679008322,warranty
8056,665679008322,depth
8057,665679008322,depth_less_door_in
8058,665679008322,height_to_top_of_door_hinge
8059,665679008322,height_to_top_of_refrigerator_case
8060,665679008322,height
8061,665679008322,width
8062,665679008322,energy_star_certified
8063,665679008322,energy_consumption
8064,665679008322,date_available
8065,665679008322,date_certified
8066,665679008322,certification_id
8067,665679008322,gtin
8068,665679008322,defrost_type
8069,665679008322,ice_maker
8070,665679008322,refrigerator_capacity
8071,665679008322,freezer_capacity
8072,665679008322,dimensions
8073,665679008322,weight_lb
8074,665679008322,cooling_system
8075,665679008322,power_source
8076,665679008322,model_number
8077,665679008322,form_factor
8078,665679008322,temperature_control
8079,665679006427,appliance_type
8080,665679006427,color_finish
8081,665679006427,capacity_cu_ft
8082,665679006427,freezer_features
8083,665679006427,features
8084,665679006427,installation_features
8085,665679006427,door_features
8086,665679006427,dispenser_features
8087,665679006427,return_policy
8088,665679006427,storage_shelves
8089,665679006427,certifications
8090,665679006427,warranty
8091,665679006427,depth
8092,665679006427,depth_less_door_in
8093,665679006427,height_to_top_of_door_hinge
8094,665679006427,height_to_top_of_refrigerator_case
8095,665679006427,height
8096,665679006427,width
8097,665679006663,appliance_type
8098,665679006663,color_finish
8099,665679006663,capacity_cu_ft
8100,665679006663,freezer_features
8101,665679006663,features
8102,665679006663,installation_features
8103,665679006663,door_features
8104,665679006663,dispenser_features
8105,665679006663,return_policy
8106,665679006663,storage_shelves
8107,665679006663,certifications
8108,665679006663,warranty
8109,665679006663,depth
8110,665679006663,depth_less_door_in
8111,665679006663,height_to_top_of_door_hinge
8112,665679006663,height_to_top_of_refrigerator_case
8113,665679006663,height
8114,665679006663,width
8115,665679006427,energy_star_certified
8116,665679006427,energy_consumption
8117,665679006427,date_available
8118,665679006427,date_certified
8119,665679006427,certification_id
8120,665679006427,gtin
8121,665679006427,model_number
8122,665679006427,defrost_type
8123,665679006427,ice_maker
8124,84691263784,appliance_type
8125,84691263784,color_finish
8126,84691263784,capacity_cu_ft
8127,84691263784,freezer_features
8128,84691263784,features
8129,84691263784,installation_features
8130,84691263784,door_features
8131,84691263784,dispenser_features
8132,84691263784,return_policy
8133,84691263784,storage_shelves
8134,84691263784,certifications
8135,84691263784,warranty
8136,84691263784,depth
8137,84691263784,depth_less_door_in
8138,84691263784,height_to_top_of_door_hinge
8139,84691263784,height_to_top_of_refrigerator_case
8140,84691263784,height
8141,84691263784,width
8142,665679006779,appliance_type
8143,665679006779,color_finish
8144,665679006779,capacity_cu_ft
8145,665679006779,freezer_features
8146,665679006779,features
8147,665679006779,installation_features
8148,665679006779,door_features
8149,665679006779,dispenser_features
8150,665679006779,return_policy
8151,665679006779,storage_shelves
8152,665679006779,warranty
8153,665679006779,depth
8154,665679006779,depth_less_door_in
8155,665679006779,height_to_top_of_door_hinge
8156,665679006779,height_to_top_of_refrigerator_case
8157,665679006779,height
8158,665679006779,width
8159,665679006779,energy_star_certified
8160,665679006779,energy_consumption
8161,665679006779,date_available
8162,665679006779,date_certified
8163,665679006779,certification_id
8164,665679006779,gtin
8165,665679006779,model_number
8166,665679006779,defrost_type
8167,665679006779,ice_maker
8168,665679006779,refrigeration_system
8169,665679006779,refrigerator_capacity
8170,665679006779,freezer_capacity
8171,665679006779,weight_lb
8172,665679006779,cooling_system
8173,665679006779,temperature_control
8174,665679006779,has_convertible_freezer
8175,665679006779,power_source
8176,665679006779,lock_type
8177,665679006779,form_factor
8178,665679006779,dimensions
8179,58465815639,appliance_type
8180,58465815639,color_finish
8181,58465815639,capacity_cu_ft
8182,58465815639,freezer_features
8183,58465815639,features
8184,58465815639,installation_features
8185,58465815639,door_features
8186,58465815639,dispenser_features
8187,58465815639,return_policy
8188,58465815639,storage_shelves
8189,58465815639,product_style
8190,58465815639,certifications
8191,58465815639,warranty
8192,58465815639,depth
8193,58465815639,depth_less_door_in
8194,58465815639,height_to_top_of_door_hinge
8195,58465815639,height_to_top_of_refrigerator_case
8196,58465815639,height
8197,58465815639,width
8198,58465830854,appliance_type
8199,58465830854,color_finish
8200,58465830854,capacity_cu_ft
8201,58465830854,freezer_features
8202,58465830854,features
8203,58465830854,installation_features
8204,58465830854,door_features
8205,58465830854,dispenser_features
8206,58465830854,return_policy
8207,58465830854,storage_shelves
8208,58465830854,product_style
8209,58465830854,certifications
8210,58465830854,warranty
8211,58465830854,depth
8212,58465830854,depth_less_door_in
8213,58465830854,height_to_top_of_door_hinge
8214,58465830854,height_to_top_of_refrigerator_case
8215,58465830854,height
8216,58465830854,width
8217,58465815318,appliance_type
8218,58465815318,color_finish
8219,58465815318,capacity_cu_ft
8220,58465815318,freezer_features
8221,58465815318,features
8222,58465815318,installation_features
8223,58465815318,door_features
8224,58465815318,dispenser_features
8225,58465815318,return_policy
8226,58465815318,storage_shelves
8227,58465815318,certifications
8228,58465815318,warranty
8229,58465815318,depth
8230,58465815318,depth_less_door_in
8231,58465815318,height_to_top_of_door_hinge
8232,58465815318,height_to_top_of_refrigerator_case
8233,58465815318,height
8234,58465815318,width
8235,58465815318,refrigerator_capacity
8236,58465815318,freezer_capacity
8237,58465815318,energy_star_certified
8238,58465815318,dimensions
8239,58465815318,weight_lb
8240,58465815318,energy_consumption
8241,58465815318,voltage
8242,58465815318,defrost_type
8243,58465815318,refrigeration_system
8244,58465815318,cooling_system
8245,58465815318,power_source
8246,58465815318,included_accessories
8247,58465815318,model_number
8248,58465815318,gtin
8249,58465815318,brand
8250,195950850864,product_name
8251,195950850864,brand
8252,195950850864,dpci
8253,810051858051,wattage
8254,810051858051,dimensions
8255,810051858051,model_number
8256,810051858051,material
8257,810051858051,warranty
8258,810051858051,capacity_qt
8259,810051858051,holds_up_to
8260,810051858051,weight_lb
8261,810051858051,care_cleaning
8262,622356662574,weight_lb
8263,622356662574,care_cleaning
8264,622356662574,wattage
8265,622356662574,dimensions
8266,622356662574,warranty
8267,622356662574,holds_up_to
8268,622356662574,material
8269,622356662574,capacity_qt
8270,622356712897,care_cleaning
8271,622356712897,dimensions
8272,622356712897,capacity_qt
8273,622356712897,appliance_type
8274,622356712897,material
8275,622356712897,weight_lb
8276,622356712897,wattage
8277,622356712897,warranty
8278,195950850864,battery_type
8279,195950850864,battery_life_hr
8280,810215800339,battery_life_hr
8281,810215800339,storage_type
8282,810215800339,warranty
8283,810215800339,cpu_clock_speed
8284,810215800339,battery_type
8285,810215800339,aspect_ratio
8286,810215800339,condition
8287,810215800339,cpu_series
8288,810215800339,connector_type
8289,810215800339,dimensions
8290,810215800339,cpu_cores
8291,810215800339,features
8292,824142429266,ram_gb
8293,824142429266,operating_system
8294,44387441551,form_factor
8295,44387441551,power_source
8296,44387441551,care_cleaning
8297,44387441551,included_accessories
8298,44387441551,coffee_input_type
8299,44387441551,warranty
8300,44387441551,features
8301,44387441551,water_tank_capacity
8302,44387441551,condition
8303,44387441551,material
8304,44387441551,weight_lb
8305,44387441551,security_features
8306,44387441551,wattage
8307,44387441551,dimensions
8308,21614808592,features
8309,21614808592,form_factor
8310,21614808592,care_cleaning
8311,21614808592,coffee_input_type
8312,21614808592,dimensions
8313,21614808592,cup_capacity
8314,21614808592,included_accessories
8315,21614808592,weight_lb
8316,21614808592,material
8317,21614808592,warranty
8318,21614808592,wattage
8319,21614808592,water_tank_capacity
8320,622356678582,dimensions
8321,622356678582,form_factor
8322,622356678582,care_cleaning
8323,622356678582,included_accessories
8324,622356678582,coffee_input_type
8325,622356678582,wattage
8326,622356678582,material
8327,622356678582,weight_lb
8328,622356678582,water_tank_capacity
8329,622356678582,warranty
8330,44387203005,security_features
8331,44387203005,form_factor
8332,44387203005,battery_type
8333,44387203005,warranty
8334,44387203005,water_tank_capacity
8335,44387203005,cup_capacity_size
8336,44387203005,included_accessories
8337,44387203005,coffee_input_type
8338,44387203005,cup_capacity
8339,44387203005,material
8340,44387203005,features
8341,44387203005,dimensions
8342,44387203005,care_cleaning
8343,44387203005,weight_lb
8344,44387203005,power_source
8345,44387203005,wattage
8346,194253715092,features
8347,194253715092,package_quantity
8348,194253715092,warranty
8349,195949590849,model_name
8350,195949590849,package_quantity
8351,195949121814,model_name
8352,195949121814,battery_type
8353,195949121814,charge_time
8354,195949121814,package_quantity
8355,195949121814,features
8356,195949121814,warranty
8357,194253563624,battery_type
8358,194253563624,battery_life_hr
8359,194253563624,weight_lb
8360,194253563624,noise_cancellation
8361,194253563624,features
8362,194253563624,compatibility
8363,194253563624,wireless_connectivity
8364,194253563624,durability_resistance
8365,194253563624,model_name
8366,194253563624,package_quantity
8367,194253563624,warranty
8368,194253563624,microphone
8369,194253563624,connector_type
8370,27242930698,durability_resistance
8371,27242930698,condition
8372,27242930698,package_quantity
8373,27242930698,warranty
8374,27242923232,model_name
8375,27242923232,battery_type
8376,27242923232,package_quantity
8377,27242923232,warranty
8378,27242928688,battery_type
8379,27242928688,model_name
8380,27242928688,features
8381,27242928688,package_quantity
8382,27242928688,condition
8383,27242928688,warranty
8384,195951039060,warranty
8385,195951039060,compatibility
8386,195951039060,package_quantity
8387,195951039060,condition
8388,195951039060,battery_type
8389,195951039060,model_name
8390,195951039060,features
8391,195949688522,headphone_physical_features
8392,195949688522,package_quantity
8393,195949688522,condition
8394,195949688522,warranty
8395,665679008353,number_of_beverage_cans_held
8396,665679008353,energy_star_certified
8397,665679008353,output_power
8398,665679008353,capacity_cu_ft
8399,665679008353,temperature_control
8400,665679008353,appliance_type
8401,665679008353,storage_shelves
8402,665679008353,dimensions
8403,665679008353,weight_lb
8404,665679008353,depth
8405,665679008353,material
8406,665679008353,wine_bottles_capacity
8407,665679008353,warranty
8408,665679008353,door_features
8409,50036402392,condition
8410,50036402392,features
8411,50036414029,features
8412,50036414029,battery_type
8413,50036414029,condition
8414,50036405614,package_quantity
8415,50036405614,battery_type
8416,50036405614,warranty
8417,27242934177,headphone_physical_features
8418,27242934177,condition
8419,27242934177,compatibility
8420,195949544170,weight_lb
8421,195949544170,battery_type
8422,195949544170,wireless_connectivity
8423,195949544170,noise_cancellation
8424,195949544170,durability_resistance
8425,195949544170,model_name
8426,195949544170,package_quantity
8427,195949544170,condition
8428,195949544170,warranty
8429,195949544170,microphone
8430,195949544170,battery_life_hr
8431,195949544170,connector_type
8432,58465807320,material
8433,58465807320,number_of_beverage_cans_held
8434,58465807320,output_power
8435,58465807320,wine_bottles_capacity
8436,58465807320,temperature_control
8437,58465815042,energy_star_certified
8438,58465815042,dimensions
8439,58465815042,capacity_cu_ft
8440,58465815042,number_of_beverage_cans_held
8441,58465815042,temperature_control
8442,58465815042,appliance_type
8443,58465815042,door_features
8444,58465815042,output_power
8445,58465815042,weight_lb
8446,58465815042,material
8447,58465815042,storage_shelves
8448,58465815042,warranty
8449,58465815042,wine_bottles_capacity
8450,58465815042,depth
8451,58465818494,output_power
8452,58465818494,material
8453,58465818494,included_accessories
8454,197192458518,battery_life_hr
8455,197192458518,battery_type
8456,197192458518,battery_cells
8457,198156688347,battery_type
8458,198156688347,battery_cells
8459,884116430315,battery_type
8460,884116430315,battery_cells
8461,884116430315,battery_capacity
8462,810210910149,display_type
8463,810210910149,display_resolution
8464,810210910149,touchscreen
8465,810210910149,screen_brightness
8466,810210910149,storage_type
8467,810210910149,storage_gb
8468,810210910149,ram_gb
8469,810210910149,gpu_model
8470,810210910149,display_connectors
8471,810210910149,battery_type
8472,810210910149,form_factor
8473,810210910149,input_device_features
8474,810210910149,brand
8475,810210910149,product_name
8476,810210910149,color_finish
8477,810210910149,display_surface
8478,810210910149,color_gamut
8479,810210910149,cpu_brand
8480,810210910149,cpu_model
8481,810210910149,cpu_cores
8482,810210910149,cpu_threads
8483,810210910149,npu
8484,810210910149,ram_type
8485,810210910149,ram_speed
8486,810210910149,memory_slots
8487,810210910149,gpu_type
8488,810210910149,gpu_brand
8489,810210910149,gpu_boost_clock_frequency
8490,810210910149,gpu_cores
8491,810210910149,operating_system
8492,810210910149,hdmi_ports
8493,810210910149,display_thunderbolt_ports
8494,810210910149,vga_ports
8495,810210910149,usb_ports
8496,810210910149,headphone_jack
8497,810210910149,microphone
8498,810210910149,wireless_connectivity
8499,810210910149,wifi_standard
8500,810210910149,camera
8501,810210910149,camera_resolution
8502,810210910149,security_features
8503,810210910149,weight_lb
8504,810210910149,energy_star_certified
8505,810210910149,epeat
8506,810210910149,warranty_parts
8507,810210910149,warranty_labor
8508,884116483182,battery_life_hr
8509,884116483182,battery_type
8510,884116483182,battery_cells
8511,856007008903,compatibility
8512,856007008903,tool_accessory_type
8513,856007008903,dimensions
8514,856007008903,appliance_type
8515,856007008903,care_cleaning
8516,856007008903,weight_lb
8517,856007008903,warranty
8518,44387440554,coffee_bean_hopper_capacity
8519,21614055514,coffee_bean_hopper_capacity
8520,21614032829,coffee_bean_hopper_capacity
8521,196641191266,dimensions
8522,196641191266,included_accessories
8523,196641191266,appliance_type
8524,196641191266,warranty
8525,196641191266,weight_lb
8526,196641191266,form_factor
8527,196641191266,capacity_qt
8528,196641191266,material
8529,196641191266,care_cleaning
8530,196641191266,wattage
8531,196641191266,certifications
8532,44387290845,coffee_bean_hopper_capacity
8533,44387710220,coffee_bean_hopper_capacity
8534,600603315275,capacity_cu_ft
8535,600603315275,refrigerator_style
8536,44387320702,coffee_bean_hopper_capacity
8537,27242932449,noise_cancellation
8538,27242932449,connector_type
8539,27242932449,wireless_connectivity
8540,27242932449,audio_features
8541,27242932449,wireless_range
8542,27242932449,microphone
8543,27242932449,headphone_fit
8544,27242932449,headphone_physical_features
8545,27242932449,battery_life_hr
8546,27242932449,brand
8547,27242932449,product_name
8548,27242932449,color_finish
8549,27242932449,sound_isolation
8550,27242932449,headphone_smart_features
8551,27242932449,bluetooth_version
8552,27242932449,controls
8553,27242932449,product_style
8554,27242932449,rechargeable
8555,27242932449,charging_interface
8556,27242932449,onoff_switch
8557,27242932449,height
8558,27242932449,width
8559,27242932449,length
8560,27242932449,weight_lb
8561,27242932449,warranty_parts
8562,27242932449,warranty_labor
8563,27242931817,noise_cancellation
8564,27242931817,connector_type
8565,27242931817,wireless_connectivity
8566,27242931817,audio_features
8567,27242931817,form_factor
8568,27242931817,headphone_fit
8569,27242931817,battery_life_hr
8570,27242931817,charge_time
8571,27242931817,brand
8572,27242931817,product_name
8573,27242931817,color_finish
8574,27242931817,sound_isolation
8575,27242931817,bluetooth_version
8576,27242931817,product_style
8577,27242931817,rechargeable
8578,27242931817,charging_interface
8579,27242931817,height
8580,27242931817,width
8581,27242931817,length
8582,27242931817,weight_lb
8583,27242931817,warranty_parts
8584,27242931817,warranty_labor
8585,27242930391,noise_cancellation
8586,27242930391,connector_type
8587,27242930391,wireless_connectivity
8588,27242930391,audio_features
8589,27242930391,wireless_range
8590,27242930391,durability_resistance
8591,27242930391,microphone
8592,27242930391,form_factor
8593,27242930391,headphone_fit
8594,27242930391,battery_life_hr
8595,27242930391,charge_time
8596,27242930391,compatibility
8597,27242930391,voice_assistant
8598,27242930391,headphone_physical_features
8599,27242930391,brand
8600,27242930391,product_name
8601,27242930391,color_finish
8602,27242930391,sound_isolation
8603,27242930391,frequency_response
8604,27242930391,integrated_amplifier
8605,27242930391,headphone_smart_features
8606,27242930391,audio_driver
8607,27242930391,bluetooth_version
8608,27242930391,lighting_type
8609,27242930391,product_style
8610,27242930391,rechargeable
8611,27242930391,charging_interface
8612,27242930391,fast_charging
8613,27242930391,onoff_switch
8614,27242930391,height
8615,27242930391,width
8616,27242930391,length
8617,27242930391,weight_lb
8618,27242930391,warranty_parts
8619,27242930391,warranty_labor
8620,194644098728,brand
8621,194644098728,product_name
8622,194644098728,color_finish
8623,194644098728,battery_capacity
8624,194644098728,battery_type
8625,194644098728,input_power
8626,194644098728,voltage
8627,194644098728,length
8628,194644098728,height
8629,194644098728,width
8630,194644098728,weight_lb
8631,194644098728,warranty_parts
8632,194644098728,warranty_labor
8633,194644130893,brand
8634,194644130893,product_name
8635,194644130893,color_finish
8636,194644130893,battery_capacity
8637,194644130893,battery_type
8638,194644130893,output_power
8639,194644130893,input_power
8640,194644130893,length
8641,194644130893,height
8642,194644130893,width
8643,194644130893,weight_lb
8644,194644130893,warranty_parts
8645,194644130893,warranty_labor
8646,21614807564,coffee_bean_hopper_capacity
8647,195949121708,audio_features
8648,195949121708,connector_type
8649,195949121708,wireless_connectivity
8650,195949121708,microphone
8651,195949121708,form_factor
8652,195949121708,headphone_fit
8653,195949121708,battery_life_hr
8654,195949121708,compatibility
8655,195949121708,brand
8656,195949121708,product_name
8657,195949121708,color_finish
8658,195949121708,series
8659,195949121708,sound_isolation
8660,195949121708,noise_cancellation
8661,195949121708,audio_driver
8662,195949121708,bluetooth_version
8663,195949121708,headphone_smart_features
8664,195949121708,controls
8665,195949121708,product_style
8666,195949121708,rechargeable
8667,195949121708,charging_interface
8668,195949121708,fast_charging
8669,195949121708,onoff_switch
8670,195949121708,headphone_physical_features
8671,195949121708,height
8672,195949121708,width
8673,195949121708,length
8674,195949121708,weight_lb
8675,195949121708,warranty_parts
8676,195949121708,warranty_labor
8677,196641194519,headphone_fit
8678,196641194519,brand
8679,196641194519,sound_isolation
8680,196641194519,product_style
8681,196641194519,weight_lb
8682,196641194519,warranty_parts
8683,196641194519,warranty_labor
8684,196641083974,connector_type
8685,196641083974,headphone_fit
8686,196641083974,brand
8687,196641083974,product_name
8688,196641083974,sound_isolation
8689,196641083974,weight_lb
8690,196641083974,warranty_parts
8691,196641083974,warranty_labor
8692,196641084001,connector_type
8693,196641084001,headphone_fit
8694,196641084001,brand
8695,196641084001,product_name
8696,196641084001,sound_isolation
8697,196641084001,product_style
8698,196641084001,weight_lb
8699,196641084001,warranty_parts
8700,196641084001,warranty_labor
8701,196641182400,headphone_fit
8702,196641182400,brand
8703,196641182400,product_name
8704,196641182400,sound_isolation
8705,196641182400,product_style
8706,196641182400,weight_lb
8707,196641182400,warranty_parts
8708,196641182400,warranty_labor
8709,194644295219,capacity_generic
8710,194644295219,charging_features
8711,194644295219,brand
8712,194644295219,product_name
8713,194644295219,color_finish
8714,194644295219,battery_type
8715,194644295219,battery_life_hr
8716,194644295219,voltage
8717,194644295219,input_power
8718,194644295219,wattage
8719,194644295219,height
8720,194644295219,width
8721,194644295219,length
8722,194644295219,weight_lb
8723,194644295219,minimum_operating_temperature
8724,194644295219,maximum_operating_temperature
8725,194644295219,warranty_parts
8726,194644295219,warranty_labor
8727,195950669688,brand
8728,195950669688,product_name
8729,195950669688,color_finish
8730,195950669688,battery_type
8731,195950669688,rechargeable
8732,195950669688,charging_features
8733,195950669688,compatibility
8734,195950669688,warranty_parts
8735,195950669688,warranty_labor
8736,21614803269,ports_io
8737,21614055514,ports_io
8738,810215800421,cpu_model
8739,810215800421,ram_gb
8740,810215800421,storage_gb
8741,810215800421,gpu_model
8742,810215800421,display_type
8743,810215800421,wireless_connectivity
8744,810215800421,operating_system
8745,810215800421,color_finish
8746,191272620233,cpu_model
8747,191272620233,operating_system
8748,191272620233,gpu_model
8749,191272620233,ram_gb
8750,191272620233,storage_gb
8751,191272620233,camera
8752,191272620233,wireless_connectivity
8753,191272620233,display_resolution
8754,191272620233,input_device_features
8755,191272620233,color_finish
8756,191272620233,warranty
8757,191272620233,model_number
8758,191272620233,dimensions
8759,191272620233,weight_lb
8760,191272620233,screen_brightness
8761,191272620233,battery_life_hr
8762,191272620233,certifications
8763,196801372429,model_name
8764,196801372429,features
8765,196801372429,form_factor
8766,196801372429,storage_type
8767,196801372429,warranty
8768,196801372429,dimensions
8769,196801372429,cpu_series
8770,196801372429,wattage
8771,196801372429,ports_io
8772,196801372429,memory_slots
8773,196801372429,bluetooth_version
8774,196801372429,cpu_clock_speed
8775,196801372429,cpu_cores
8776,196801372429,cpu_cache
8777,196801372429,package_quantity
8778,196801372429,asin
8779,196801372429,display_type
8780,196801372429,external_display_support
8781,196801372429,has_color_screen
8782,196801372429,display_surface
8783,196801372429,battery_type
8784,196801372429,number_of_ports
8785,196801372429,ethernet_ports
8786,196801372429,m2_slots
8787,196801372429,audio_features
8788,631209736239,battery_life_hr
8789,631209736239,storage_gb
8790,631209736239,operating_system
8791,631209736239,input_device_features
8792,631209736239,ports_io
8793,631209736239,security_features
8794,631209736239,gpu_model
8795,631209736239,wireless_connectivity
8796,631209736239,screen_size
8797,631209736239,cpu_model
8798,631209736239,touchscreen
8799,884116426837,certification_id
8800,884116430131,certification_id
8801,884116430131,gtin
8802,44387440554,dimensions
8803,44387440554,features
8804,44387440554,marketplace_metadata
8805,44387440554,price
8806,44387440554,user_profiles
8807,44387440554,adjustable_milk_texture
8808,44387440554,milk_carafe_capacity
8809,44387440554,input_device_features
8810,44387440554,package_quantity
8811,44387440554,material
8812,44387440554,included_accessories
8813,44387440554,model_name
8814,44387440554,asin
8815,44387440554,product_style
8816,44387192552,maximum_cup_height_mm
8817,44387192552,material
8818,44387290432,bean_hopper_capacity_g
8819,44387290432,ground_container_capacity
8820,44387290432,maximum_cup_height_mm
8821,44387454506,maximum_cup_height_mm
8822,44387454506,grinder
8823,44387454506,temperature_control
8824,44387945509,maximum_cup_height_mm
8825,44387945509,dimensions
8826,44387945509,material
8827,44387945509,temperature_control
8828,44387945509,display_type
8829,44387026000,display_type
8830,44387290845,bean_hopper_capacity_g
8831,44387290845,ground_container_capacity
8832,44387290845,maximum_cup_height_mm
8833,44387710220,bean_hopper_capacity_g
8834,44387710220,ground_container_capacity
8835,44387710220,maximum_cup_height_mm
8836,44387153003,display_type
8837,44387440554,bean_hopper_capacity_g
8838,44387440554,ground_container_capacity
8839,44387440554,maximum_cup_height_mm
8840,2079002079,maximum_cup_height_mm
8841,2079002079,pump_pressure
8842,2079002079,water_tank_capacity
8843,2079002079,wattage
8844,2079002079,voltage
8845,2079002079,dimensions
8846,2079002079,weight_lb
8847,2079002079,color_finish
8848,2079002079,material
8849,2079002079,coffee_machine_features
8850,2079002079,appliance_features
8851,2079002079,grinder
8852,2079002079,temperature_control
8853,2079002079,controls
8854,15479876161,included_accessories
8855,15479876161,dimensions
8856,15479876161,material
8857,15479876161,water_tank_capacity
8858,15479876161,appliance_features
8859,15479876161,wattage
8860,15479876161,voltage
8861,15479876161,warranty
8862,15479876161,weight_lb
8863,15479876161,milk_frothing
8864,15479876161,grinder
8865,15479876161,ports_io
8866,15479876161,coffee_machine_features
8867,21614807564,input_device_features
8868,21614807564,package_quantity
8869,21614807564,model_name
8870,21614807564,asin
8871,21614807564,product_style
8872,21614807564,ports_io
8873,21614800145,ports_io
8874,691835130194,features
8875,691835130194,color_finish
8876,691835130194,included_accessories
8877,691835130194,product_style
8878,691835130194,voltage
8879,691835130194,model_number
8880,691835130194,marketplace_metadata
8881,691835130194,asin
8882,691835130194,environmental_compliance
8883,614198368554,brand
8884,614198368554,battery_type
8885,614198368554,wireless_connectivity
8886,614198368554,included_accessories
8887,614198368554,battery_life_hr
8888,614198368554,dimensions
8889,614198368554,color_finish
8890,614198368554,features
8891,614198368554,compatibility
8892,614198368554,weight_lb
8893,614198368554,noise_cancellation
8894,614198368554,warranty
8895,614198368554,headphone_fit
8896,614198368554,power_source
8897,614198368554,ports_io
8898,27242931510,cord_type
8899,27242931510,ports_io
8900,27242931510,atmospheric_pressure_optimizing
8901,27242931510,quick_attention
8902,27242928688,age_range_description
8903,27242928688,asin
8904,27242928688,headphone_jack
8905,27242928688,controls
8906,27242928688,material
8907,27242928688,cable_features
8908,194644148744,connector_type
8909,194644148744,features
8910,194644148744,price
8911,194644148744,charging_interface
8912,194644148744,compatibility
8913,194644148744,voltage
8914,194644148744,power_source
8915,194644148744,wattage
8916,194644148744,ports_io
8917,194644148744,fast_charging
8918,194644148744,charge_time
8919,194644148744,reusability
8920,194644148744,number_of_outlets
8921,194644148744,certifications
8922,194644148744,asin
8923,194644148744,warranty
8924,194644148744,dimensions
8925,194644148744,package_quantity
8926,194644148744,battery_weight
8927,194644148652,connector_type
8928,194644148652,brand
8929,194644148652,color_finish
8930,194644148652,features
8931,194644148652,charging_interface
8932,194644148652,compatibility
8933,194644148652,voltage
8934,194644148652,power_source
8935,194644148652,amperage
8936,194644148652,fast_charging
8937,194644148652,charge_time
8938,194644148652,reusability
8939,194644148652,number_of_outlets
8940,194644148652,package_quantity
8941,194644148652,battery_weight
8942,194644148652,number_of_batteries
8943,194644148652,warranty
8944,194644148652,certifications
8945,194644148652,asin
8946,194644148652,battery_type
8947,200923810277,wattage
8948,200923810277,battery_capacity
8949,200923810277,included_accessories
8950,665679007004,energy_star_certified
8951,665679004478,energy_star_certified
8952,600603316227,energy_star_certified
8953,600603316227,gtin
8954,44387320702,bean_hopper_capacity_g
8955,44387320702,ground_container_capacity
8956,44387320702,maximum_cup_height_mm
8957,44387106405,capacity_generic
8958,44387106405,dimensions
8959,44387106405,features
8960,44387106405,marketplace_metadata
8961,44387106405,price
8962,44387106405,coffee_input_type
8963,44387106405,input_device_features
8964,44387106405,power_source
8965,44387106405,package_quantity
8966,44387106405,included_accessories
8967,44387106405,model_name
8968,44387106405,product_style
8969,44387106405,asin
8970,58465782481,energy_star_certified
8971,58465782481,gtin
8972,58465782481,model_number
8973,EFR331,energy_star_certified
8974,58465793937,energy_star_certified
8975,58465793937,gtin
8976,785307508342,dimensions
8977,785307508342,brand
8978,785307508342,capacity_cu_ft
8979,785307508342,configuration
8980,785307508342,color_finish
8981,785307508342,features
8982,785307508342,installation_features
8983,785307508342,door_features
8984,785307508342,defrost_type
8985,785307508342,storage_shelves
8986,785307508342,form_factor
8987,785307508342,cooling_system
8988,785307508342,temperature_control
8989,785307508342,refrigeration_system
8990,785307508342,has_convertible_freezer
8991,785307508342,power_source
8992,785307508342,lock_type
8993,785307508342,freezer_capacity
8994,785307508342,weight_lb
8995,785307508342,refrigerator_capacity
8996,785307508342,depth
8997,785307508342,certifications
8998,785307508342,model_number
8999,785307508342,package_quantity
9000,785307508342,asin
9001,665679004751,energy_star_certified
9002,665679006663,energy_star_certified
9003,84691263784,energy_star_certified
9004,84691263784,gtin
9005,RCA - EFR391-COM,energy_star_certified
9006,58465830854,energy_star_certified
9007,870234940086,brand
9008,870234940086,screen_size
9009,870234940086,storage_gb
9010,870234940086,ram_gb
9011,870234940086,operating_system
9012,870234940086,features
9013,870234940086,gpu_model
9014,870234940086,display_resolution
9015,870234940086,cpu_model
9016,870234940086,battery_life_hr
9017,870234940086,touchscreen
9018,870234940086,battery_energy
9019,870234940086,ports_io
9020,870234940086,external_display_support
9021,870234940086,audio_features
9022,870234940086,operating_requirements
9023,870234940086,weight_lb
9024,870234940086,accessibility
9025,870234940086,included_accessories
9026,870234940086,dimensions
9027,870234940086,asin
9028,870234940086,model_number
9029,195950851809,brand
9030,195950851809,color_finish
9031,195950851809,features
9032,195950851809,gpu_model
9033,195950851809,ram_gb
9034,195950851809,connector_type
9035,195950851809,usb_ports
9036,195950851809,operating_system
9037,195950851809,storage_type
9038,195950851809,cpu_model
9039,195950851809,cpu_brand
9040,195950851809,display_resolution
9041,195950851809,screen_size
9042,195950851809,storage_gb
9043,195950851809,camera_resolution
9044,195950851809,wireless_connectivity
9045,891523331479,screen_size
9046,891523331479,display_type
9047,891523331479,display_resolution
9048,891523331479,screen_brightness
9049,891523331479,refresh_rate
9050,891523331479,cpu_cores
9051,891523331479,ram_gb
9052,891523331479,storage_type
9053,891523331479,storage_gb
9054,891523331479,battery_type
9055,891523331479,battery_life_hr
9056,891523331479,product_height_inches
9057,891523331479,product_width_inches
9058,891523331479,product_depth_inches
9059,891523331479,weight_lb
9060,891523331479,camera
9061,891523331479,camera_resolution
9062,891523331479,operating_system
9063,891523331479,color_finish
9064,891523331479,security_features
9065,891523331479,ports_io
9066,891523331479,wireless_connectivity
9067,891523331479,included_accessories
9068,891523331479,warranty_parts
9069,891523331479,warranty_labor
9070,657208811525,brand
9071,657208811525,screen_size
9072,657208811525,color_finish
9073,657208811525,storage_gb
9074,657208811525,ram_gb
9075,657208811525,features
9076,657208811525,gpu_model
9077,657208811525,display_resolution
9078,657208811525,cpu_model
9079,657208811525,battery_life_hr
9080,657208811525,touchscreen
9081,657208811525,battery_energy
9082,657208811525,ports_io
9083,657208811525,external_display_support
9084,657208811525,audio_features
9085,657208811525,operating_requirements
9086,657208811525,weight_lb
9087,657208811525,accessibility
9088,657208811525,included_accessories
9089,657208811525,dimensions
9090,657208811525,asin
9091,657208811525,model_number
9092,891523331479,cpu_model
9093,195950851335,brand
9094,195950851335,color_finish
9095,195950851335,features
9096,195950851335,gpu_model
9097,195950851335,ram_gb
9098,195950851335,connector_type
9099,195950851335,usb_ports
9100,195950851335,operating_system
9101,195950851335,storage_type
9102,195950851335,cpu_model
9103,195950851335,cpu_brand
9104,195950851335,display_resolution
9105,195950851335,screen_size
9106,195950851335,storage_gb
9107,195950851335,camera_resolution
9108,195950851335,wireless_connectivity
9109,860547049499,brand
9110,860547049499,model_name
9111,860547049499,color_finish
9112,860547049499,storage_gb
9113,860547049499,ram_gb
9114,860547049499,operating_system
9115,860547049499,features
9116,860547049499,gpu_model
9117,860547049499,display_resolution
9118,860547049499,cpu_model
9119,860547049499,battery_life_hr
9120,860547049499,touchscreen
9121,860547049499,battery_and_power
9122,860547049499,ports_io
9123,860547049499,external_display_support
9124,860547049499,input_device_features
9125,860547049499,wireless_connectivity
9126,860547049499,camera
9127,860547049499,audio_features
9128,860547049499,operating_requirements
9129,860547049499,weight_lb
9130,860547049499,accessibility
9131,860547049499,included_accessories
9132,860547049499,dimensions
9133,860547049499,asin
9134,860547049499,model_number
9135,891523331479,input_device_features
9136,891523331479,bluetooth_version
9137,891523331479,height
9138,891523331479,width
9139,891523331479,depth
9140,195950697087,applecare_available
9141,195950697087,features
9142,195950697087,cpu_clock_speed
9143,195950697087,included_accessories
9144,195950697087,form_factor
9145,195950697087,material
9146,195950697087,ram_max_supported
9147,195950697087,camera_megapixels
9148,195950697087,model_name
9149,198828898210,features
9150,198828898210,material
9151,197497867299,brand
9152,197497867299,model_name
9153,197497867299,screen_size
9154,197497867299,color_finish
9155,197497867299,storage_gb
9156,197497867299,cpu_model
9157,197497867299,ram_gb
9158,197497867299,operating_system
9159,197497867299,features
9160,197497867299,gpu_model
9161,197497867299,storage_type
9162,197497867299,weight_lb
9163,197497867299,camera
9164,197497867299,gpu_memory
9165,197497867299,form_factor
9166,197497867299,gpu_type
9167,197497867299,compatibility
9168,197497867299,warranty
9169,197497867299,dimensions
9170,197497867299,wattage
9171,197497867299,ports_io
9172,197497867299,display_resolution
9173,197497867299,display_type
9174,197497867299,external_display_support
9175,197497867299,has_color_screen
9176,197497867299,display_surface
9177,197497867299,battery_type
9178,197497867299,battery_cells
9179,197497867299,battery_energy
9180,197497867299,input_device_features
9181,197497867299,audio_features
9182,197497867299,cpu_series
9183,197497867299,cpu_clock_speed
9184,197497867299,cpu_cores
9185,197497867299,cpu_brand
9186,197497867299,cpu_cache
9187,197497867299,release_year
9188,197497867299,asin
9189,197497867299,ram_type
9190,197497867299,wireless_connectivity
9191,197497867299,bluetooth_version
9192,197497867299,wifi_standard
9193,197497867299,usb_ports
9194,197497867299,number_of_ports
9195,197497867299,hdmi_ports
9196,199251101175,cpu_model
9197,199251101175,display_type
9198,199251101175,ram_gb
9199,199251101175,wireless_connectivity
9200,199251101175,ports_io
9201,199251101175,refresh_rate
9202,199251101175,battery_life_hr
9203,199251101175,features
9204,199251101175,gpu_model
9205,199251101175,software_app
9206,199251101175,cpu_cores
9207,199251101175,touchscreen
9208,199251101175,color_finish
9209,199251101175,weight_lb
9210,199251101175,cpu_brand
9211,199251101175,form_factor
9212,199251101175,screen_size
9213,199251101175,brand
9214,199251101175,storage_gb
9215,199251101175,warranty
9216,199251101175,operating_system
9217,199251101175,cpu_clock_speed
9218,199251101175,height
9219,695980317837,brand
9220,695980317837,model_number
9221,695980317837,color_finish
9222,695980317837,operating_system
9223,695980317837,cpu_model
9224,695980317837,cpu_series
9225,695980317837,gpu_memory
9226,695980317837,storage_gb
9227,695980317837,ram_gb
9228,695980317837,ram_speed
9229,695980317837,storage_type
9230,695980317837,wireless_connectivity
9231,695980317837,bluetooth_version
9232,695980317837,usb_ports
9233,695980317837,ports_io
9234,695980317837,connector_type
9235,695980317837,audio_features
9236,695980317837,input_device_features
9237,695980317837,webcam_webcam
9238,695980317837,product_style
9239,695980317837,battery_energy
9240,695980317837,weight_lb
9241,695980281893,storage_gb
9242,695980281893,model_name
9243,695980281893,battery_life_hr
9244,695980281893,display_resolution
9245,695980281893,operating_system
9246,695980281893,cpu_cores
9247,695980281893,touchscreen
9248,695980281893,ram_gb
9249,695980281893,color_finish
9250,695980281893,wireless_connectivity
9251,695980281893,cpu_brand
9252,695980281893,screen_brightness
9253,695980281893,brand
9254,695980281893,cpu_clock_speed
9255,695980281893,cpu_model
9256,695980281893,weight_lb
9257,695980281893,gpu_model
9258,695980281893,dimensions
9259,198156715722,brand
9260,198156715722,series
9261,198156715722,color_finish
9262,198156715722,operating_system
9263,198156715722,cpu_model
9264,198156715722,display_type
9265,198156715722,storage_gb
9266,776764918227,storage_gb
9267,776764918227,cpu_model
9268,776764918227,battery_life_hr
9269,776764918227,ram_gb
9270,776764918227,display_resolution
9271,776764918227,gpu_model
9272,776764918227,camera
9273,776764918227,microphone
9274,776764918227,privacy_shutter
9275,776764918227,ports_io
9276,776764918227,operating_system
9277,776764918227,weight_lb
9278,776764918227,npu
9279,776764918227,durability_resistance
9280,776764918227,form_factor
9281,198156835307,brand
9282,198156835307,model_name
9283,198156835307,screen_size
9284,198156835307,color_finish
9285,198156835307,storage_gb
9286,198156835307,ram_gb
9287,198156835307,operating_system
9288,198156835307,features
9289,198156835307,gpu_model
9290,198156835307,storage_type
9291,198156835307,weight_lb
9292,198156835307,camera
9293,198156835307,form_factor
9294,198156835307,gpu_type
9295,198156835307,compatibility
9296,198156835307,warranty
9297,198156835307,dimensions
9298,198156835307,ports_io
9299,198156835307,display_resolution
9300,198156835307,display_type
9301,198156835307,touchscreen
9302,198156835307,wireless_connectivity
9303,198156835307,wifi_standard
9304,198156835307,usb_ports
9305,198156835307,number_of_ports
9306,198156835307,cpu_model
9307,198156835307,cpu_cores
9308,198156835307,cpu_clock_speed
9309,198156835307,card_reader
9310,198156835307,package_quantity
9311,198156835307,asin
9312,198156835307,ram_type
9313,198156835307,ram_max_supported
9314,198156835307,battery_type
9315,198156835307,battery_life_hr
9316,198156835307,battery_energy
9317,198156835307,input_device_features
9318,198156688347,series
9319,198156688347,webcam_webcam
9320,198156688347,product_style
9321,198156688347,ac_adaptercharger
9322,884116429562,brand
9323,884116429562,model_name
9324,884116429562,screen_size
9325,884116429562,color_finish
9326,884116429562,storage_gb
9327,884116429562,ram_gb
9328,884116429562,operating_system
9329,884116429562,features
9330,884116429562,gpu_model
9331,884116429562,storage_type
9332,884116429562,weight_lb
9333,884116429562,camera
9334,884116429562,form_factor
9335,884116429562,security_features
9336,884116429562,gpu_type
9337,884116429562,compatibility
9338,884116429562,warranty
9339,884116429562,dimensions
9340,884116429562,ports_io
9341,884116429562,ram_type
9342,884116429562,ram_speed
9343,884116429562,ram_max_supported
9344,884116429562,wireless_connectivity
9345,884116429562,bluetooth_version
9346,884116429562,wifi_standard
9347,884116429562,input_device_features
9348,884116429562,cpu_model
9349,884116429562,cpu_cores
9350,884116429562,cpu_brand
9351,884116429562,cpu_series
9352,884116429562,card_reader
9353,884116429562,package_quantity
9354,884116429562,asin
9355,884116429562,display_resolution
9356,884116429562,display_type
9357,884116429562,touchscreen
9358,884116429562,display_surface
9359,884116429562,battery_energy
9360,884116429562,usb_ports
9361,884116429562,number_of_ports
9362,884116429562,display_thunderbolt_ports
9363,884116429562,hdmi_ports
9364,884116429562,audio_features
9365,ME-237719332468,brand
9366,ME-237719332468,series
9367,ME-237719332468,color_finish
9368,ME-237719332468,operating_system
9369,ME-237719332468,storage_gb
9370,ME-237719332468,ram_speed
9371,ME-237719332468,storage_type
9372,ME-237719332468,hdmi_ports
9373,ME-237719332468,connector_type
9374,ME-237719332468,input_device_features
9375,ME-237719332468,card_reader
9376,ME-237719332468,product_style
9377,694940018001,cpu_model
9378,694940018001,operating_system
9379,694940018001,gpu_model
9380,694940018001,display_resolution
9381,694940018001,ram_gb
9382,694940018001,storage_gb
9383,694940018001,form_factor
9384,694940018001,input_device_features
9385,694940018001,ports_io
9386,694940018001,dimensions
9387,694940018001,weight_lb
9388,694940018001,camera
9389,694940018001,audio_features
9390,694940018001,chassis
9391,694940018001,wireless_connectivity
9392,694940018001,battery_energy
9393,694940018001,wattage
9394,884116430322,bluetooth_version
9395,884116430322,dimensions
9396,884116430322,ports_io
9397,884116430322,platform
9398,884116430322,series
9399,884116430322,cpu_series
9400,884116430322,gpu_cores
9401,884116430322,cpu_features
9402,884116430322,front_camera_features
9403,884116430322,gpu_memory
9404,884116430322,sensors
9405,884116430322,connector_type
9406,884116430322,mouse_type
9407,884116430322,warranty
9408,884116430391,brand
9409,884116430391,model_name
9410,884116430391,screen_size
9411,884116430391,color_finish
9412,884116430391,storage_gb
9413,884116430391,cpu_model
9414,884116430391,ram_gb
9415,884116430391,operating_system
9416,884116430391,gpu_model
9417,884116430391,storage_type
9418,884116430391,weight_lb
9419,884116430391,features
9420,884116430391,camera
9421,884116430391,gpu_memory
9422,884116430391,form_factor
9423,884116430391,security_features
9424,884116430391,gpu_type
9425,884116430391,compatibility
9426,884116430391,warranty
9427,884116430391,dimensions
9428,884116430391,ports_io
9429,884116430391,ram_type
9430,884116430391,ram_speed
9431,884116430391,cpu_cache
9432,884116430391,memory_slots
9433,884116430391,battery_cells
9434,884116430391,battery_energy
9435,884116430391,usb_ports
9436,884116430391,number_of_ports
9437,884116430391,hdmi_ports
9438,884116430391,audio_features
9439,884116430391,cpu_series
9440,884116430391,cpu_clock_speed
9441,884116430391,cpu_cores
9442,884116430391,cpu_brand
9443,884116430391,release_year
9444,884116430391,card_reader
9445,884116430391,package_quantity
9446,884116430391,asin
9447,884116430391,display_resolution
9448,884116430391,display_type
9449,884116430391,touchscreen
9450,884116430391,display_surface
9451,884116430391,wireless_connectivity
9452,884116430391,bluetooth_version
9453,884116430391,wifi_standard
9454,884116430391,input_device_features
9455,622356662574,features
9456,622356662574,color_finish
9457,622356662574,voltage
9458,622356662574,controls
9459,622356662574,min_temperature
9460,622356662574,max_temperature
9461,622356662574,appliance_features
9462,622356662574,compatibility
9463,622356662574,nonstick_coating
9464,622356662574,brand
9465,622356662574,model_name
9466,622356662574,gtin
9467,622356662574,configuration
9468,622356662574,model_number
9469,622356662574,included_accessories
9470,622356662574,package_quantity
9471,622356662574,marketplace_metadata
9472,622356662574,asin
9473,622356654944,appliance_features
9474,622356654944,max_temperature
9475,622356654944,included_accessories
9476,622356654944,weight_lb
9477,622356654944,cleaning_care_maintenance
9478,622356654944,dimensions
9479,622356654944,material
9480,622356654944,features
9481,622356654944,wattage
9482,622356654944,min_temperature
9483,622356654944,brand
9484,622356654944,capacity_qt
9485,100000196545,color_finish
9486,100000196545,controls
9487,100000196545,depth
9488,100000196545,width
9489,100000196545,height
9490,100000196545,capacity_qt
9491,100000196545,weight_lb
9492,100000196545,appliance_features
9493,100000196545,nonstick_coating
9494,100000196545,wattage
9495,100000196545,warranty
9496,622356621083,nonstick_coating
9497,622356621083,coffee_machine_features
9498,622356621083,brand
9499,622356621083,product_name
9500,622356621083,height
9501,622356621083,width
9502,622356621083,depth
9503,622356621083,length
9504,622356621083,warranty_parts
9505,622356621083,warranty_labor
9506,605216638554,appliance_features
9507,605216638554,capacity_qt
9508,605216638554,max_temperature
9509,605216638554,material
9510,605216638554,care_cleaning
9511,605216638554,technology
9512,787416689172,brand
9513,787416689172,height
9514,787416689172,width
9515,787416689172,depth
9516,787416689172,environmental_compliance
9517,787416689172,controls
9518,787416689172,certifications
9519,787416689172,warranty_parts
9520,787416689172,warranty_labor
9521,810123673490,brand
9522,810123673490,product_name
9523,810123673490,color_finish
9524,810123673490,height
9525,810123673490,width
9526,810123673490,depth
9527,810123673490,environmental_compliance
9528,810123673490,certifications
9529,810123673490,warranty_parts
9530,810123673490,warranty_labor
9531,KAAPAFCSSUS0205Y,capacity_qt
9532,KAAPAFCSSUS0205Y,length
9533,KAAPAFCSSUS0205Y,voltage
9534,KAAPAFCSSUS0205Y,wattage
9535,KAAPAFCSSUS0205Y,color_finish
9536,KAAPAFCSSUS0205Y,material
9537,KAAPAFCSSUS0205Y,appliance_features
9538,KAAPAFCSSUS0205Y,temperature_control
9539,KAAPAFCSSUS0205Y,care_cleaning
9540,KAAPAFCSSUS0205Y,environmental_compliance
9541,KAAPAFCSSUS0205Y,dimensions
9542,KAAPAFCSSUS0205Y,weight_lb
9543,188621553973,capacity_qt
9544,188621553973,environmental_compliance
9545,188621553973,power_supply
9546,188621553973,wattage
9547,188621553973,max_temperature
9548,188621553973,weight_lb
9549,188621553973,appliance_features
9550,188621553973,noise_level
9551,188621553973,nonstick_coating
9552,188621553973,features
9553,44387592505,care_cleaning
9554,44387592505,weight_lb
9555,44387592505,condition
9556,44387592505,security_features
9557,44387592505,water_tank_capacity
9558,44387592505,included_accessories
9559,44387592505,coffee_input_type
9560,44387592505,material
9561,44387592505,warranty
9562,44387592505,dimensions
9563,44387592505,wattage
9564,44387592505,features
9565,44387592505,power_source
9566,44387192552,features
9567,44387192552,warranty
9568,891523331479,dimensions
9569,891523331479,product_style
9570,891523331479,appliance_features
9571,891523331479,pump_pressure
9572,891523331479,voltage
9573,891523331479,wattage
9574,891523331479,grinder
9575,44387290432,display_type
9576,44387290432,product_style
9577,44387290432,storage_type
9578,44387290432,screen_size
9579,44387290432,warranty
9580,891523331479,water_tank_capacity
9581,891523331479,controls
9582,891523331479,warranty
9583,891523331479,features
9584,DLSC085,material
9585,DLSC085,compatibility
9586,605216638554,dimensions
9587,605216638554,water_tank_capacity
9588,605216638554,bean_hopper_capacity
9589,605216638554,wattage
9590,605216638554,features
9591,605216638554,temperature_control
9592,605216638554,included_accessories
9593,605216638554,warranty
9594,197192458518,product_style
9595,695980295593,gpu_model
9596,695980295593,storage_gb
9597,695980295593,battery_life_hr
9598,695980295593,model_name
9599,695980295593,cpu_model
9600,695980295593,wireless_connectivity
9601,695980295593,weight_lb
9602,695980295593,cpu_cores
9603,695980295593,touchscreen
9604,695980295593,cpu_brand
9605,695980295593,dimensions
9606,695980295593,display_type
9607,695980295593,ram_gb
9608,695980295593,screen_size
9609,695980295593,brand
9610,695980295593,included_accessories
9611,695980295593,features
9612,695980295593,color_finish
9613,695980295593,cpu_clock_speed
9614,695980295593,operating_system
9615,199485902791,brand
9616,199485902791,model_name
9617,199485902791,color_finish
9618,199485902791,storage_gb
9619,199485902791,cpu_model
9620,199485902791,ram_gb
9621,199485902791,operating_system
9622,199485902791,features
9623,199485902791,gpu_model
9624,199485902791,storage_type
9625,199485902791,camera
9626,199485902791,form_factor
9627,199485902791,dimensions
9628,199485902791,ports_io
9629,199485902791,display_resolution
9630,199485902791,display_type
9631,199485902791,touchscreen
9632,199485902791,wireless_connectivity
9633,199485902791,usb_ports
9634,199485902791,number_of_ports
9635,199485902791,hdmi_ports
9636,199485902791,cpu_series
9637,199485902791,cpu_clock_speed
9638,199485902791,cpu_cores
9639,199485902791,cpu_brand
9640,199485902791,cpu_cache
9641,199485902791,card_reader
9642,199485902791,package_quantity
9643,199485902791,marketplace_metadata
9644,199485902791,asin
9645,199485902791,ram_speed
9646,199485902791,ram_max_supported
9647,199485902791,ram_type
9648,199485902791,memory_slots
9649,199485902791,input_device_features
9650,199485902791,price
9651,199485902791,security_features
9652,ESSENTIAL2614-C_CTO_N1,screen_size
9653,ESSENTIAL2614-C_CTO_N1,cpu_model
9654,810215800421,display_resolution
9655,198990259369,screen_size
9656,198990259369,color_finish
9657,198990259369,operating_system
9658,198990259369,cpu_model
9659,198990259369,gpu_model
9660,198990259369,ram_gb
9661,198990259369,storage_gb
9662,198990259369,display_resolution
9663,198990259369,features
9664,198990259369,product_style
9665,198990259369,ports_io
9666,198990259369,certifications
9667,198990259369,aspect_ratio
9668,198990259369,screen_brightness
9669,198990259369,wireless_connectivity
9670,198990259369,power_supply
9671,198990259369,battery_energy
9672,198990259369,battery_life_hr
9673,198990259369,charge_time
9674,198990259369,environmental_compliance
9675,198990259369,camera
9676,198990259369,audio_features
9677,198990259369,input_device_features
9678,198990259369,dimensions
9679,198990259369,weight_lb
9680,196800039439,brand
9681,196800039439,model_name
9682,196800039439,screen_size
9683,196800039439,color_finish
9684,196800039439,storage_gb
9685,196800039439,cpu_model
9686,196800039439,ram_gb
9687,196800039439,operating_system
9688,196800039439,features
9689,196800039439,gpu_model
9690,196800039439,storage_type
9691,196800039439,camera
9692,196800039439,form_factor
9693,196800039439,gpu_type
9694,196800039439,dimensions
9695,196800039439,ports_io
9696,196800039439,display_resolution
9697,196800039439,display_type
9698,196800039439,touchscreen
9699,196800039439,wireless_connectivity
9700,196800039439,usb_ports
9701,196800039439,number_of_ports
9702,196800039439,audio_features
9703,196800039439,cpu_clock_speed
9704,196800039439,cpu_cores
9705,196800039439,cpu_brand
9706,196800039439,cpu_series
9707,196800039439,release_year
9708,196800039439,card_reader
9709,196800039439,package_quantity
9710,196800039439,marketplace_metadata
9711,196800039439,asin
9712,196800039439,ram_type
9713,196800039439,ram_speed
9714,196800039439,battery_type
9715,196800039439,battery_life_hr
9716,196800039439,input_device_features
9717,186825442437,form_factor
9718,186825442437,operating_system
9719,186825442437,height
9720,186825442437,ram_gb
9721,186825442437,weight_lb
9722,186825442437,cpu_clock_speed
9723,186825442437,screen_size
9724,186825442437,cpu_brand
9725,186825442437,cpu_model
9726,186825442437,brand
9727,186825442437,wireless_connectivity
9728,186825442437,color_finish
9729,199271336601,bluetooth_version
9730,199271336601,platform
9731,199271336601,series
9732,199271336601,gpu_cores
9733,199271336601,ram_max_supported
9734,199271336601,front_camera_features
9735,199271336601,privacy_shutter
9736,199271336601,gpu_memory
9737,199271336601,mouse_type
9738,198155777660,brand
9739,198155777660,model_name
9740,198155777660,screen_size
9741,198155777660,storage_gb
9742,198155777660,cpu_model
9743,198155777660,ram_gb
9744,198155777660,operating_system
9745,198155777660,features
9746,198155777660,gpu_model
9747,198155777660,storage_type
9748,198155777660,weight_lb
9749,198155777660,camera
9750,198155777660,form_factor
9751,198155777660,compatibility
9752,198155777660,dimensions
9753,198155777660,ports_io
9754,198155777660,display_resolution
9755,198155777660,display_type
9756,198155777660,touchscreen
9757,198155777660,has_color_screen
9758,198155777660,wireless_connectivity
9759,198155777660,battery_life_hr
9760,198155777660,input_device_features
9761,198155777660,audio_features
9762,198155777660,cpu_series
9763,198155777660,cpu_clock_speed
9764,198155777660,cpu_cores
9765,198155777660,cpu_brand
9766,198155777660,cpu_cache
9767,198155777660,release_year
9768,198155777660,card_reader
9769,198155777660,package_quantity
9770,198155777660,warranty
9771,198155777660,asin
9772,198155777660,ram_speed
9773,198155777660,ram_type
9774,198155777660,usb_ports
9775,198155777660,number_of_ports
9776,198156715722,cpu_series
9777,198156715722,screen_size
9778,198156715722,touchscreen
9779,198156715722,display_resolution
9780,198156715722,gpu_model
9781,198156715722,gpu_type
9782,198156715722,ram_gb
9783,198156715722,ports_io
9784,198156715722,hdmi_ports
9785,198156715722,input_device_features
9786,198156715722,battery_type
9787,198156715722,battery_life_hr
9788,191272620233,security_features
9789,191272620233,audio_features
9790,706212772260,brand
9791,706212772260,model_name
9792,706212772260,screen_size
9793,706212772260,color_finish
9794,706212772260,storage_gb
9795,706212772260,ram_gb
9796,706212772260,operating_system
9797,706212772260,features
9798,706212772260,gpu_model
9799,706212772260,storage_type
9800,706212772260,weight_lb
9801,706212772260,camera
9802,706212772260,form_factor
9803,706212772260,gpu_type
9804,706212772260,compatibility
9805,706212772260,warranty
9806,706212772260,dimensions
9807,706212772260,ports_io
9808,706212772260,display_resolution
9809,706212772260,display_type
9810,706212772260,screen_brightness
9811,706212772260,external_display_support
9812,706212772260,touchscreen
9813,706212772260,has_color_screen
9814,706212772260,display_surface
9815,706212772260,battery_type
9816,706212772260,battery_energy
9817,706212772260,usb_ports
9818,706212772260,number_of_ports
9819,706212772260,hdmi_ports
9820,706212772260,m2_slots
9821,706212772260,audio_features
9822,706212772260,cpu_clock_speed
9823,706212772260,cpu_cores
9824,706212772260,cpu_brand
9825,706212772260,cpu_model
9826,706212772260,cpu_cache
9827,706212772260,release_year
9828,706212772260,asin
9829,706212772260,ram_type
9830,706212772260,ram_max_supported
9831,706212772260,ram_speed
9832,706212772260,memory_slots
9833,706212772260,wireless_connectivity
9834,706212772260,bluetooth_version
9835,706212772260,wifi_standard
9836,706212772260,input_device_features
9837,706212772260,controls
9838,196803504613,model_name
9839,196803504613,software_app
9840,196803504613,ram_max_supported
9841,196803504613,ports_io
9842,B13558-LEN-14-ME05903-BUNDLE,operating_system
9843,B13558-LEN-14-ME05903-BUNDLE,storage_gb
9844,631209736239,included_accessories
9845,631209736239,certifications
9846,756372060902,brand
9847,756372060902,model_name
9848,756372060902,screen_size
9849,756372060902,color_finish
9850,756372060902,storage_gb
9851,756372060902,cpu_model
9852,756372060902,ram_gb
9853,756372060902,operating_system
9854,756372060902,features
9855,756372060902,gpu_model
9856,756372060902,storage_type
9857,756372060902,weight_lb
9858,756372060902,camera
9859,756372060902,form_factor
9860,756372060902,security_features
9861,756372060902,gpu_type
9862,756372060902,compatibility
9863,756372060902,warranty
9864,756372060902,dimensions
9865,756372060902,ports_io
9866,756372060902,ram_type
9867,756372060902,ram_speed
9868,756372060902,memory_slots
9869,756372060902,battery_cells
9870,756372060902,battery_energy
9871,756372060902,usb_ports
9872,756372060902,number_of_ports
9873,756372060902,hdmi_ports
9874,756372060902,audio_features
9875,756372060902,cpu_series
9876,756372060902,cpu_brand
9877,756372060902,cpu_clock_speed
9878,756372060902,card_reader
9879,756372060902,package_quantity
9880,756372060902,marketplace_metadata
9881,756372060902,asin
9882,756372060902,display_resolution
9883,756372060902,display_type
9884,756372060902,touchscreen
9885,756372060902,display_surface
9886,756372060902,wireless_connectivity
9887,756372060902,bluetooth_version
9888,756372060902,wifi_standard
9889,756372060902,input_device_features
9890,884116430315,ports_io
9891,756372060902,charge_time
9892,756372060902,power_supply
9893,756372060902,wattage
9894,756372060902,screen_brightness
9895,756372060902,has_color_screen
9896,756372060902,m2_slots
9897,756372060902,microphone
9898,756372060902,cpu_cores
9899,756372060902,release_year
9900,756372060902,ram_max_supported
9901,756372060902,controls
9902,884116527916,brand
9903,884116527916,series
9904,884116527916,color_finish
9905,884116527916,operating_system
9906,884116527916,cpu_model
9907,884116527916,display_type
9908,884116527916,storage_gb
9909,884116527916,ram_gb
9910,884116527916,hdmi_ports
9911,884116527916,product_style
9912,884116527916,features
9913,884116527916,dimensions
9914,884116527916,weight_lb
9915,197192264072,brand
9916,197192264072,model_name
9917,197192264072,screen_size
9918,197192264072,color_finish
9919,197192264072,storage_gb
9920,197192264072,cpu_model
9921,197192264072,ram_gb
9922,197192264072,operating_system
9923,197192264072,features
9924,197192264072,gpu_model
9925,197192264072,camera
9926,197192264072,form_factor
9927,197192264072,compatibility
9928,197192264072,warranty
9929,197192264072,dimensions
9930,197192264072,storage_type
9931,197192264072,ports_io
9932,197192264072,display_resolution
9933,197192264072,display_type
9934,197192264072,touchscreen
9935,197192264072,wireless_connectivity
9936,197192264072,usb_ports
9937,197192264072,number_of_ports
9938,197192264072,hdmi_ports
9939,197192264072,cpu_series
9940,197192264072,cpu_clock_speed
9941,197192264072,cpu_brand
9942,197192264072,release_year
9943,197192264072,card_reader
9944,197192264072,package_quantity
9945,197192264072,asin
9946,197192264072,ram_type
9947,197192264072,battery_type
9948,197192264072,battery_energy
9949,197192264072,input_device_features
9950,198415330239,model_name
9951,198415330239,features
9952,198415330239,software_app
9953,198415330239,battery_life_hr
9954,198415330239,material
9955,695980300259,brand
9956,695980300259,model_number
9957,695980300259,color_finish
9958,695980300259,cpu_model
9959,695980300259,storage_gb
9960,695980300259,storage_type
9961,695980300259,connector_type
9962,695980300259,audio_features
9963,695980300259,input_device_features
9964,695980300259,battery_energy
9965,695980300259,product_style
9966,695980300259,weight_lb
9967,198990520773,ram_gb
9968,198990520773,touchscreen
9969,198990520773,battery_life_hr
9970,198990520773,display_resolution
9971,198990520773,input_device_features
9972,198990520773,cpu_model
9973,198990520773,material
9974,198990520773,operating_system
9975,198990520773,cpu_cores
9976,198990520773,features
9977,198990520773,wireless_connectivity
9978,198990520773,screen_brightness
9979,198990520773,cpu_brand
9980,198990520773,screen_size
9981,198990520773,brand
9982,198990520773,weight_lb
9983,198990520773,dimensions
9984,198990520773,storage_gb
9985,198990520773,display_type
9986,198990520773,color_finish
9987,198990520773,gpu_model
9988,700512038736,brand
9989,700512038736,model_name
9990,700512038736,screen_size
9991,700512038736,color_finish
9992,700512038736,storage_gb
9993,700512038736,ram_gb
9994,700512038736,operating_system
9995,700512038736,features
9996,700512038736,gpu_model
9997,700512038736,storage_type
9998,700512038736,camera
9999,700512038736,form_factor
10000,700512038736,gpu_type
10001,700512038736,compatibility
10002,700512038736,warranty
10003,700512038736,dimensions
10004,700512038736,ports_io
10005,700512038736,display_resolution
10006,700512038736,display_type
10007,700512038736,touchscreen
10008,700512038736,wireless_connectivity
10009,700512038736,input_device_features
10010,700512038736,cpu_clock_speed
10011,700512038736,cpu_cores
10012,700512038736,cpu_brand
10013,700512038736,cpu_model
10014,700512038736,release_year
10015,700512038736,package_quantity
10016,700512038736,asin
10017,700512038736,ram_type
10018,700512038736,ram_speed
10019,700512038736,usb_ports
10020,700512038736,number_of_ports
10021,700512038736,hdmi_ports
10022,700512038736,audio_features
10023,700512061802,brand
10024,700512061802,series
10025,700512061802,model_number
10026,700512061802,color_finish
10027,700512061802,operating_system
10028,700512061802,cpu_model
10029,700512061802,storage_gb
10030,700512061802,product_style
10031,700512061802,weight_lb
10032,26541383259,display_resolution
10033,26541383259,storage_gb
10034,26541383259,height
10035,26541383259,ram_gb
10036,26541383259,weight_lb
10037,26541383259,operating_system
10038,26541383259,touchscreen
10039,26541383259,cpu_clock_speed
10040,26541383259,cpu_cores
10041,26541383259,cpu_brand
10042,26541383259,form_factor
10043,26541383259,display_type
10044,26541383259,gpu_model
10045,26541383259,brand
10046,26541383259,input_device_features
10047,26541383259,software_app
10048,26541383259,features
10049,26541383259,color_finish
10050,26541383259,screen_size
10051,26541383259,cpu_model
10052,26541383259,battery_life_hr
10053,26541383259,wireless_connectivity
10054,196804230948,brand
10055,196804230948,model_name
10056,196804230948,screen_size
10057,196804230948,color_finish
10058,196804230948,ram_gb
10059,196804230948,operating_system
10060,196804230948,features
10061,196804230948,gpu_model
10062,196804230948,storage_type
10063,196804230948,weight_lb
10064,196804230948,camera
10065,196804230948,form_factor
10066,196804230948,security_features
10067,196804230948,gpu_type
10068,196804230948,compatibility
10069,196804230948,warranty
10070,196804230948,dimensions
10071,196804230948,cpu_series
10072,196804230948,wattage
10073,196804230948,ports_io
10074,196804230948,ram_type
10075,196804230948,memory_slots
10076,196804230948,battery_type
10077,196804230948,battery_life_hr
10078,196804230948,battery_cells
10079,196804230948,usb_ports
10080,196804230948,hdmi_ports
10081,196804230948,m2_slots
10082,196804230948,audio_features
10083,196804230948,microphone
10084,196804230948,cpu_clock_speed
10085,196804230948,cpu_cores
10086,196804230948,cpu_brand
10087,196804230948,cpu_model
10088,196804230948,cpu_cache
10089,196804230948,release_year
10090,196804230948,card_reader
10091,196804230948,asin
10092,196804230948,display_resolution
10093,196804230948,display_type
10094,196804230948,screen_brightness
10095,196804230948,external_display_support
10096,196804230948,has_color_screen
10097,196804230948,display_surface
10098,196804230948,wireless_connectivity
10099,196804230948,bluetooth_version
10100,196804230948,wifi_standard
10101,196804230948,input_device_features
10102,196804230948,controls
10103,191272620233,ports_io
10104,191272620233,battery_type
10105,196379312735,brand
10106,196379312735,model_name
10107,196379312735,screen_size
10108,196379312735,color_finish
10109,196379312735,storage_gb
10110,196379312735,ram_gb
10111,196379312735,operating_system
10112,196379312735,features
10113,196379312735,gpu_model
10114,196379312735,storage_type
10115,196379312735,weight_lb
10116,196379312735,camera
10117,196379312735,form_factor
10118,196379312735,gpu_type
10119,196379312735,compatibility
10120,196379312735,warranty
10121,196379312735,dimensions
10122,196379312735,ports_io
10123,196379312735,ram_type
10124,196379312735,ram_speed
10125,196379312735,ram_max_supported
10126,196379312735,memory_slots
10127,196379312735,battery_type
10128,196379312735,battery_life_hr
10129,196379312735,battery_energy
10130,196379312735,usb_ports
10131,196379312735,number_of_ports
10132,196379312735,audio_features
10133,196379312735,cpu_clock_speed
10134,196379312735,cpu_cores
10135,196379312735,cpu_brand
10136,196379312735,cpu_model
10137,196379312735,release_year
10138,196379312735,package_quantity
10139,196379312735,asin
10140,196379312735,display_resolution
10141,196379312735,display_type
10142,196379312735,touchscreen
10143,196379312735,has_color_screen
10144,196379312735,wireless_connectivity
10145,196379312735,input_device_features
10146,LEN101I0029,cpu_model
10147,LEN101I0029,operating_system
10148,LEN101I0029,ram_gb
10149,LEN101I0029,storage_gb
10150,LEN101I0029,display_resolution
10151,LEN101I0029,screen_brightness
10152,LEN101I0029,warranty
10153,LEN101I0029,model_number
10154,LEN101I0029,gpu_model
10155,LEN101I0029,battery_life_hr
10156,LEN101I0029,security_features
10157,LEN101I0029,audio_features
10158,LEN101I0029,camera
10159,LEN101I0029,dimensions
10160,LEN101I0029,weight_lb
10161,LEN101I0029,color_finish
10162,LEN101I0029,wireless_connectivity
10163,706212772277,brand
10164,706212772277,model_name
10165,706212772277,screen_size
10166,706212772277,color_finish
10167,706212772277,storage_gb
10168,706212772277,ram_gb
10169,706212772277,operating_system
10170,706212772277,features
10171,706212772277,gpu_model
10172,706212772277,storage_type
10173,706212772277,weight_lb
10174,706212772277,camera
10175,706212772277,form_factor
10176,706212772277,gpu_type
10177,706212772277,warranty
10178,706212772277,dimensions
10179,706212772277,cpu_series
10180,706212772277,wattage
10181,706212772277,display_resolution
10182,706212772277,display_type
10183,706212772277,screen_brightness
10184,706212772277,touchscreen
10185,706212772277,has_color_screen
10186,706212772277,battery_type
10187,706212772277,battery_life_hr
10188,706212772277,battery_energy
10189,706212772277,usb_ports
10190,706212772277,ports_io
10191,706212772277,number_of_ports
10192,706212772277,ethernet_ports
10193,706212772277,hdmi_ports
10194,706212772277,m2_slots
10195,706212772277,audio_features
10196,706212772277,cpu_clock_speed
10197,706212772277,cpu_cores
10198,706212772277,cpu_brand
10199,706212772277,cpu_model
10200,706212772277,cpu_cache
10201,706212772277,release_year
10202,706212772277,package_quantity
10203,706212772277,asin
10204,706212772277,ram_type
10205,706212772277,ram_speed
10206,706212772277,ram_max_supported
10207,706212772277,memory_slots
10208,706212772277,wireless_connectivity
10209,706212772277,bluetooth_version
10210,706212772277,wifi_standard
10211,706212772277,input_device_features
10212,706212772277,controls
10213,196800581167,brand
10214,196800581167,model_name
10215,196800581167,screen_size
10216,196800581167,color_finish
10217,196800581167,storage_gb
10218,196800581167,cpu_model
10219,196800581167,ram_gb
10220,196800581167,operating_system
10221,196800581167,features
10222,196800581167,gpu_model
10223,196800581167,weight_lb
10224,196800581167,camera
10225,196800581167,form_factor
10226,196800581167,storage_type
10227,196800581167,gpu_type
10228,196800581167,compatibility
10229,196800581167,warranty
10230,196800581167,dimensions
10231,196800581167,wattage
10232,196800581167,ports_io
10233,196800581167,ram_type
10234,196800581167,ram_speed
10235,196800581167,memory_slots
10236,196800581167,battery_type
10237,196800581167,battery_life_hr
10238,196800581167,battery_energy
10239,196800581167,usb_ports
10240,196800581167,number_of_ports
10241,196800581167,hdmi_ports
10242,196800581167,cpu_series
10243,196800581167,cpu_clock_speed
10244,196800581167,cpu_cores
10245,196800581167,cpu_brand
10246,196800581167,cpu_cache
10247,196800581167,release_year
10248,196800581167,package_quantity
10249,196800581167,asin
10250,196800581167,display_resolution
10251,196800581167,display_type
10252,196800581167,touchscreen
10253,196800581167,wireless_connectivity
10254,196800581167,bluetooth_version
10255,196800581167,wifi_standard
10256,196800581167,input_device_features
10257,196800581167,audio_features
10258,810215800254,usb_ports
10259,810215800254,display_resolution
10260,810215800254,dimensions
10261,810215800254,cpu_series
10262,810215800254,storage_gb
10263,810215800254,connector_type
10264,810215800254,touchscreen
10265,810215800254,input_device_features
10266,810215800254,storage_type
10267,810215800254,battery_life_hr
10268,810215800254,wireless_connectivity
10269,810215800254,cpu_model
10270,810215800254,aspect_ratio
10271,810215800254,cpu_clock_speed
10272,810215800254,cpu_cores
10273,810215800254,screen_size
10274,810215800254,ram_gb
10275,810215800254,operating_system
10276,810215800254,condition
10277,810215800254,battery_type
10278,810215800254,ram_type
10279,810215800254,weight_lb
10280,810215800254,microphone
10281,198155566653,brand
10282,198155566653,model_name
10283,198155566653,screen_size
10284,198155566653,color_finish
10285,198155566653,storage_gb
10286,198155566653,ram_gb
10287,198155566653,operating_system
10288,198155566653,features
10289,198155566653,gpu_model
10290,198155566653,storage_type
10291,198155566653,weight_lb
10292,198155566653,camera
10293,198155566653,form_factor
10294,198155566653,gpu_type
10295,198155566653,dimensions
10296,198155566653,ports_io
10297,198155566653,display_resolution
10298,198155566653,display_type
10299,198155566653,screen_brightness
10300,198155566653,wireless_connectivity
10301,198155566653,input_device_features
10302,198155566653,cpu_clock_speed
10303,198155566653,cpu_cores
10304,198155566653,cpu_brand
10305,198155566653,cpu_series
10306,198155566653,card_reader
10307,198155566653,package_quantity
10308,198155566653,asin
10309,198155566653,ram_type
10310,198155566653,ram_speed
10311,198155566653,memory_slots
10312,198155566653,usb_ports
10313,198155566653,number_of_ports
10314,198155566653,display_thunderbolt_ports
10315,198155566653,hdmi_ports
10316,198155566653,cpu_model
10317,198155566653,software_app
10318,198155566653,included_accessories
10319,198155566653,touchscreen
10320,198155566653,material
10321,198155566653,refresh_rate
10322,197497073034,brand
10323,197497073034,model_name
10324,197497073034,screen_size
10325,197497073034,storage_gb
10326,197497073034,cpu_model
10327,197497073034,ram_gb
10328,197497073034,operating_system
10329,197497073034,features
10330,197497073034,gpu_model
10331,197497073034,storage_type
10332,197497073034,weight_lb
10333,197497073034,camera
10334,197497073034,form_factor
10335,197497073034,compatibility
10336,197497073034,dimensions
10337,197497073034,ports_io
10338,197497073034,display_resolution
10339,197497073034,display_type
10340,197497073034,wireless_connectivity
10341,197497073034,usb_ports
10342,197497073034,number_of_ports
10343,197497073034,cpu_series
10344,197497073034,cpu_clock_speed
10345,197497073034,cpu_brand
10346,197497073034,release_year
10347,197497073034,package_quantity
10348,197497073034,asin
10349,197497073034,ram_type
10350,197497073034,battery_type
10351,197497073034,battery_energy
10352,197497073034,input_device_features
10353,198990520780,display_resolution
10354,198990520780,touchscreen
10355,198990520780,input_device_features
10356,198990520780,cpu_model
10357,198990520780,ram_gb
10358,198990520780,material
10359,198990520780,operating_system
10360,198990520780,features
10361,198990520780,wireless_connectivity
10362,198990520780,software_app
10363,198990520780,screen_brightness
10364,198990520780,cpu_brand
10365,198990520780,brand
10366,198990520780,weight_lb
10367,198990520780,dimensions
10368,198990520780,included_accessories
10369,198990520780,display_type
10370,198990520780,color_finish
10371,198990520780,battery_life_hr
10372,198990520780,storage_gb
10373,198990520780,gpu_model
10374,193905532834,brand
10375,193905532834,model_name
10376,193905532834,screen_size
10377,193905532834,color_finish
10378,193905532834,storage_gb
10379,193905532834,cpu_model
10380,193905532834,ram_gb
10381,193905532834,operating_system
10382,193905532834,features
10383,193905532834,gpu_model
10384,193905532834,storage_type
10385,193905532834,weight_lb
10386,193905532834,camera
10387,193905532834,form_factor
10388,193905532834,dimensions
10389,193905532834,ports_io
10390,193905532834,display_resolution
10391,193905532834,display_type
10392,193905532834,touchscreen
10393,193905532834,wireless_connectivity
10394,193905532834,usb_ports
10395,193905532834,number_of_ports
10396,193905532834,audio_features
10397,193905532834,cpu_series
10398,193905532834,cpu_cores
10399,193905532834,cpu_brand
10400,193905532834,card_reader
10401,193905532834,package_quantity
10402,193905532834,warranty
10403,193905532834,asin
10404,193905532834,ram_type
10405,193905532834,cpu_cache
10406,193905532834,battery_type
10407,193905532834,battery_energy
10408,193905532834,input_device_features
10409,199251661372,cpu_series
10410,199251661372,gpu_memory
10411,199251661372,connector_type
10412,199251661372,product_style
10413,695980289783,ram_gb
10414,695980289783,battery_life_hr
10415,695980289783,form_factor
10416,695980289783,operating_system
10417,695980289783,cpu_cores
10418,695980289783,touchscreen
10419,695980289783,display_resolution
10420,695980289783,screen_size
10421,695980289783,display_type
10422,695980289783,dimensions
10423,695980289783,brand
10424,695980289783,included_accessories
10425,695980289783,cpu_brand
10426,695980289783,model_name
10427,695980289783,weight_lb
10428,695980289783,storage_gb
10429,695980289783,wireless_connectivity
10430,695980289783,features
10431,695980289783,color_finish
10432,695980289783,cpu_clock_speed
10433,198990145372,aspect_ratio
10434,198990145372,dimensions
10435,198990145372,battery_life_hr
10436,198990145372,battery_type
10437,198990145372,connector_type
10438,198990145372,condition
10439,198990145372,certifications
10440,198990145372,series
10441,195697034619,brand
10442,195697034619,model_name
10443,195697034619,screen_size
10444,195697034619,color_finish
10445,195697034619,storage_gb
10446,195697034619,cpu_model
10447,195697034619,ram_gb
10448,195697034619,operating_system
10449,195697034619,features
10450,195697034619,gpu_model
10451,195697034619,storage_type
10452,195697034619,camera
10453,195697034619,form_factor
10454,195697034619,gpu_type
10455,195697034619,dimensions
10456,195697034619,ports_io
10457,195697034619,display_resolution
10458,195697034619,display_type
10459,195697034619,touchscreen
10460,195697034619,wireless_connectivity
10461,195697034619,usb_ports
10462,195697034619,number_of_ports
10463,195697034619,hdmi_ports
10464,195697034619,audio_features
10465,195697034619,cpu_series
10466,195697034619,cpu_clock_speed
10467,195697034619,cpu_cores
10468,195697034619,cpu_brand
10469,195697034619,release_year
10470,195697034619,card_reader
10471,195697034619,package_quantity
10472,195697034619,marketplace_metadata
10473,195697034619,asin
10474,195697034619,ram_type
10475,195697034619,ram_speed
10476,195697034619,battery_type
10477,195697034619,battery_life_hr
10478,195697034619,input_device_features
10479,857561008637,cooking_function
10480,810028588981,cooking_function
10481,829486193033,cooking_function
10482,829486292903,cooking_function
10483,829486294327,cooking_function
10484,829486292941,cooking_function
10485,829486196683,cooking_function
10486,829486290299,cooking_function
10487,829486294570,cooking_function
10488,829486290329,cooking_function
10489,829486190926,cooking_function
10490,829486190896,cooking_function
10491,829486191329,cooking_function
10492,829486290237,cooking_function
10493,829486290244,cooking_function
10494,829486290282,cooking_function
10495,622356654944,cooking_function
10496,622356621083,cooking_function
10497,605216638554,cooking_function
10498,787416689172,cooking_function
10499,810123673490,cooking_function
10500,195950852745,connectivity
10501,195950853216,connectivity
10502,195950850864,connectivity
10503,198828898210,connectivity
10504,195950697087,connectivity
10505,199251266874,connectivity
10506,198990291222,connectivity
10507,199485172644,connectivity
10508,198156688347,connectivity
10509,884116483182,connectivity
10510,884116430322,connectivity
10511,197192458518,connectivity
10512,199485472645,connectivity
10513,198153128372,connectivity
10514,199271336601,connectivity
10515,196803504613,connectivity
10516,198153907472,connectivity
10517,810215808472,connectivity
10518,810215807758,connectivity
10519,810210912518,connectivity
10520,884116636861,connectivity
10521,810215808519,connectivity
10522,810210911870,connectivity
10523,810215808441,connectivity
10524,884116483144,connectivity
10525,884116430315,connectivity
10526,427138861509,connectivity
10527,198415330239,connectivity
10528,427138848098,connectivity
10529,810215804047,connectivity
10530,427138861547,connectivity
10531,810215805037,connectivity
10532,810215802661,connectivity
10533,810215806645,connectivity
10534,198990262185,connectivity
10535,197531451583,connectivity
10536,810215800339,connectivity
10537,196801372429,connectivity
10538,199271500187,connectivity
10539,810215800384,connectivity
10540,199393279053,connectivity
10541,810210912570,connectivity
10542,194850007123,connectivity
10543,199251661372,connectivity
10544,810215806607,connectivity
10545,198990145372,connectivity
10546,199393214474,connectivity
10547,198990145341,connectivity
10548,199393268040,connectivity
10549,810210912464,connectivity
10550,198155791086,connectivity
10551,198153733804,connectivity
10552,198155423666,connectivity
10553,884116429333,connectivity
10554,884116652434,connectivity
10555,884116652427,connectivity
10556,884116483175,connectivity
10557,884116430308,connectivity
10558,194253715092,connectivity
10559,195949590849,connectivity
10560,195949121814,connectivity
10561,27242933477,connectivity
10562,194253563846,connectivity
10563,27242930698,connectivity
10564,27242931510,connectivity
10565,27242934184,connectivity
10566,27242923232,connectivity
10567,27242933460,connectivity
10568,27242928688,connectivity
10569,50036411974,connectivity
10570,50036405041,connectivity
10571,50036394925,connectivity
10572,50036390095,connectivity
10573,195951039060,connectivity
10574,195950543698,connectivity
10575,195949688522,connectivity
10576,195949689604,connectivity
10577,50036402392,connectivity
10578,50036414029,connectivity
10579,50036405614,connectivity
10580,50036413794,connectivity
10581,50036401227,connectivity
10582,https://ca.jbl.com/en_CA/wireless-headphones,connectivity
10583,27242934177,connectivity
10584,195949543890,connectivity
10585,194253563624,connectivity
10586,810210910149,connectivity
10587,27242932449,connectivity
10588,27242931817,connectivity
10589,27242930391,connectivity
10590,195949121708,connectivity
10591,810215800421,connectivity
10592,191272620233,connectivity
10593,631209736239,connectivity
10594,614198368554,connectivity
10595,195950851809,connectivity
10596,891523331479,connectivity
10597,195950851335,connectivity
10598,860547049499,connectivity
10599,197497867299,connectivity
10600,199251101175,connectivity
10601,695980281893,connectivity
10602,198156835307,connectivity
10603,884116429562,connectivity
10604,694940018001,connectivity
10605,884116430391,connectivity
10606,695980295593,connectivity
10607,199485902791,connectivity
10608,198990259369,connectivity
10609,196800039439,connectivity
10610,186825442437,connectivity
10611,198155777660,connectivity
10612,706212772260,connectivity
10613,756372060902,connectivity
10614,197192264072,connectivity
10615,198990520773,connectivity
10616,700512038736,connectivity
10617,26541383259,connectivity
10618,196804230948,connectivity
10619,196379312735,connectivity
10620,LEN101I0029,connectivity
10621,706212772277,connectivity
10622,196800581167,connectivity
10623,810215800254,connectivity
10624,198155566653,connectivity
10625,197497073034,connectivity
10626,198990520780,connectivity
10627,193905532834,connectivity
10628,695980289783,connectivity
10629,195697034619,connectivity
10630,810210910149,screen_size
10631,191272620233,screen_size
10632,622356621083,voltage
10633,198990259369,touchscreen
10634,198990259369,display_finish
10635,191272620233,display_type
10636,191272620233,display_finish
10637,191272620233,touchscreen
10638,191272620233,color_gamut
